{
  "type": "FeatureCollection",
  "generator": "overpass-turbo",
  "copyright": "The data included in this document is from www.openstreetmap.org. The data is made available under ODbL.",
  "timestamp": "2026-09-29T09:05:15Z",
  "features": [
    {
      "type": "Feature",
      "properties": {
        "@id": "node/206335199",
        "bus": "yes",
        "highway": "bus_stop",
        "public_transport": "stop_position"
      },
      "geometry": {
        "type": "Point",
        "coordinates": [
          10.1831066,
          36.8181786
        ]
      },
      "id": "node/206335199"
    },
    {
      "type": "Feature",
      "properties": {
        "@id": "node/283599937",
        "name": "محطة البضائع",
        "name:ar": "محطة البضائع",
        "name:en": "Airfreight",
        "railway": "station"
      },
      "geometry": {
        "type": "Point",
        "coordinates": [
          10.2146752,
          36.8366439
        ]
      },
      "id": "node/283599937"
    },
    {
      "type": "Feature",
      "properties": {
        "@id": "node/283636759",
        "light_rail": "yes",
        "name": "تونس البحرية",
        "name:ar": "تونس البحرية",
        "name:en": "Tunis Marine",
        "name:fr": "Tunis Marine",
        "name:zh": "突尼斯滨海",
        "public_transport": "stop_position"
      },
      "geometry": {
        "type": "Point",
        "coordinates": [
          10.1920723,
          36.8007333
        ]
      },
      "id": "node/283636759"
    },
    {
      "type": "Feature",
      "properties": {
        "@id": "node/283642873",
        "light_rail": "yes",
        "name": "قرطاج بيرصة",
        "name:ar": "قرطاج بيرصة",
        "name:en": "Carthage Byrsa",
        "name:fr": "Carthage Byrsa",
        "name:zh": "迦太基比尔萨",
        "public_transport": "stop_position"
      },
      "geometry": {
        "type": "Point",
        "coordinates": [
          10.321828,
          36.8462376
        ]
      },
      "id": "node/283642873"
    },
    {
      "type": "Feature",
      "properties": {
        "@id": "node/283642890",
        "light_rail": "yes",
        "name": "الكرم",
        "name:ar": "الكرم",
        "name:en": "Le Kram",
        "name:fr": "Le Kram",
        "name:zh": "克拉姆",
        "public_transport": "stop_position",
        "railway": "stop"
      },
      "geometry": {
        "type": "Point",
        "coordinates": [
          10.3166429,
          36.8363475
        ]
      },
      "id": "node/283642890"
    },
    {
      "type": "Feature",
      "properties": {
        "@id": "node/283642897",
        "light_rail": "yes",
        "name": "المرسى الجوية",
        "name:ar": "المرسى الجوية",
        "name:en": "L'Aéroport",
        "name:fr": "L'Aéroport",
        "name:zh": "水上航空站",
        "public_transport": "stop_position",
        "railway": "stop"
      },
      "geometry": {
        "type": "Point",
        "coordinates": [
          10.3138521,
          36.8320485
        ]
      },
      "id": "node/283642897"
    },
    {
      "type": "Feature",
      "properties": {
        "@id": "node/283642900",
        "light_rail": "yes",
        "name": "خير الدين",
        "name:ar": "خير الدين",
        "name:en": "Khereddine",
        "name:fr": "Khereddine",
        "name:zh": "海雷丁",
        "public_transport": "stop_position"
      },
      "geometry": {
        "type": "Point",
        "coordinates": [
          10.3115889,
          36.8289457
        ]
      },
      "id": "node/283642900"
    },
    {
      "type": "Feature",
      "properties": {
        "@id": "node/283642912",
        "light_rail": "yes",
        "name": "حلق الوادي الجديد",
        "name:ar": "حلق الوادي الجديد",
        "name:en": "La Goulette Neuve",
        "name:fr": "La Goulette Neuve",
        "name:zh": "新拉古莱特",
        "public_transport": "stop_position",
        "railway": "stop"
      },
      "geometry": {
        "type": "Point",
        "coordinates": [
          10.3056227,
          36.8199481
        ]
      },
      "id": "node/283642912"
    },
    {
      "type": "Feature",
      "properties": {
        "@id": "node/283643998",
        "light_rail": "yes",
        "name": "شاطئ المرسى",
        "name:ar": "شاطئ المرسى",
        "name:en": "La Marsa Plage",
        "name:fr": "La Marsa Plage",
        "name:zh": "马尔萨海滩",
        "public_transport": "stop_position",
        "railway": "stop"
      },
      "geometry": {
        "type": "Point",
        "coordinates": [
          10.3336619,
          36.8828389
        ]
      },
      "id": "node/283643998"
    },
    {
      "type": "Feature",
      "properties": {
        "@id": "node/283644020",
        "light_rail": "yes",
        "name": "الكورنيش",
        "name:ar": "الكورنيش",
        "name:fr": "La Corniche",
        "name:zh": "海滨大道",
        "public_transport": "stop_position",
        "railway": "stop"
      },
      "geometry": {
        "type": "Point",
        "coordinates": [
          10.3392893,
          36.8796931
        ]
      },
      "id": "node/283644020"
    },
    {
      "type": "Feature",
      "properties": {
        "@id": "node/283644053",
        "light_rail": "yes",
        "name": "سيدي الظريف",
        "name:ar": "سيدي الظريف",
        "name:en": "Sidi Dhrif",
        "name:fr": "Sidi Dhrif",
        "name:zh": "西迪德里夫",
        "public_transport": "stop_position",
        "railway": "stop"
      },
      "geometry": {
        "type": "Point",
        "coordinates": [
          10.3397315,
          36.8757574
        ]
      },
      "id": "node/283644053"
    },
    {
      "type": "Feature",
      "properties": {
        "@id": "node/283644112",
        "alt_name:ar": "حلق الوادي القديم",
        "light_rail": "yes",
        "name": "حلق الوادي",
        "name:ar": "حلق الوادي",
        "name:en": "La Goulette",
        "name:fr": "La Goulette",
        "name:zh": "拉古莱特",
        "public_transport": "stop_position",
        "railway": "stop"
      },
      "geometry": {
        "type": "Point",
        "coordinates": [
          10.3019712,
          36.8180476
        ]
      },
      "id": "node/283644112"
    },
    {
      "type": "Feature",
      "properties": {
        "@id": "node/283657391",
        "light_rail": "yes",
        "name": "سيدي بوسعيد",
        "name:ar": "سيدي بوسعيد",
        "name:en": "Sidi Bou Saïd",
        "name:fr": "Sidi Bou Saïd",
        "name:zh": "西迪布塞义德",
        "public_transport": "stop_position",
        "railway": "stop"
      },
      "geometry": {
        "type": "Point",
        "coordinates": [
          10.342069,
          36.8706171
        ]
      },
      "id": "node/283657391"
    },
    {
      "type": "Feature",
      "properties": {
        "@id": "node/283658474",
        "amenity": "ferry_terminal",
        "cargo": "passengers;vehicle",
        "ferry": "yes",
        "public_transport": "stop_position"
      },
      "geometry": {
        "type": "Point",
        "coordinates": [
          10.3046724,
          36.8074276
        ]
      },
      "id": "node/283658474"
    },
    {
      "type": "Feature",
      "properties": {
        "@id": "node/286953142",
        "fixme": "Cette station existe-elle réellement ou est-elle en construction? Elle n'est pas référencée sur RFR ou SNCFT.",
        "railway": "stop"
      },
      "geometry": {
        "type": "Point",
        "coordinates": [
          10.1392405,
          36.8062438
        ]
      },
      "id": "node/286953142"
    },
    {
      "type": "Feature",
      "properties": {
        "@id": "node/286953871",
        "name": "حي الرياض",
        "name:ar": "حي الرياض",
        "name:fr": "Cité Erriadh",
        "public_transport": "stop_position",
        "railway": "stop",
        "tactile_paving": "no",
        "train": "yes"
      },
      "geometry": {
        "type": "Point",
        "coordinates": [
          9.9848517,
          36.8373287
        ]
      },
      "id": "node/286953871"
    },
    {
      "type": "Feature",
      "properties": {
        "@id": "node/288341876",
        "light_rail": "yes",
        "name": "قرطاج صلامبو",
        "name:ar": "قرطاج صلامبو",
        "name:en": "Carthage Salammbô",
        "name:fr": "Carthage Salammbô",
        "name:zh": "迦太基萨朗伯",
        "public_transport": "stop_position",
        "railway": "stop"
      },
      "geometry": {
        "type": "Point",
        "coordinates": [
          10.3191226,
          36.8417002
        ]
      },
      "id": "node/288341876"
    },
    {
      "type": "Feature",
      "properties": {
        "@id": "node/288345246",
        "light_rail": "yes",
        "name": "قرطاج درمش",
        "name:ar": "قرطاج درمش",
        "name:en": "Carthage Dermech",
        "name:fr": "Carthage Dermech",
        "public_transport": "stop_position"
      },
      "geometry": {
        "type": "Point",
        "coordinates": [
          10.325687,
          36.8502042
        ]
      },
      "id": "node/288345246"
    },
    {
      "type": "Feature",
      "properties": {
        "@id": "node/288345501",
        "light_rail": "yes",
        "name": "قرطاج حنبعل",
        "name:ar": "قرطاج حنبعل",
        "name:en": "Carthage Hannibal",
        "name:fr": "Carthage Hannibal",
        "name:zh": "迦太基汉尼拔",
        "operator": "شركة النقل بتونس",
        "public_transport": "stop_position",
        "railway": "stop"
      },
      "geometry": {
        "type": "Point",
        "coordinates": [
          10.3289856,
          36.8535515
        ]
      },
      "id": "node/288345501"
    },
    {
      "type": "Feature",
      "properties": {
        "@id": "node/288550478",
        "light_rail": "yes",
        "name": "قرطاج أميلكار",
        "name:ar": "قرطاج أميلكار",
        "name:en": "Carthage Amilcar",
        "name:fr": "Carthage Amilcar",
        "name:zh": "迦太基阿米尔卡",
        "public_transport": "stop_position",
        "railway": "stop"
      },
      "geometry": {
        "type": "Point",
        "coordinates": [
          10.3375063,
          36.8666207
        ]
      },
      "id": "node/288550478"
    },
    {
      "type": "Feature",
      "properties": {
        "@id": "node/318594461",
        "light_rail": "yes",
        "name": "ساحة الجمهورية",
        "name:ar": "ساحة الجمهورية",
        "name:fr": "Place de la République",
        "public_transport": "stop_position",
        "railway": "stop"
      },
      "geometry": {
        "type": "Point",
        "coordinates": [
          10.1806771,
          36.8065037
        ]
      },
      "id": "node/318594461"
    },
    {
      "type": "Feature",
      "properties": {
        "@id": "node/329964303",
        "bus": "yes",
        "highway": "bus_stop",
        "public_transport": "platform"
      },
      "geometry": {
        "type": "Point",
        "coordinates": [
          10.1801354,
          36.7514788
        ]
      },
      "id": "node/329964303"
    },
    {
      "type": "Feature",
      "properties": {
        "@id": "node/369687928",
        "bus": "yes",
        "highway": "bus_stop",
        "public_transport": "stop_position"
      },
      "geometry": {
        "type": "Point",
        "coordinates": [
          10.1792127,
          36.8219026
        ]
      },
      "id": "node/369687928"
    },
    {
      "type": "Feature",
      "properties": {
        "@id": "node/402089990",
        "light_rail": "yes",
        "name": "حرم الجامعة",
        "name:ar": "حرم الجامعة",
        "name:fr": "Campus",
        "public_transport": "stop_position"
      },
      "geometry": {
        "type": "Point",
        "coordinates": [
          10.1439761,
          36.8260288
        ]
      },
      "id": "node/402089990"
    },
    {
      "type": "Feature",
      "properties": {
        "@id": "node/402090002",
        "light_rail": "yes",
        "name": "الرمانة",
        "name:ar": "الرمانة",
        "name:en": "Rommana",
        "name:fr": "Rommana",
        "operator": "شركة النقل بتونس",
        "public_transport": "stop_position",
        "railway": "stop"
      },
      "geometry": {
        "type": "Point",
        "coordinates": [
          10.1509055,
          36.8235332
        ]
      },
      "id": "node/402090002"
    },
    {
      "type": "Feature",
      "properties": {
        "@id": "node/402094607",
        "light_rail": "yes",
        "name": "14 يناير 2011",
        "name:ar": "14 يناير 2011",
        "name:fr": "14 Janvier 2011",
        "public_transport": "stop_position"
      },
      "geometry": {
        "type": "Point",
        "coordinates": [
          10.1399608,
          36.8228704
        ]
      },
      "id": "node/402094607"
    },
    {
      "type": "Feature",
      "properties": {
        "@id": "node/616142063",
        "light_rail": "yes",
        "name": "ساحة الجمهورية",
        "name:ar": "ساحة الجمهورية",
        "name:fr": "Place de la République",
        "public_transport": "stop_position",
        "railway": "stop"
      },
      "geometry": {
        "type": "Point",
        "coordinates": [
          10.1807651,
          36.8064901
        ]
      },
      "id": "node/616142063"
    },
    {
      "type": "Feature",
      "properties": {
        "@id": "node/621885652",
        "light_rail": "yes",
        "name": "13 أوت",
        "name:ar": "13 أوت",
        "name:fr": "13 Août",
        "public_transport": "stop_position",
        "railway": "stop"
      },
      "geometry": {
        "type": "Point",
        "coordinates": [
          10.1792206,
          36.7751039
        ]
      },
      "id": "node/621885652"
    },
    {
      "type": "Feature",
      "properties": {
        "@id": "node/621885691",
        "light_rail": "yes",
        "name": "الوردية 6",
        "name:ar": "الوردية 6",
        "name:fr": "El Ouardia 6",
        "public_transport": "stop_position",
        "railway": "stop"
      },
      "geometry": {
        "type": "Point",
        "coordinates": [
          10.199077,
          36.7541953
        ]
      },
      "id": "node/621885691"
    },
    {
      "type": "Feature",
      "properties": {
        "@id": "node/621885709",
        "light_rail": "yes",
        "name": "حي النور",
        "name:ar": "حي النور",
        "name:fr": "Cité Ennour",
        "public_transport": "stop_position",
        "railway": "stop"
      },
      "geometry": {
        "type": "Point",
        "coordinates": [
          10.2047197,
          36.7514712
        ]
      },
      "id": "node/621885709"
    },
    {
      "type": "Feature",
      "properties": {
        "@id": "node/621885811",
        "light_rail": "yes",
        "name": "بن عروس",
        "name:ar": "بن عروس",
        "name:fr": "Ben Arous",
        "public_transport": "stop_position",
        "railway": "stop"
      },
      "geometry": {
        "type": "Point",
        "coordinates": [
          10.2202882,
          36.755381
        ]
      },
      "id": "node/621885811"
    },
    {
      "type": "Feature",
      "properties": {
        "@id": "node/633618265",
        "bus": "yes",
        "highway": "bus_stop",
        "name": "الانطلاقة",
        "name:ar": "الانطلاقة",
        "public_transport": "platform"
      },
      "geometry": {
        "type": "Point",
        "coordinates": [
          10.1171616,
          36.8399217
        ]
      },
      "id": "node/633618265"
    },
    {
      "type": "Feature",
      "properties": {
        "@id": "node/633618318",
        "light_rail": "yes",
        "name": "الحي الرياضي",
        "name:ar": "الحي الرياضي",
        "name:fr": "Cité Sportive",
        "public_transport": "stop_position",
        "railway": "stop"
      },
      "geometry": {
        "type": "Point",
        "coordinates": [
          10.1819368,
          36.8385056
        ]
      },
      "id": "node/633618318"
    },
    {
      "type": "Feature",
      "properties": {
        "@id": "node/634993918",
        "light_rail": "yes",
        "name": "المروج 2",
        "name:ar": "المروج 2",
        "name:fr": "El Mourouj 2",
        "public_transport": "stop_position",
        "railway": "stop",
        "ref": "Ligne 6"
      },
      "geometry": {
        "type": "Point",
        "coordinates": [
          10.1977541,
          36.7421209
        ]
      },
      "id": "node/634993918"
    },
    {
      "type": "Feature",
      "properties": {
        "@id": "node/634993937",
        "light_rail": "yes",
        "name": "الغزالي",
        "name:ar": "الغزالي",
        "name:fr": "Ghazeli",
        "public_transport": "stop_position",
        "railway": "stop"
      },
      "geometry": {
        "type": "Point",
        "coordinates": [
          10.1876444,
          36.7546239
        ]
      },
      "id": "node/634993937"
    },
    {
      "type": "Feature",
      "properties": {
        "@id": "node/635336721",
        "bus": "yes",
        "highway": "bus_stop",
        "public_transport": "platform"
      },
      "geometry": {
        "type": "Point",
        "coordinates": [
          10.106315,
          36.8332476
        ]
      },
      "id": "node/635336721"
    },
    {
      "type": "Feature",
      "properties": {
        "@id": "node/661316493",
        "light_rail": "yes",
        "name": "حي الخضراء",
        "name:ar": "حي الخضراء",
        "name:fr": "Cité El Khadra",
        "public_transport": "stop_position",
        "railway": "station",
        "ref": "Ligne 2, 12"
      },
      "geometry": {
        "type": "Point",
        "coordinates": [
          10.1903688,
          36.8291875
        ]
      },
      "id": "node/661316493"
    },
    {
      "type": "Feature",
      "properties": {
        "@id": "node/665517222",
        "bus": "yes",
        "highway": "bus_stop",
        "name": "tus 7 city naser",
        "public_transport": "platform"
      },
      "geometry": {
        "type": "Point",
        "coordinates": [
          10.1064813,
          36.8334236
        ]
      },
      "id": "node/665517222"
    },
    {
      "type": "Feature",
      "properties": {
        "@id": "node/708687557",
        "light_rail": "yes",
        "name": "شارع 20 مارس",
        "name:ar": "شارع 20 مارس",
        "name:fr": "Boulevard 20 Mars",
        "public_transport": "stop_position",
        "railway": "stop"
      },
      "geometry": {
        "type": "Point",
        "coordinates": [
          10.1433129,
          36.8082746
        ]
      },
      "id": "node/708687557"
    },
    {
      "type": "Feature",
      "properties": {
        "@id": "node/974490535",
        "light_rail": "yes",
        "name": "الاستقلال",
        "name:ar": "الاستقلال",
        "name:fr": "L'Indépendance",
        "public_transport": "stop_position"
      },
      "geometry": {
        "type": "Point",
        "coordinates": [
          10.195897,
          36.8543939
        ]
      },
      "id": "node/974490535"
    },
    {
      "type": "Feature",
      "properties": {
        "@id": "node/974490536",
        "light_rail": "yes",
        "name": "مدينة العلوم",
        "name:ar": "مدينة العلوم",
        "name:fr": "Cité des sciences",
        "old_name": "الفل",
        "old_name:ar": "الفل",
        "old_name:fr": "El Fell",
        "public_transport": "stop_position",
        "railway": "stop",
        "source:name": "https://www.transtu.tn/fr/article/0091-changement-du-nom-de-station"
      },
      "geometry": {
        "type": "Point",
        "coordinates": [
          10.1923551,
          36.8469995
        ]
      },
      "id": "node/974490536"
    },
    {
      "type": "Feature",
      "properties": {
        "@id": "node/974490565",
        "light_rail": "yes",
        "name": "أريانة",
        "name:ar": "أريانة",
        "name:en": "Ariana",
        "name:fr": "Ariana",
        "public_transport": "stop_position",
        "railway": "stop"
      },
      "geometry": {
        "type": "Point",
        "coordinates": [
          10.1974538,
          36.8597649
        ]
      },
      "id": "node/974490565"
    },
    {
      "type": "Feature",
      "properties": {
        "@id": "node/974490567",
        "alt_name:ar": "10 كانون الأول 1984",
        "light_rail": "yes",
        "name": "10 ديسمبر 1984",
        "name:ar": "10 ديسمبر 1984",
        "name:fr": "10 Décembre 1948",
        "public_transport": "stop_position",
        "railway": "stop"
      },
      "geometry": {
        "type": "Point",
        "coordinates": [
          10.184034,
          36.8442684
        ]
      },
      "id": "node/974490567"
    },
    {
      "type": "Feature",
      "properties": {
        "@id": "node/989561047",
        "bus": "yes",
        "name": "Place de l'Indépendance",
        "name:fr": "La Place de l`Indépendance",
        "public_transport": "stop_position"
      },
      "geometry": {
        "type": "Point",
        "coordinates": [
          10.3031155,
          36.9065289
        ]
      },
      "id": "node/989561047"
    },
    {
      "type": "Feature",
      "properties": {
        "@id": "node/1012663963",
        "name": "Terminus Lingne 63",
        "public_transport": "stop_position"
      },
      "geometry": {
        "type": "Point",
        "coordinates": [
          10.1934408,
          36.8855082
        ]
      },
      "id": "node/1012663963"
    },
    {
      "type": "Feature",
      "properties": {
        "@id": "node/1037170496",
        "light_rail": "yes",
        "name": "الانطلاقة",
        "name:ar": "الانطلاقة",
        "name:fr": "Intilaka",
        "public_transport": "stop_position",
        "railway": "stop"
      },
      "geometry": {
        "type": "Point",
        "coordinates": [
          10.1170755,
          36.8392158
        ]
      },
      "id": "node/1037170496"
    },
    {
      "type": "Feature",
      "properties": {
        "@id": "node/1038257425",
        "bus": "yes",
        "highway": "bus_stop",
        "name": "Omran Sup",
        "public_transport": "platform"
      },
      "geometry": {
        "type": "Point",
        "coordinates": [
          10.129553,
          36.8346269
        ]
      },
      "id": "node/1038257425"
    },
    {
      "type": "Feature",
      "properties": {
        "@id": "node/1080014206",
        "light_rail": "yes",
        "name": "البكالوريا",
        "name:ar": "البكالوريا",
        "name:en": "Le Bac",
        "name:fr": "Le Bac",
        "public_transport": "stop_position",
        "railway": "stop"
      },
      "geometry": {
        "type": "Point",
        "coordinates": [
          10.2923683,
          36.8142409
        ]
      },
      "id": "node/1080014206"
    },
    {
      "type": "Feature",
      "properties": {
        "@id": "node/1080014547",
        "light_rail": "yes",
        "name": "تونس البحرية",
        "name:ar": "تونس البحرية تيجيام",
        "name:es": "Túnez Marina",
        "name:fr": "Tunis Marine",
        "public_transport": "stop_position",
        "railway": "stop"
      },
      "geometry": {
        "type": "Point",
        "coordinates": [
          10.1927363,
          36.8001496
        ]
      },
      "id": "node/1080014547"
    },
    {
      "type": "Feature",
      "properties": {
        "@id": "node/1080014618",
        "light_rail": "yes",
        "name": "حلق الوادي الكازينو",
        "name:ar": "حلق الوادي الكازينو",
        "name:en": "La Goulette Casino",
        "name:fr": "La Goulette Casino",
        "name:zh": "拉古莱特赌城",
        "public_transport": "stop_position",
        "railway": "stop"
      },
      "geometry": {
        "type": "Point",
        "coordinates": [
          10.3086997,
          36.824241
        ]
      },
      "id": "node/1080014618"
    },
    {
      "type": "Feature",
      "properties": {
        "@id": "node/1080016835",
        "light_rail": "yes",
        "name": "تونس البحرية",
        "name:ar": "تونس البحرية",
        "name:es": "Túnez Marina",
        "name:fr": "Tunis Marine",
        "public_transport": "stop_position",
        "railway": "stop"
      },
      "geometry": {
        "type": "Point",
        "coordinates": [
          10.1928386,
          36.8001631
        ]
      },
      "id": "node/1080016835"
    },
    {
      "type": "Feature",
      "properties": {
        "@id": "node/1080016948",
        "light_rail": "yes",
        "name": "تونس البحرية",
        "name:ar": "تونس البحرية",
        "name:es": "Túnez Marina",
        "name:fr": "Tunis Marine",
        "public_transport": "stop_position",
        "railway": "stop"
      },
      "geometry": {
        "type": "Point",
        "coordinates": [
          10.1929513,
          36.8001813
        ]
      },
      "id": "node/1080016948"
    },
    {
      "type": "Feature",
      "properties": {
        "@id": "node/1080023232",
        "light_rail": "yes",
        "name": "تونس البحرية",
        "name:ar": "تونس البحرية",
        "name:es": "Túnez Marina",
        "name:fr": "Tunis Marine",
        "public_transport": "stop_position",
        "railway": "stop"
      },
      "geometry": {
        "type": "Point",
        "coordinates": [
          10.1928869,
          36.8001657
        ]
      },
      "id": "node/1080023232"
    },
    {
      "type": "Feature",
      "properties": {
        "@id": "node/1080746440",
        "light_rail": "yes",
        "name": "قرطاج بيرصة",
        "name:ar": "قرطاج بيرصة",
        "name:en": "Carthage Byrsa",
        "name:fr": "Carthage Byrsa",
        "name:zh": "迦太基比尔萨",
        "public_transport": "stop_position"
      },
      "geometry": {
        "type": "Point",
        "coordinates": [
          10.3218527,
          36.8462235
        ]
      },
      "id": "node/1080746440"
    },
    {
      "type": "Feature",
      "properties": {
        "@id": "node/1080749590",
        "addr:city": "تونس",
        "amenity": "bus_station",
        "bus": "yes",
        "name": "محطة تونس البحرية",
        "name:ar": "محطة تونس البحرية",
        "name:fr": "Station Tunis Marine",
        "operator": "TransTu",
        "public_transport": "station"
      },
      "geometry": {
        "type": "Point",
        "coordinates": [
          10.190424,
          36.800319
        ]
      },
      "id": "node/1080749590"
    },
    {
      "type": "Feature",
      "properties": {
        "@id": "node/1081025261",
        "light_rail": "yes",
        "name": "قرطاج درمش",
        "name:ar": "قرطاج درمش",
        "name:en": "Carthage Dermech",
        "name:fr": "Carthage Dermech",
        "name:zh": "迦太基德美什",
        "public_transport": "stop_position"
      },
      "geometry": {
        "type": "Point",
        "coordinates": [
          10.3257067,
          36.8501912
        ]
      },
      "id": "node/1081025261"
    },
    {
      "type": "Feature",
      "properties": {
        "@id": "node/1081028205",
        "light_rail": "yes",
        "name": "قرطاج أميلكار",
        "name:ar": "قرطاج أميلكار",
        "name:en": "Carthage Amilcar",
        "name:fr": "Carthage Amilcar",
        "name:zh": "迦太基阿米尔卡",
        "public_transport": "stop_position",
        "railway": "stop"
      },
      "geometry": {
        "type": "Point",
        "coordinates": [
          10.3375208,
          36.8666078
        ]
      },
      "id": "node/1081028205"
    },
    {
      "type": "Feature",
      "properties": {
        "@id": "node/1081029754",
        "light_rail": "yes",
        "name": "حلق الوادي الجديد",
        "name:ar": "حلق الوادي الجديد",
        "name:en": "La Goulette Neuve",
        "name:fr": "La Goulette Neuve",
        "name:zh": "新拉古莱特",
        "public_transport": "stop_position",
        "railway": "stop"
      },
      "geometry": {
        "type": "Point",
        "coordinates": [
          10.3056478,
          36.8199282
        ]
      },
      "id": "node/1081029754"
    },
    {
      "type": "Feature",
      "properties": {
        "@id": "node/1081030979",
        "light_rail": "yes",
        "name": "قرطاج الرئاسة",
        "name:ar": "قرطاج الرئاسة",
        "name:en": "Carthage Présidence",
        "name:fr": "Carthage Présidence",
        "name:zh": "迦太基总统府",
        "public_transport": "stop_position",
        "railway": "stop"
      },
      "geometry": {
        "type": "Point",
        "coordinates": [
          10.3350411,
          36.8616606
        ]
      },
      "id": "node/1081030979"
    },
    {
      "type": "Feature",
      "properties": {
        "@id": "node/1081032642",
        "light_rail": "yes",
        "name": "البطاح",
        "name:ar": "البطاح",
        "name:en": "Le Bac",
        "name:fr": "Le Bac",
        "public_transport": "stop_position",
        "railway": "stop"
      },
      "geometry": {
        "type": "Point",
        "coordinates": [
          10.2923845,
          36.8142103
        ]
      },
      "id": "node/1081032642"
    },
    {
      "type": "Feature",
      "properties": {
        "@id": "node/1081032902",
        "light_rail": "yes",
        "name": "حلق الوادي الكازينو",
        "name:ar": "حلق الوادي الكازينو",
        "name:en": "La Goulette Casino",
        "name:fr": "La Goulette Casino",
        "name:zh": "拉古莱特赌城",
        "public_transport": "stop_position",
        "railway": "stop"
      },
      "geometry": {
        "type": "Point",
        "coordinates": [
          10.3087272,
          36.8242367
        ]
      },
      "id": "node/1081032902"
    },
    {
      "type": "Feature",
      "properties": {
        "@id": "node/1081033539",
        "light_rail": "yes",
        "name": "الكورنيش",
        "name:ar": "الكورنيش",
        "name:fr": "La Corniche",
        "name:zh": "海滨大道",
        "public_transport": "stop_position",
        "railway": "stop"
      },
      "geometry": {
        "type": "Point",
        "coordinates": [
          10.3393193,
          36.8797084
        ]
      },
      "id": "node/1081033539"
    },
    {
      "type": "Feature",
      "properties": {
        "@id": "node/1081034733",
        "light_rail": "yes",
        "name": "المرسى الجوية",
        "name:ar": "المرسى الجوية",
        "name:en": "L'Aéroport",
        "name:fr": "L'Aéroport",
        "name:zh": "水上航空站",
        "public_transport": "stop_position",
        "railway": "stop"
      },
      "geometry": {
        "type": "Point",
        "coordinates": [
          10.3138868,
          36.8320351
        ]
      },
      "id": "node/1081034733"
    },
    {
      "type": "Feature",
      "properties": {
        "@id": "node/1081038676",
        "light_rail": "yes",
        "name": "سيدي الظريف",
        "name:ar": "سيدي الظريف",
        "name:en": "Sidi Dhrif",
        "name:fr": "Sidi Dhrif",
        "name:zh": "西迪德里夫",
        "public_transport": "stop_position",
        "railway": "stop"
      },
      "geometry": {
        "type": "Point",
        "coordinates": [
          10.3397544,
          36.8757602
        ]
      },
      "id": "node/1081038676"
    },
    {
      "type": "Feature",
      "properties": {
        "@id": "node/1081042562",
        "light_rail": "yes",
        "name": "خير الدين",
        "name:ar": "خير الدين",
        "name:en": "Khereddine",
        "name:fr": "Khereddine",
        "name:zh": "海雷丁",
        "public_transport": "stop_position"
      },
      "geometry": {
        "type": "Point",
        "coordinates": [
          10.3116212,
          36.8289257
        ]
      },
      "id": "node/1081042562"
    },
    {
      "type": "Feature",
      "properties": {
        "@id": "node/1081045152",
        "light_rail": "yes",
        "name": "الكرم",
        "name:ar": "الكرم",
        "name:en": "Le Kram",
        "name:fr": "Le Kram",
        "name:zh": "克拉姆",
        "public_transport": "stop_position",
        "railway": "stop"
      },
      "geometry": {
        "type": "Point",
        "coordinates": [
          10.3166731,
          36.8363381
        ]
      },
      "id": "node/1081045152"
    },
    {
      "type": "Feature",
      "properties": {
        "@id": "node/1081045362",
        "light_rail": "yes",
        "name": "قرطاج حنبعل",
        "name:ar": "قرطاج حنبعل",
        "name:en": "Carthage Hannibal",
        "name:fr": "Carthage Hannibal",
        "name:zh": "迦太基汉尼拔",
        "operator": "شركة النقل بتونس",
        "public_transport": "stop_position",
        "railway": "stop"
      },
      "geometry": {
        "type": "Point",
        "coordinates": [
          10.3290049,
          36.8535409
        ]
      },
      "id": "node/1081045362"
    },
    {
      "type": "Feature",
      "properties": {
        "@id": "node/1081047342",
        "alt_name:ar": "حلق الوادي القديم",
        "light_rail": "yes",
        "name": "حلق الوادي",
        "name:ar": "حلق الوادي",
        "name:en": "La Goulette",
        "name:fr": "La Goulette",
        "name:zh": "拉古莱特",
        "public_transport": "stop_position",
        "railway": "stop"
      },
      "geometry": {
        "type": "Point",
        "coordinates": [
          10.301982,
          36.8180284
        ]
      },
      "id": "node/1081047342"
    },
    {
      "type": "Feature",
      "properties": {
        "@id": "node/1081048012",
        "light_rail": "yes",
        "name": "قرطاج صلامبو",
        "name:ar": "قرطاج صلامبو",
        "name:en": "Carthage Salammbô",
        "name:fr": "Carthage Salammbô",
        "name:zh": "迦太基萨朗伯",
        "public_transport": "stop_position",
        "railway": "stop"
      },
      "geometry": {
        "type": "Point",
        "coordinates": [
          10.319158,
          36.8416919
        ]
      },
      "id": "node/1081048012"
    },
    {
      "type": "Feature",
      "properties": {
        "@id": "node/1081048392",
        "light_rail": "yes",
        "name": "سيدي بوسعيد",
        "name:ar": "سيدي بوسعيد",
        "name:en": "Sidi Bou Saïd",
        "name:fr": "Sidi Bou Saïd",
        "name:zh": "西迪布塞义德",
        "public_transport": "stop_position",
        "railway": "stop"
      },
      "geometry": {
        "type": "Point",
        "coordinates": [
          10.3421033,
          36.8706121
        ]
      },
      "id": "node/1081048392"
    },
    {
      "type": "Feature",
      "properties": {
        "@id": "node/1081050665",
        "light_rail": "yes",
        "name": "قرطاج الرئاسة",
        "name:ar": "قرطاج الرئاسة",
        "name:en": "Carthage Présidence",
        "name:fr": "Carthage Présidence",
        "name:zh": "迦太基总统府",
        "public_transport": "stop_position",
        "railway": "stop"
      },
      "geometry": {
        "type": "Point",
        "coordinates": [
          10.3350089,
          36.8616699
        ]
      },
      "id": "node/1081050665"
    },
    {
      "type": "Feature",
      "properties": {
        "@id": "node/1089665035",
        "light_rail": "yes",
        "name": "محمد الخامس",
        "name:ar": "محمد الخامس",
        "name:de": "Muhammad al-Chamis",
        "name:en": "Muhammad Al Khamis",
        "name:fr": "Mohamed V",
        "operator": "شركة النقل بتونس",
        "public_transport": "stop_position",
        "wheelchair": "no"
      },
      "geometry": {
        "type": "Point",
        "coordinates": [
          10.1832074,
          36.8159357
        ]
      },
      "id": "node/1089665035"
    },
    {
      "type": "Feature",
      "properties": {
        "@id": "node/1094476124",
        "light_rail": "yes",
        "name": "فرحات حشاد",
        "name:ar": "فرحات حشاد",
        "name:fr": "Farhat Hached",
        "public_transport": "stop_position"
      },
      "geometry": {
        "type": "Point",
        "coordinates": [
          10.1860991,
          36.7978781
        ]
      },
      "id": "node/1094476124"
    },
    {
      "type": "Feature",
      "properties": {
        "@id": "node/1094476493",
        "access": "disabled",
        "light_rail": "yes",
        "name": "ابن رشيق",
        "name:ar": "ابن رشيق",
        "name:es": "Ibn Rashíq",
        "name:fr": "Ibn Rachiq",
        "opening_hours": "closed",
        "public_transport": "stop_position",
        "railway": "halt",
        "ref": "2;3;4;5"
      },
      "geometry": {
        "type": "Point",
        "coordinates": [
          10.1811981,
          36.8007997
        ]
      },
      "id": "node/1094476493"
    },
    {
      "type": "Feature",
      "properties": {
        "@id": "node/1094483039",
        "light_rail": "yes",
        "name": "ساحة برشلونة",
        "name:ar": "ساحة برشلونة",
        "name:en": "Place de Barcelone",
        "name:fr": "Place de Barcelone",
        "operator": "TransTu",
        "public_transport": "stop_position",
        "railway": "stop",
        "route_ref": "2;3;4;5;12;14"
      },
      "geometry": {
        "type": "Point",
        "coordinates": [
          10.1797387,
          36.7965524
        ]
      },
      "id": "node/1094483039"
    },
    {
      "type": "Feature",
      "properties": {
        "@id": "node/1094498822",
        "light_rail": "yes",
        "name": "أبو القاسم الشابي",
        "name:ar": "أبو القاسم الشابي",
        "name:etymology": "أبو القاسم الشابي",
        "name:etymology:wikidata": "Q335543",
        "name:etymology:wikipedia": "ar:أبو القاسم الشابي",
        "name:fr": "Abou El Kacem Echebbi",
        "public_transport": "stop_position",
        "railway": "stop"
      },
      "geometry": {
        "type": "Point",
        "coordinates": [
          10.2147638,
          36.7524406
        ]
      },
      "id": "node/1094498822"
    },
    {
      "type": "Feature",
      "properties": {
        "@id": "node/1094503260",
        "light_rail": "yes",
        "name": "محمد علي",
        "name:ar": "محمد علي",
        "name:fr": "Mohammed Ali",
        "public_transport": "stop_position",
        "railway": "stop"
      },
      "geometry": {
        "type": "Point",
        "coordinates": [
          10.1840138,
          36.7677544
        ]
      },
      "id": "node/1094503260"
    },
    {
      "type": "Feature",
      "properties": {
        "@id": "node/1094507510",
        "light_rail": "yes",
        "name": "باب عليوة",
        "name:ar": "باب عليوة",
        "name:fr": "Bab Alioua",
        "public_transport": "stop_position",
        "railway": "stop"
      },
      "geometry": {
        "type": "Point",
        "coordinates": [
          10.1798353,
          36.7857592
        ]
      },
      "id": "node/1094507510"
    },
    {
      "type": "Feature",
      "properties": {
        "@id": "node/1094508140",
        "light_rail": "yes",
        "name": "ابن سينا",
        "name:ar": "ابن سينا",
        "name:etymology": "ابن سينا",
        "name:etymology:wikidata": "Q8011",
        "name:etymology:wikipedia": "ar:ابن سينا",
        "name:fr": "Ibn Sina",
        "public_transport": "stop_position",
        "railway": "stop"
      },
      "geometry": {
        "type": "Point",
        "coordinates": [
          10.193947,
          36.754253
        ]
      },
      "id": "node/1094508140"
    },
    {
      "type": "Feature",
      "properties": {
        "@id": "node/1094510272",
        "light_rail": "yes",
        "name": "ساحة برشلونة",
        "name:ar": "ساحة برشلونة",
        "name:en": "Place de Barcelone",
        "name:fr": "Place de Barcelone",
        "operator": "TransTu",
        "public_transport": "stop_position",
        "railway": "stop",
        "route_ref": "2;3;4;5;12;14"
      },
      "geometry": {
        "type": "Point",
        "coordinates": [
          10.1798181,
          36.7965587
        ]
      },
      "id": "node/1094510272"
    },
    {
      "type": "Feature",
      "properties": {
        "@id": "node/1094511110",
        "light_rail": "yes",
        "name": "ساحة برشلونة",
        "name:ar": "ساحة برشلونة",
        "name:fr": "Place de Barcelone",
        "public_transport": "stop_position",
        "railway": "stop",
        "route_ref": "1;6"
      },
      "geometry": {
        "type": "Point",
        "coordinates": [
          10.1805756,
          36.7960276
        ]
      },
      "id": "node/1094511110"
    },
    {
      "type": "Feature",
      "properties": {
        "@id": "node/1094892860",
        "light_rail": "yes",
        "name": "ساحة الجمهورية",
        "name:ar": "ساحة الجمهورية",
        "name:fr": "Place de la République",
        "public_transport": "stop_position",
        "railway": "stop"
      },
      "geometry": {
        "type": "Point",
        "coordinates": [
          10.1809386,
          36.806471
        ]
      },
      "id": "node/1094892860"
    },
    {
      "type": "Feature",
      "properties": {
        "@id": "node/1094902351",
        "light_rail": "yes",
        "name": "فلسطين",
        "name:ar": "فلسطين",
        "name:fr": "Palestine",
        "public_transport": "stop_position",
        "railway": "station",
        "wheelchair": "no"
      },
      "geometry": {
        "type": "Point",
        "coordinates": [
          10.1821782,
          36.8202175
        ]
      },
      "id": "node/1094902351"
    },
    {
      "type": "Feature",
      "properties": {
        "@id": "node/1094907123",
        "light_rail": "yes",
        "name": "نيلسون مانديلا",
        "name:ar": "نيلسون مانديلا",
        "name:fr": "Nelson Mandela",
        "public_transport": "stop_position",
        "railway": "stop"
      },
      "geometry": {
        "type": "Point",
        "coordinates": [
          10.182524,
          36.8111041
        ]
      },
      "id": "node/1094907123"
    },
    {
      "type": "Feature",
      "properties": {
        "@id": "node/1094910245",
        "light_rail": "yes",
        "name": "ساحة الجمهورية",
        "name:ar": "ساحة الجمهورية",
        "name:fr": "Place de la République",
        "public_transport": "stop_position",
        "railway": "stop"
      },
      "geometry": {
        "type": "Point",
        "coordinates": [
          10.1808621,
          36.806487
        ]
      },
      "id": "node/1094910245"
    },
    {
      "type": "Feature",
      "properties": {
        "@id": "node/1094910475",
        "light_rail": "yes",
        "name": "ساحة برشلونة",
        "name:ar": "ساحة برشلونة",
        "name:en": "Place de Barcelone",
        "name:fr": "Place de Barcelone",
        "public_transport": "stop_position",
        "railway": "stop",
        "route_ref": "1;6"
      },
      "geometry": {
        "type": "Point",
        "coordinates": [
          10.180336,
          36.7961192
        ]
      },
      "id": "node/1094910475"
    },
    {
      "type": "Feature",
      "properties": {
        "@id": "node/1094912328",
        "light_rail": "yes",
        "name": "محمد مناشو",
        "name:ar": "محمد مناشو",
        "name:fr": "Mohamed Manachou",
        "public_transport": "stop_position",
        "railway": "stop"
      },
      "geometry": {
        "type": "Point",
        "coordinates": [
          10.1798622,
          36.7820794
        ]
      },
      "id": "node/1094912328"
    },
    {
      "type": "Feature",
      "properties": {
        "@id": "node/1094915522",
        "light_rail": "yes",
        "name": "الحدائق",
        "name:ar": "الحدائق",
        "name:fr": "Station Les Jardins",
        "public_transport": "stop_position",
        "railway": "station"
      },
      "geometry": {
        "type": "Point",
        "coordinates": [
          10.1855858,
          36.8235202
        ]
      },
      "id": "node/1094915522"
    },
    {
      "type": "Feature",
      "properties": {
        "@id": "node/1094915850",
        "light_rail": "yes",
        "name": "فلسطين",
        "name:ar": "فلسطين",
        "name:fr": "Palestine",
        "public_transport": "stop_position",
        "railway": "halt"
      },
      "geometry": {
        "type": "Point",
        "coordinates": [
          10.1810005,
          36.8191024
        ]
      },
      "id": "node/1094915850"
    },
    {
      "type": "Feature",
      "properties": {
        "@id": "node/1094916324",
        "light_rail": "yes",
        "name": "الشباب",
        "name:ar": "الشباب",
        "name:fr": "La Jeunesse",
        "public_transport": "stop_position",
        "railway": "stop"
      },
      "geometry": {
        "type": "Point",
        "coordinates": [
          10.182764,
          36.8332638
        ]
      },
      "id": "node/1094916324"
    },
    {
      "type": "Feature",
      "properties": {
        "@id": "node/1095144771",
        "light_rail": "yes",
        "name": "باب الخضراء",
        "name:ar": "باب الخضراء",
        "name:fr": "Bab El Khadra",
        "public_transport": "stop_position",
        "railway": "stop"
      },
      "geometry": {
        "type": "Point",
        "coordinates": [
          10.1724969,
          36.8102543
        ]
      },
      "id": "node/1095144771"
    },
    {
      "type": "Feature",
      "properties": {
        "@id": "node/1095145544",
        "light_rail": "yes",
        "name": "باب سعدون",
        "name:ar": "باب سعدون",
        "name:fr": "Bab Saadoun",
        "public_transport": "stop_position",
        "railway": "stop"
      },
      "geometry": {
        "type": "Point",
        "coordinates": [
          10.1619725,
          36.8098119
        ]
      },
      "id": "node/1095145544"
    },
    {
      "type": "Feature",
      "properties": {
        "@id": "node/1095145955",
        "light_rail": "yes",
        "name": "حبيب ثامر",
        "name:ar": "حبيب ثامر",
        "name:fr": "Habib Thameur",
        "note": "Le tramway ne marque plus l'arrêt à cet endroit (Mars 2019)",
        "public_transport": "stop_position",
        "railway": "halt",
        "ref": "Ligne 2, 3, 4, 5"
      },
      "geometry": {
        "type": "Point",
        "coordinates": [
          10.1789112,
          36.8019689
        ]
      },
      "id": "node/1095145955"
    },
    {
      "type": "Feature",
      "properties": {
        "@id": "node/1095146383",
        "light_rail": "yes",
        "name": "ابن خلدون",
        "name:ar": "ابن خلدون",
        "name:en": "Ibn Khaldoun",
        "name:fr": "Ibn Khaldoun",
        "public_transport": "stop_position"
      },
      "geometry": {
        "type": "Point",
        "coordinates": [
          10.1341888,
          36.8307244
        ]
      },
      "id": "node/1095146383"
    },
    {
      "type": "Feature",
      "properties": {
        "@id": "node/1095146413",
        "light_rail": "yes",
        "name": "الياسمين",
        "name:ar": "الياسمين",
        "name:fr": "Les Jasmins",
        "operator": "شركة النقل بتونس",
        "public_transport": "stop_position"
      },
      "geometry": {
        "type": "Point",
        "coordinates": [
          10.1346168,
          36.8258356
        ]
      },
      "id": "node/1095146413"
    },
    {
      "type": "Feature",
      "properties": {
        "@id": "node/1095146616",
        "light_rail": "yes",
        "name": "مفتاح سعد الله",
        "name:ar": "مفتاح سعد الله",
        "name:en": "Mefteh Saadallah",
        "name:fr": "Meftah Saadallah",
        "public_transport": "stop_position",
        "railway": "stop"
      },
      "geometry": {
        "type": "Point",
        "coordinates": [
          10.1562883,
          36.81307
        ]
      },
      "id": "node/1095146616"
    },
    {
      "type": "Feature",
      "properties": {
        "@id": "node/1095146798",
        "light_rail": "yes",
        "name": "باب العسل",
        "name:ar": "باب العسل",
        "name:fr": "Bab El Assel",
        "public_transport": "station",
        "railway": "station",
        "wheelchair": "yes"
      },
      "geometry": {
        "type": "Point",
        "coordinates": [
          10.1681698,
          36.8132931
        ]
      },
      "id": "node/1095146798"
    },
    {
      "type": "Feature",
      "properties": {
        "@id": "node/1095326595",
        "light_rail": "yes",
        "name": "شارع 20 مارس",
        "name:ar": "شارع 20 مارس",
        "name:fr": "Boulevard 20 Mars",
        "public_transport": "stop_position",
        "railway": "stop"
      },
      "geometry": {
        "type": "Point",
        "coordinates": [
          10.1424126,
          36.8083303
        ]
      },
      "id": "node/1095326595"
    },
    {
      "type": "Feature",
      "properties": {
        "@id": "node/1095326890",
        "light_rail": "yes",
        "name": "الدندان",
        "name:ar": "الدندان",
        "name:en": "Den Den",
        "name:fr": "Den Den",
        "operator": "شركة النقل بتونس",
        "public_transport": "stop_position"
      },
      "geometry": {
        "type": "Point",
        "coordinates": [
          10.1107693,
          36.8022281
        ]
      },
      "id": "node/1095326890"
    },
    {
      "type": "Feature",
      "properties": {
        "@id": "node/1095327238",
        "light_rail": "yes",
        "name": "التحرير",
        "name:ar": "التحرير",
        "name:en": "Ettahrir",
        "name:fr": "Ettahrir",
        "operator": "شركة النقل بتونس",
        "public_transport": "stop_position"
      },
      "geometry": {
        "type": "Point",
        "coordinates": [
          10.128676,
          36.8290965
        ]
      },
      "id": "node/1095327238"
    },
    {
      "type": "Feature",
      "properties": {
        "@id": "node/1095327585",
        "light_rail": "yes",
        "name": "باردو",
        "name:ar": "باردو",
        "name:en": "Le Bardo",
        "name:fr": "Le Bardo",
        "public_transport": "stop_position"
      },
      "geometry": {
        "type": "Point",
        "coordinates": [
          10.1352244,
          36.8071978
        ]
      },
      "id": "node/1095327585"
    },
    {
      "type": "Feature",
      "properties": {
        "@id": "node/1095327902",
        "light_rail": "yes",
        "name": "بوشوشة",
        "name:ar": "بوشوشة",
        "name:fr": "Bouchoucha",
        "public_transport": "stop_position",
        "railway": "stop"
      },
      "geometry": {
        "type": "Point",
        "coordinates": [
          10.1481343,
          36.8089979
        ]
      },
      "id": "node/1095327902"
    },
    {
      "type": "Feature",
      "properties": {
        "@id": "node/1095328526",
        "light_rail": "yes",
        "name": "السعيدية",
        "name:ar": "السعيدية",
        "name:en": "Essaida",
        "name:fr": "Essaida",
        "network": "المترو الخفيف لمدينة تونس",
        "public_transport": "stop_position"
      },
      "geometry": {
        "type": "Point",
        "coordinates": [
          10.1267114,
          36.8053933
        ]
      },
      "id": "node/1095328526"
    },
    {
      "type": "Feature",
      "properties": {
        "@id": "node/1095328655",
        "light_rail": "yes",
        "name": "بوشوشة",
        "name:ar": "بوشوشة",
        "name:fr": "Bouchoucha",
        "public_transport": "stop_position",
        "railway": "stop"
      },
      "geometry": {
        "type": "Point",
        "coordinates": [
          10.1502824,
          36.8095175
        ]
      },
      "id": "node/1095328655"
    },
    {
      "type": "Feature",
      "properties": {
        "@id": "node/1095328792",
        "light_rail": "yes",
        "name": "Ettadhamen",
        "public_transport": "stop_position"
      },
      "geometry": {
        "type": "Point",
        "coordinates": [
          10.117696,
          36.8357249
        ]
      },
      "id": "node/1095328792"
    },
    {
      "type": "Feature",
      "properties": {
        "@id": "node/1095328814",
        "light_rail": "yes",
        "name": "صناعات تقليدية",
        "name:ar": "صناعات تقليدية",
        "name:fr": "L'Artisanat",
        "public_transport": "stop_position"
      },
      "geometry": {
        "type": "Point",
        "coordinates": [
          10.1160165,
          36.8029164
        ]
      },
      "id": "node/1095328814"
    },
    {
      "type": "Feature",
      "properties": {
        "@id": "node/1095328908",
        "light_rail": "yes",
        "name": "خزندار",
        "name:ar": "خزندار",
        "name:fr": "Khasnadar",
        "public_transport": "stop_position"
      },
      "geometry": {
        "type": "Point",
        "coordinates": [
          10.1217398,
          36.8041615
        ]
      },
      "id": "node/1095328908"
    },
    {
      "type": "Feature",
      "properties": {
        "@id": "node/1095697116",
        "light_rail": "yes",
        "name": "المنتزه",
        "name:ar": "المنتزه",
        "name:fr": "El Montazah",
        "public_transport": "stop_position",
        "railway": "stop"
      },
      "geometry": {
        "type": "Point",
        "coordinates": [
          10.1935379,
          36.7429495
        ]
      },
      "id": "node/1095697116"
    },
    {
      "type": "Feature",
      "properties": {
        "@id": "node/1095697169",
        "light_rail": "yes",
        "name": "البيئة",
        "name:ar": "البيئة",
        "name:fr": "Environnement",
        "public_transport": "stop_position",
        "railway": "stop"
      },
      "geometry": {
        "type": "Point",
        "coordinates": [
          10.2103757,
          36.7331604
        ]
      },
      "id": "node/1095697169"
    },
    {
      "type": "Feature",
      "properties": {
        "@id": "node/1095697397",
        "light_rail": "yes",
        "name": "المنتزه",
        "name:ar": "المنتزه",
        "name:fr": "El Montazah",
        "public_transport": "stop_position",
        "railway": "stop"
      },
      "geometry": {
        "type": "Point",
        "coordinates": [
          10.1935151,
          36.7428793
        ]
      },
      "id": "node/1095697397"
    },
    {
      "type": "Feature",
      "properties": {
        "@id": "node/1095697593",
        "light_rail": "yes",
        "name": "الحي البلدي",
        "name:ar": "الحي البلدي",
        "name:fr": "Cité Municipale",
        "public_transport": "stop_position",
        "railway": "stop"
      },
      "geometry": {
        "type": "Point",
        "coordinates": [
          10.188721,
          36.7484477
        ]
      },
      "id": "node/1095697593"
    },
    {
      "type": "Feature",
      "properties": {
        "@id": "node/1095697614",
        "light_rail": "yes",
        "name": "المروج 4",
        "name:ar": "المروج 4",
        "name:fr": "El Mourouj 4",
        "public_transport": "stop_position",
        "railway": "stop"
      },
      "geometry": {
        "type": "Point",
        "coordinates": [
          10.2164438,
          36.7198017
        ]
      },
      "id": "node/1095697614"
    },
    {
      "type": "Feature",
      "properties": {
        "@id": "node/1095697751",
        "light_rail": "yes",
        "name": "المنتزه",
        "name:ar": "المنتزه",
        "name:fr": "El Montazah",
        "public_transport": "stop_position",
        "railway": "stop"
      },
      "geometry": {
        "type": "Point",
        "coordinates": [
          10.1935042,
          36.7428474
        ]
      },
      "id": "node/1095697751"
    },
    {
      "type": "Feature",
      "properties": {
        "@id": "node/1095698025",
        "light_rail": "yes",
        "name": "النسري",
        "name:ar": "النسري",
        "name:fr": "Ennesri",
        "public_transport": "stop_position",
        "railway": "stop"
      },
      "geometry": {
        "type": "Point",
        "coordinates": [
          10.1904477,
          36.7450544
        ]
      },
      "id": "node/1095698025"
    },
    {
      "type": "Feature",
      "properties": {
        "@id": "node/1095698182",
        "light_rail": "yes",
        "name": "الشهداء",
        "name:ar": "الشهداء",
        "name:fr": "Martyrs",
        "public_transport": "stop_position",
        "railway": "stop"
      },
      "geometry": {
        "type": "Point",
        "coordinates": [
          10.2121468,
          36.7235807
        ]
      },
      "id": "node/1095698182"
    },
    {
      "type": "Feature",
      "properties": {
        "@id": "node/1095698207",
        "light_rail": "yes",
        "name": "الطاهر حداد",
        "name:ar": "الطاهر حداد",
        "name:fr": "Tahar Haddad",
        "public_transport": "stop_position",
        "railway": "stop"
      },
      "geometry": {
        "type": "Point",
        "coordinates": [
          10.1869998,
          36.7607445
        ]
      },
      "id": "node/1095698207"
    },
    {
      "type": "Feature",
      "properties": {
        "@id": "node/1095698228",
        "light_rail": "yes",
        "name": "المروج 3",
        "name:ar": "المروج 3",
        "name:fr": "El Mourouj 3",
        "public_transport": "stop_position",
        "railway": "stop"
      },
      "geometry": {
        "type": "Point",
        "coordinates": [
          10.2107535,
          36.7287221
        ]
      },
      "id": "node/1095698228"
    },
    {
      "type": "Feature",
      "properties": {
        "@id": "node/1095698921",
        "light_rail": "yes",
        "name": "المروج 1",
        "name:ar": "المروج 1",
        "name:fr": "El Mourouj 1",
        "public_transport": "stop_position",
        "railway": "stop"
      },
      "geometry": {
        "type": "Point",
        "coordinates": [
          10.2065771,
          36.7384935
        ]
      },
      "id": "node/1095698921"
    },
    {
      "type": "Feature",
      "properties": {
        "@id": "node/1096180634",
        "bus": "yes",
        "highway": "bus_stop",
        "public_transport": "stop_position"
      },
      "geometry": {
        "type": "Point",
        "coordinates": [
          10.1781843,
          36.820839
        ]
      },
      "id": "node/1096180634"
    },
    {
      "type": "Feature",
      "properties": {
        "@id": "node/1103531608",
        "bus": "yes",
        "highway": "bus_stop",
        "public_transport": "stop_position"
      },
      "geometry": {
        "type": "Point",
        "coordinates": [
          10.1774164,
          36.8042359
        ]
      },
      "id": "node/1103531608"
    },
    {
      "type": "Feature",
      "properties": {
        "@id": "node/1146894385",
        "bus": "yes",
        "highway": "bus_stop",
        "name": "514 اريانة",
        "name:ar": "514 اريانة",
        "public_transport": "platform"
      },
      "geometry": {
        "type": "Point",
        "coordinates": [
          10.1064397,
          36.8333545
        ]
      },
      "id": "node/1146894385"
    },
    {
      "type": "Feature",
      "properties": {
        "@id": "node/1146894481",
        "addr:city": "تونس",
        "addr:city:ar": "تونس",
        "light_rail": "yes",
        "name": "تونس البحرية",
        "name:ar": "تونس البحرية",
        "name:en": "Tunis Marine",
        "name:fr": "Tunis Marine",
        "name:zh": "突尼斯滨海",
        "public_transport": "stop_position",
        "railway": "stop"
      },
      "geometry": {
        "type": "Point",
        "coordinates": [
          10.1920861,
          36.8006415
        ]
      },
      "id": "node/1146894481"
    },
    {
      "type": "Feature",
      "properties": {
        "@id": "node/1146894683",
        "bus": "yes",
        "highway": "bus_stop",
        "name": "3d (محطة علي بلهوان)",
        "public_transport": "platform"
      },
      "geometry": {
        "type": "Point",
        "coordinates": [
          10.1063472,
          36.8332884
        ]
      },
      "id": "node/1146894683"
    },
    {
      "type": "Feature",
      "properties": {
        "@id": "node/1162550675",
        "bus": "yes",
        "highway": "bus_stop",
        "public_transport": "stop_position"
      },
      "geometry": {
        "type": "Point",
        "coordinates": [
          10.1980638,
          36.8592017
        ]
      },
      "id": "node/1162550675"
    },
    {
      "type": "Feature",
      "properties": {
        "@id": "node/1183577041",
        "bus": "yes",
        "highway": "bus_stop",
        "public_transport": "stop_position"
      },
      "geometry": {
        "type": "Point",
        "coordinates": [
          10.1831735,
          36.8182157
        ]
      },
      "id": "node/1183577041"
    },
    {
      "type": "Feature",
      "properties": {
        "@id": "node/1195329123",
        "addr:city": "رادس",
        "name": "رادس",
        "name:ar": "رادس",
        "name:fr": "Radès",
        "public_transport": "station",
        "railway": "station",
        "stop_id": "146Y"
      },
      "geometry": {
        "type": "Point",
        "coordinates": [
          10.2704839,
          36.7685947
        ]
      },
      "id": "node/1195329123"
    },
    {
      "type": "Feature",
      "properties": {
        "@id": "node/1203111942",
        "name": "برج السدرية",
        "name:ar": "برج السدرية",
        "name:en": "Borj Cédria",
        "name:fr": "Borj Cédria",
        "public_transport": "stop_position",
        "railway": "stop",
        "train": "yes"
      },
      "geometry": {
        "type": "Point",
        "coordinates": [
          10.3975979,
          36.7036486
        ]
      },
      "id": "node/1203111942"
    },
    {
      "type": "Feature",
      "properties": {
        "@id": "node/1203240634",
        "name": "حمام الأنف",
        "name:ar": "حمام الأنف",
        "name:fr": "Hammam-Lif",
        "public_transport": "stop_position",
        "railway": "stop",
        "train": "yes"
      },
      "geometry": {
        "type": "Point",
        "coordinates": [
          10.3346963,
          36.7294199
        ]
      },
      "id": "node/1203240634"
    },
    {
      "type": "Feature",
      "properties": {
        "@id": "node/1203241792",
        "railway": "stop"
      },
      "geometry": {
        "type": "Point",
        "coordinates": [
          10.317834,
          36.7391914
        ]
      },
      "id": "node/1203241792"
    },
    {
      "type": "Feature",
      "properties": {
        "@id": "node/1203242133",
        "name": "الطاهر صفر",
        "name:ar": "الطاهر صفر",
        "public_transport": "stop_position",
        "railway": "stop",
        "train": "yes"
      },
      "geometry": {
        "type": "Point",
        "coordinates": [
          10.3595291,
          36.717722
        ]
      },
      "id": "node/1203242133"
    },
    {
      "type": "Feature",
      "properties": {
        "@id": "node/1203242384",
        "railway": "stop"
      },
      "geometry": {
        "type": "Point",
        "coordinates": [
          10.3239444,
          36.7348477
        ]
      },
      "id": "node/1203242384"
    },
    {
      "type": "Feature",
      "properties": {
        "@id": "node/1203242879",
        "name": "حمام الأنف",
        "name:ar": "حمام الأنف",
        "name:fr": "Hammam-Lif",
        "public_transport": "stop_position",
        "railway": "stop",
        "train": "yes"
      },
      "geometry": {
        "type": "Point",
        "coordinates": [
          10.3346716,
          36.7293926
        ]
      },
      "id": "node/1203242879"
    },
    {
      "type": "Feature",
      "properties": {
        "@id": "node/1203244981",
        "railway": "stop"
      },
      "geometry": {
        "type": "Point",
        "coordinates": [
          10.3178013,
          36.7391648
        ]
      },
      "id": "node/1203244981"
    },
    {
      "type": "Feature",
      "properties": {
        "@id": "node/1203244999",
        "name": "الرياض",
        "name:ar": "الرياض",
        "name:en": "Erriadh",
        "name:fr": "Erriadh",
        "public_transport": "stop_position",
        "railway": "stop",
        "train": "yes"
      },
      "geometry": {
        "type": "Point",
        "coordinates": [
          10.4150707,
          36.699432
        ]
      },
      "id": "node/1203244999"
    },
    {
      "type": "Feature",
      "properties": {
        "@id": "node/1203245387",
        "name": "الطاهر صفر",
        "name:ar": "الطاهر صفر",
        "public_transport": "stop_position",
        "railway": "stop",
        "train": "yes"
      },
      "geometry": {
        "type": "Point",
        "coordinates": [
          10.3595035,
          36.7176925
        ]
      },
      "id": "node/1203245387"
    },
    {
      "type": "Feature",
      "properties": {
        "@id": "node/1203245578",
        "railway": "stop"
      },
      "geometry": {
        "type": "Point",
        "coordinates": [
          10.3239097,
          36.7348206
        ]
      },
      "id": "node/1203245578"
    },
    {
      "type": "Feature",
      "properties": {
        "@id": "node/1203245733",
        "name": "حمام الأنف",
        "name:ar": "حمام الأنف",
        "name:fr": "Hammam-Lif",
        "public_transport": "stop_position",
        "railway": "stop",
        "train": "yes"
      },
      "geometry": {
        "type": "Point",
        "coordinates": [
          10.3346377,
          36.7293265
        ]
      },
      "id": "node/1203245733"
    },
    {
      "type": "Feature",
      "properties": {
        "@id": "node/1203245972",
        "name": "حمام الأنف",
        "name:ar": "حمام الأنف",
        "name:fr": "Hammam-Lif",
        "public_transport": "stop_position",
        "railway": "stop",
        "train": "yes"
      },
      "geometry": {
        "type": "Point",
        "coordinates": [
          10.3346183,
          36.7292955
        ]
      },
      "id": "node/1203245972"
    },
    {
      "type": "Feature",
      "properties": {
        "@id": "node/1203247118",
        "name": "حمام الشط",
        "name:ar": "حمام الشط",
        "public_transport": "stop_position",
        "railway": "stop",
        "train": "yes"
      },
      "geometry": {
        "type": "Point",
        "coordinates": [
          10.3700502,
          36.7134536
        ]
      },
      "id": "node/1203247118"
    },
    {
      "type": "Feature",
      "properties": {
        "@id": "node/1203247434",
        "name": "حمام الأنف",
        "name:ar": "حمام الأنف",
        "name:fr": "Hammam-Lif",
        "public_transport": "stop_position",
        "railway": "stop",
        "train": "yes"
      },
      "geometry": {
        "type": "Point",
        "coordinates": [
          10.3345827,
          36.7292387
        ]
      },
      "id": "node/1203247434"
    },
    {
      "type": "Feature",
      "properties": {
        "@id": "node/1203247830",
        "railway": "stop"
      },
      "geometry": {
        "type": "Point",
        "coordinates": [
          10.3178976,
          36.7392452
        ]
      },
      "id": "node/1203247830"
    },
    {
      "type": "Feature",
      "properties": {
        "@id": "node/1203247904",
        "name": "حمام الأنف",
        "name:ar": "حمام الأنف",
        "name:fr": "Hammam-Lif",
        "public_transport": "stop_position",
        "railway": "stop",
        "train": "yes"
      },
      "geometry": {
        "type": "Point",
        "coordinates": [
          10.3347362,
          36.7294835
        ]
      },
      "id": "node/1203247904"
    },
    {
      "type": "Feature",
      "properties": {
        "@id": "node/1203248491",
        "name": "الرياض",
        "name:ar": "الرياض",
        "name:en": "Erriadh",
        "name:fr": "Erriadh",
        "public_transport": "stop_position",
        "railway": "stop",
        "train": "yes"
      },
      "geometry": {
        "type": "Point",
        "coordinates": [
          10.4150957,
          36.6995169
        ]
      },
      "id": "node/1203248491"
    },
    {
      "type": "Feature",
      "properties": {
        "@id": "node/1203249116",
        "name": "حمام الشط",
        "name:ar": "حمام الشط",
        "public_transport": "stop_position",
        "railway": "stop",
        "train": "yes"
      },
      "geometry": {
        "type": "Point",
        "coordinates": [
          10.37003,
          36.7134194
        ]
      },
      "id": "node/1203249116"
    },
    {
      "type": "Feature",
      "properties": {
        "@id": "node/1203250041",
        "railway": "stop"
      },
      "geometry": {
        "type": "Point",
        "coordinates": [
          10.3240083,
          36.7348977
        ]
      },
      "id": "node/1203250041"
    },
    {
      "type": "Feature",
      "properties": {
        "@id": "node/1215899441",
        "bus": "yes",
        "highway": "bus_stop",
        "local_ref": "Ligne 19",
        "name": "Terminus Mégrine Coteaux",
        "public_transport": "platform"
      },
      "geometry": {
        "type": "Point",
        "coordinates": [
          10.2318093,
          36.7707065
        ]
      },
      "id": "node/1215899441"
    },
    {
      "type": "Feature",
      "properties": {
        "@id": "node/1215899497",
        "bus": "yes",
        "highway": "bus_stop",
        "public_transport": "platform"
      },
      "geometry": {
        "type": "Point",
        "coordinates": [
          10.2415233,
          36.767623
        ]
      },
      "id": "node/1215899497"
    },
    {
      "type": "Feature",
      "properties": {
        "@id": "node/1252659917",
        "bench": "yes",
        "bus": "yes",
        "departures_board": "no",
        "highway": "bus_stop",
        "name": "ساحة البرشلونة",
        "name:ar": "ساحة البرشلونة",
        "name:en": "Place Barcelone",
        "name:fr": "Place de Barcelone",
        "network": "Bus de Barcelona",
        "operator": "TransTu",
        "public_transport": "platform",
        "shelter": "yes"
      },
      "geometry": {
        "type": "Point",
        "coordinates": [
          10.180252,
          36.7971177
        ]
      },
      "id": "node/1252659917"
    },
    {
      "type": "Feature",
      "properties": {
        "@id": "node/1309986086",
        "name": "Jedeida",
        "name:fr": "Jedeida",
        "public_transport": "stop_position",
        "railway": "stop",
        "train": "yes"
      },
      "geometry": {
        "type": "Point",
        "coordinates": [
          9.9332681,
          36.8508953
        ]
      },
      "id": "node/1309986086"
    },
    {
      "type": "Feature",
      "properties": {
        "@id": "node/1316641715",
        "name": "بئر الباي",
        "name:ar": "بئر الباي",
        "railway": "stop"
      },
      "geometry": {
        "type": "Point",
        "coordinates": [
          10.3784533,
          36.710432
        ]
      },
      "id": "node/1316641715"
    },
    {
      "type": "Feature",
      "properties": {
        "@id": "node/1316642523",
        "railway": "stop"
      },
      "geometry": {
        "type": "Point",
        "coordinates": [
          10.2843098,
          36.7631168
        ]
      },
      "id": "node/1316642523"
    },
    {
      "type": "Feature",
      "properties": {
        "@id": "node/1316642595",
        "name": "برج السدرية",
        "name:ar": "برج السدرية",
        "name:en": "Borj Cédria",
        "name:fr": "Borj Cédria",
        "public_transport": "stop_position",
        "railway": "stop",
        "train": "yes"
      },
      "geometry": {
        "type": "Point",
        "coordinates": [
          10.3975249,
          36.7035169
        ]
      },
      "id": "node/1316642595"
    },
    {
      "type": "Feature",
      "properties": {
        "@id": "node/1316642624",
        "name": "برج السدرية",
        "name:ar": "برج السدرية",
        "name:en": "Borj Cédria",
        "name:fr": "Borj Cédria",
        "public_transport": "stop_position",
        "railway": "stop",
        "train": "yes"
      },
      "geometry": {
        "type": "Point",
        "coordinates": [
          10.3975801,
          36.7036166
        ]
      },
      "id": "node/1316642624"
    },
    {
      "type": "Feature",
      "properties": {
        "@id": "node/1316643002",
        "railway": "stop"
      },
      "geometry": {
        "type": "Point",
        "coordinates": [
          10.2842261,
          36.7630179
        ]
      },
      "id": "node/1316643002"
    },
    {
      "type": "Feature",
      "properties": {
        "@id": "node/1316643504",
        "name": "بئر الباي",
        "name:ar": "بئر الباي",
        "railway": "stop"
      },
      "geometry": {
        "type": "Point",
        "coordinates": [
          10.3784334,
          36.7103985
        ]
      },
      "id": "node/1316643504"
    },
    {
      "type": "Feature",
      "properties": {
        "@id": "node/1316645835",
        "name": "برج السدرية",
        "name:ar": "برج السدرية",
        "name:en": "Borj Cédria",
        "name:fr": "Borj Cédria",
        "public_transport": "stop_position",
        "railway": "stop",
        "train": "yes"
      },
      "geometry": {
        "type": "Point",
        "coordinates": [
          10.3975449,
          36.703553
        ]
      },
      "id": "node/1316645835"
    },
    {
      "type": "Feature",
      "properties": {
        "@id": "node/1316645841",
        "railway": "stop"
      },
      "geometry": {
        "type": "Point",
        "coordinates": [
          10.2842578,
          36.7630511
        ]
      },
      "id": "node/1316645841"
    },
    {
      "type": "Feature",
      "properties": {
        "@id": "node/1347154239",
        "bench": "yes",
        "bin": "no",
        "bus": "yes",
        "highway": "bus_stop",
        "public_transport": "platform",
        "shelter": "yes"
      },
      "geometry": {
        "type": "Point",
        "coordinates": [
          10.398515,
          36.7028258
        ]
      },
      "id": "node/1347154239"
    },
    {
      "type": "Feature",
      "properties": {
        "@id": "node/1367084928",
        "addr:city": "تونس",
        "addr:city:ar": "تونس",
        "amenity": "ferry_terminal",
        "cargo": "passengers;vehicle",
        "ferry": "yes",
        "name": "تونس",
        "name:ar": "تونس",
        "name:en": "Tunis",
        "name:fr": "Tunis",
        "public_transport": "stop_position"
      },
      "geometry": {
        "type": "Point",
        "coordinates": [
          10.3005044,
          36.8099967
        ]
      },
      "id": "node/1367084928"
    },
    {
      "type": "Feature",
      "properties": {
        "@id": "node/1367085267",
        "addr:city": "تونس",
        "addr:city:ar": "تونس",
        "amenity": "ferry_terminal",
        "cargo": "passengers;vehicle",
        "ferry": "yes",
        "name": "تونس",
        "name:ar": "تونس",
        "name:en": "Tunis",
        "name:fr": "Tunis",
        "public_transport": "stop_position"
      },
      "geometry": {
        "type": "Point",
        "coordinates": [
          10.3001571,
          36.8102085
        ]
      },
      "id": "node/1367085267"
    },
    {
      "type": "Feature",
      "properties": {
        "@id": "node/1383084348",
        "bench": "no",
        "bin": "no",
        "bus": "yes",
        "highway": "bus_stop",
        "lit": "yes",
        "local_ref": "19, 19A",
        "name": "مقرين الرياض",
        "name:ar": "مقرين الرياض",
        "name:fr": "Mégrine Riadh",
        "public_transport": "platform",
        "shelter": "no"
      },
      "geometry": {
        "type": "Point",
        "coordinates": [
          10.2200072,
          36.7683292
        ]
      },
      "id": "node/1383084348"
    },
    {
      "type": "Feature",
      "properties": {
        "@id": "node/1410196340",
        "bus": "yes",
        "highway": "bus_stop",
        "name": "Mégrine Jawhara 1",
        "public_transport": "platform"
      },
      "geometry": {
        "type": "Point",
        "coordinates": [
          10.2282783,
          36.7761834
        ]
      },
      "id": "node/1410196340"
    },
    {
      "type": "Feature",
      "properties": {
        "@id": "node/1410196341",
        "bus": "yes",
        "highway": "bus_stop",
        "name": "19 ج",
        "name:ar": "19 ج",
        "name:en": "19 E",
        "public_transport": "platform"
      },
      "geometry": {
        "type": "Point",
        "coordinates": [
          10.2251133,
          36.7762393
        ]
      },
      "id": "node/1410196341"
    },
    {
      "type": "Feature",
      "properties": {
        "@id": "node/1410196343",
        "bus": "yes",
        "highway": "bus_stop",
        "name": "19 ج",
        "name:ar": "19 ج",
        "name:en": "19 E",
        "public_transport": "platform"
      },
      "geometry": {
        "type": "Point",
        "coordinates": [
          10.2256176,
          36.7762135
        ]
      },
      "id": "node/1410196343"
    },
    {
      "type": "Feature",
      "properties": {
        "@id": "node/1410196351",
        "bus": "yes",
        "highway": "bus_stop",
        "name": "Mégrine Jawhara 1",
        "public_transport": "platform"
      },
      "geometry": {
        "type": "Point",
        "coordinates": [
          10.228112,
          36.7758051
        ]
      },
      "id": "node/1410196351"
    },
    {
      "type": "Feature",
      "properties": {
        "@id": "node/1436699038",
        "name": "Jedeida",
        "name:fr": "Jedeida",
        "public_transport": "stop_position",
        "railway": "stop",
        "train": "yes"
      },
      "geometry": {
        "type": "Point",
        "coordinates": [
          9.9332452,
          36.8507763
        ]
      },
      "id": "node/1436699038"
    },
    {
      "type": "Feature",
      "properties": {
        "@id": "node/1436699055",
        "name": "Jedeida",
        "name:fr": "Jedeida",
        "public_transport": "stop_position",
        "railway": "stop",
        "train": "yes"
      },
      "geometry": {
        "type": "Point",
        "coordinates": [
          9.9332523,
          36.8508123
        ]
      },
      "id": "node/1436699055"
    },
    {
      "type": "Feature",
      "properties": {
        "@id": "node/1624366235",
        "bus": "yes",
        "highway": "bus_stop",
        "name": "Marsa Mode",
        "operator": "Transtu",
        "public_transport": "platform"
      },
      "geometry": {
        "type": "Point",
        "coordinates": [
          10.3100062,
          36.8694121
        ]
      },
      "id": "node/1624366235"
    },
    {
      "type": "Feature",
      "properties": {
        "@id": "node/1624366236",
        "bench": "yes",
        "bus": "yes",
        "highway": "bus_stop",
        "name": "سيدي داود 1",
        "name:ar": "سيدي داود 1",
        "name:fr": "Sidi Daoud 1",
        "operator": "Transtu",
        "public_transport": "platform",
        "ref": "20",
        "shelter": "yes"
      },
      "geometry": {
        "type": "Point",
        "coordinates": [
          10.2998796,
          36.8650925
        ]
      },
      "id": "node/1624366236"
    },
    {
      "type": "Feature",
      "properties": {
        "@id": "node/1624366237",
        "bench": "yes",
        "bus": "yes",
        "highway": "bus_stop",
        "name": "سيدي داود 2",
        "name:ar": "سيدي داود 2",
        "name:fr": "Sidi Daoud 2",
        "operator": "Transtu",
        "public_transport": "platform",
        "ref": "20",
        "shelter": "yes"
      },
      "geometry": {
        "type": "Point",
        "coordinates": [
          10.3002609,
          36.8649138
        ]
      },
      "id": "node/1624366237"
    },
    {
      "type": "Feature",
      "properties": {
        "@id": "node/1625961071",
        "amenity": "bus_station",
        "name": "Gammarth",
        "public_transport": "platform",
        "ref": "20B; 247"
      },
      "geometry": {
        "type": "Point",
        "coordinates": [
          10.302863,
          36.9064741
        ]
      },
      "id": "node/1625961071"
    },
    {
      "type": "Feature",
      "properties": {
        "@id": "node/1625961406",
        "bench": "yes",
        "bus": "yes",
        "highway": "bus_stop",
        "public_transport": "platform",
        "shelter": "yes"
      },
      "geometry": {
        "type": "Point",
        "coordinates": [
          10.3144088,
          36.914445
        ]
      },
      "id": "node/1625961406"
    },
    {
      "type": "Feature",
      "properties": {
        "@id": "node/1625961420",
        "bench": "yes",
        "bus": "yes",
        "highway": "bus_stop",
        "public_transport": "platform",
        "shelter": "yes"
      },
      "geometry": {
        "type": "Point",
        "coordinates": [
          10.3145781,
          36.9146222
        ]
      },
      "id": "node/1625961420"
    },
    {
      "type": "Feature",
      "properties": {
        "@id": "node/1668047217",
        "light_rail": "yes",
        "name": "الكبارية",
        "name:ar": "الكبارية",
        "name:fr": "El Kabaria",
        "public_transport": "stop_position",
        "railway": "stop",
        "ref": "1"
      },
      "geometry": {
        "type": "Point",
        "coordinates": [
          10.190527,
          36.7598733
        ]
      },
      "id": "node/1668047217"
    },
    {
      "type": "Feature",
      "properties": {
        "@id": "node/1706547578",
        "name": "Mannouba",
        "public_transport": "stop_position",
        "train": "yes"
      },
      "geometry": {
        "type": "Point",
        "coordinates": [
          10.1002205,
          36.8161884
        ]
      },
      "id": "node/1706547578"
    },
    {
      "type": "Feature",
      "properties": {
        "@id": "node/1767404517",
        "amenity": "bus_station",
        "bus": "yes",
        "public_transport": "station"
      },
      "geometry": {
        "type": "Point",
        "coordinates": [
          10.1912544,
          36.857637
        ]
      },
      "id": "node/1767404517"
    },
    {
      "type": "Feature",
      "properties": {
        "@id": "node/1827051883",
        "light_rail": "yes",
        "name": "منوبة",
        "name:ar": "منوبة",
        "name:en": "Manouba",
        "name:fr": "Manouba‬‬",
        "operator": "شركة النقل بتونس",
        "public_transport": "stop_position",
        "railway": "stop"
      },
      "geometry": {
        "type": "Point",
        "coordinates": [
          10.1025957,
          36.8020612
        ]
      },
      "id": "node/1827051883"
    },
    {
      "type": "Feature",
      "properties": {
        "@id": "node/1827051937",
        "light_rail": "yes",
        "name": "منوبة",
        "name:ar": "منوبة",
        "name:en": "Manouba",
        "name:fr": "Manouba‬‬",
        "operator": "شركة النقل بتونس",
        "public_transport": "stop_position",
        "railway": "stop"
      },
      "geometry": {
        "type": "Point",
        "coordinates": [
          10.1026608,
          36.8020967
        ]
      },
      "id": "node/1827051937"
    },
    {
      "type": "Feature",
      "properties": {
        "@id": "node/1827137612",
        "light_rail": "yes",
        "name": "صناعات تقليدية",
        "name:ar": "صناعات تقليدية",
        "name:fr": "L'Artisanat",
        "public_transport": "stop_position"
      },
      "geometry": {
        "type": "Point",
        "coordinates": [
          10.1160213,
          36.8028771
        ]
      },
      "id": "node/1827137612"
    },
    {
      "type": "Feature",
      "properties": {
        "@id": "node/1828956386",
        "bus": "yes",
        "highway": "bus_stop",
        "public_transport": "platform"
      },
      "geometry": {
        "type": "Point",
        "coordinates": [
          10.1884161,
          36.8590558
        ]
      },
      "id": "node/1828956386"
    },
    {
      "type": "Feature",
      "properties": {
        "@id": "node/1828956387",
        "bus": "yes",
        "highway": "bus_stop",
        "public_transport": "platform"
      },
      "geometry": {
        "type": "Point",
        "coordinates": [
          10.1856159,
          36.8654079
        ]
      },
      "id": "node/1828956387"
    },
    {
      "type": "Feature",
      "properties": {
        "@id": "node/1831389824",
        "bus": "yes",
        "highway": "bus_stop",
        "public_transport": "platform"
      },
      "geometry": {
        "type": "Point",
        "coordinates": [
          10.1877639,
          36.855831
        ]
      },
      "id": "node/1831389824"
    },
    {
      "type": "Feature",
      "properties": {
        "@id": "node/1831389826",
        "bus": "yes",
        "highway": "bus_stop",
        "public_transport": "platform"
      },
      "geometry": {
        "type": "Point",
        "coordinates": [
          10.1881394,
          36.857256
        ]
      },
      "id": "node/1831389826"
    },
    {
      "type": "Feature",
      "properties": {
        "@id": "node/1831389828",
        "bus": "yes",
        "highway": "bus_stop",
        "public_transport": "platform"
      },
      "geometry": {
        "type": "Point",
        "coordinates": [
          10.1880965,
          36.8556936
        ]
      },
      "id": "node/1831389828"
    },
    {
      "type": "Feature",
      "properties": {
        "@id": "node/1843259386",
        "railway": "stop"
      },
      "geometry": {
        "type": "Point",
        "coordinates": [
          10.4611861,
          36.6250816
        ]
      },
      "id": "node/1843259386"
    },
    {
      "type": "Feature",
      "properties": {
        "@id": "node/1843259635",
        "railway": "stop"
      },
      "geometry": {
        "type": "Point",
        "coordinates": [
          10.4465751,
          36.6690526
        ]
      },
      "id": "node/1843259635"
    },
    {
      "type": "Feature",
      "properties": {
        "@id": "node/1886249306",
        "bus": "yes",
        "highway": "bus_stop",
        "public_transport": "platform"
      },
      "geometry": {
        "type": "Point",
        "coordinates": [
          10.1626108,
          36.8617745
        ]
      },
      "id": "node/1886249306"
    },
    {
      "type": "Feature",
      "properties": {
        "@id": "node/1887107418",
        "bus": "yes",
        "highway": "bus_stop",
        "public_transport": "platform"
      },
      "geometry": {
        "type": "Point",
        "coordinates": [
          10.1629198,
          36.860179
        ]
      },
      "id": "node/1887107418"
    },
    {
      "type": "Feature",
      "properties": {
        "@id": "node/1894017613",
        "light_rail": "yes",
        "name": "الحي الرياضي",
        "name:ar": "الحي الرياضي",
        "name:fr": "Cité Sportive",
        "public_transport": "stop_position",
        "railway": "stop"
      },
      "geometry": {
        "type": "Point",
        "coordinates": [
          10.1819836,
          36.8385028
        ]
      },
      "id": "node/1894017613"
    },
    {
      "type": "Feature",
      "properties": {
        "@id": "node/1894017614",
        "light_rail": "yes",
        "name": "الشباب",
        "name:ar": "الشباب",
        "name:fr": "La Jeunesse",
        "public_transport": "stop_position",
        "railway": "stop"
      },
      "geometry": {
        "type": "Point",
        "coordinates": [
          10.1827939,
          36.8332869
        ]
      },
      "id": "node/1894017614"
    },
    {
      "type": "Feature",
      "properties": {
        "@id": "node/1904828358",
        "light_rail": "yes",
        "name": "حي النور",
        "name:ar": "حي النور",
        "name:fr": "Cité Ennour",
        "public_transport": "stop_position",
        "railway": "stop"
      },
      "geometry": {
        "type": "Point",
        "coordinates": [
          10.204756,
          36.7514923
        ]
      },
      "id": "node/1904828358"
    },
    {
      "type": "Feature",
      "properties": {
        "@id": "node/1904829065",
        "light_rail": "yes",
        "name": "ابن سينا",
        "name:ar": "ابن سينا",
        "name:etymology": "ابن سينا",
        "name:etymology:wikidata": "Q8011",
        "name:etymology:wikipedia": "ar:ابن سينا",
        "name:fr": "Ibn Sina",
        "public_transport": "stop_position",
        "railway": "stop"
      },
      "geometry": {
        "type": "Point",
        "coordinates": [
          10.1939745,
          36.7542685
        ]
      },
      "id": "node/1904829065"
    },
    {
      "type": "Feature",
      "properties": {
        "@id": "node/1904829066",
        "light_rail": "yes",
        "name": "الوردية 6",
        "name:ar": "الوردية 6",
        "name:fr": "El Ouardia 6",
        "public_transport": "stop_position",
        "railway": "stop"
      },
      "geometry": {
        "type": "Point",
        "coordinates": [
          10.199067,
          36.7542257
        ]
      },
      "id": "node/1904829066"
    },
    {
      "type": "Feature",
      "properties": {
        "@id": "node/2006313754",
        "railway": "stop"
      },
      "geometry": {
        "type": "Point",
        "coordinates": [
          10.4612369,
          36.6251085
        ]
      },
      "id": "node/2006313754"
    },
    {
      "type": "Feature",
      "properties": {
        "@id": "node/2006313816",
        "railway": "stop"
      },
      "geometry": {
        "type": "Point",
        "coordinates": [
          10.4466148,
          36.6690776
        ]
      },
      "id": "node/2006313816"
    },
    {
      "type": "Feature",
      "properties": {
        "@id": "node/2006930886",
        "name": "الملعب",
        "name:ar": "الملعب",
        "operator": "الشركة الوطنية للسكك الحديدية التونسية",
        "operator:ar": "الشركة الوطنية للسكك الحديدية التونسية",
        "operator:website": "http://www.sncft.com.tn/Ar/",
        "operator:wikidata": "Q2297197",
        "operator:wikipedia": "ar:الشركة الوطنية للسكك الحديدية التونسية",
        "operator:wikipedia:ar": "الشركة الوطنية للسكك الحديدية التونسية",
        "public_transport": "stop_position",
        "railway": "stop",
        "train": "yes"
      },
      "geometry": {
        "type": "Point",
        "coordinates": [
          10.3481172,
          36.7235604
        ]
      },
      "id": "node/2006930886"
    },
    {
      "type": "Feature",
      "properties": {
        "@id": "node/2006930892",
        "name": "الملعب",
        "name:ar": "الملعب",
        "operator": "الشركة الوطنية للسكك الحديدية التونسية",
        "operator:ar": "الشركة الوطنية للسكك الحديدية التونسية",
        "operator:website": "http://www.sncft.com.tn/Ar/",
        "operator:wikidata": "Q2297197",
        "operator:wikipedia": "ar:الشركة الوطنية للسكك الحديدية التونسية",
        "operator:wikipedia:ar": "الشركة الوطنية للسكك الحديدية التونسية",
        "public_transport": "stop_position",
        "railway": "stop",
        "train": "yes"
      },
      "geometry": {
        "type": "Point",
        "coordinates": [
          10.3481464,
          36.7236009
        ]
      },
      "id": "node/2006930892"
    },
    {
      "type": "Feature",
      "properties": {
        "@id": "node/2007410586",
        "railway": "stop"
      },
      "geometry": {
        "type": "Point",
        "coordinates": [
          10.2611493,
          36.7668043
        ]
      },
      "id": "node/2007410586"
    },
    {
      "type": "Feature",
      "properties": {
        "@id": "node/2007410590",
        "railway": "stop"
      },
      "geometry": {
        "type": "Point",
        "coordinates": [
          10.2611472,
          36.7668375
        ]
      },
      "id": "node/2007410590"
    },
    {
      "type": "Feature",
      "properties": {
        "@id": "node/2007410599",
        "railway": "stop"
      },
      "geometry": {
        "type": "Point",
        "coordinates": [
          10.2611436,
          36.766895
        ]
      },
      "id": "node/2007410599"
    },
    {
      "type": "Feature",
      "properties": {
        "@id": "node/2007410659",
        "railway": "stop"
      },
      "geometry": {
        "type": "Point",
        "coordinates": [
          10.270226,
          36.7684667
        ]
      },
      "id": "node/2007410659"
    },
    {
      "type": "Feature",
      "properties": {
        "@id": "node/2007410661",
        "railway": "stop"
      },
      "geometry": {
        "type": "Point",
        "coordinates": [
          10.2702169,
          36.7685066
        ]
      },
      "id": "node/2007410661"
    },
    {
      "type": "Feature",
      "properties": {
        "@id": "node/2007410662",
        "railway": "stop"
      },
      "geometry": {
        "type": "Point",
        "coordinates": [
          10.2701969,
          36.7685706
        ]
      },
      "id": "node/2007410662"
    },
    {
      "type": "Feature",
      "properties": {
        "@id": "node/2008351668",
        "railway": "halt"
      },
      "geometry": {
        "type": "Point",
        "coordinates": [
          10.2445407,
          36.7673202
        ]
      },
      "id": "node/2008351668"
    },
    {
      "type": "Feature",
      "properties": {
        "@id": "node/2008351681",
        "railway": "stop"
      },
      "geometry": {
        "type": "Point",
        "coordinates": [
          10.2445286,
          36.7673943
        ]
      },
      "id": "node/2008351681"
    },
    {
      "type": "Feature",
      "properties": {
        "@id": "node/2008351683",
        "railway": "stop"
      },
      "geometry": {
        "type": "Point",
        "coordinates": [
          10.2445239,
          36.7674233
        ]
      },
      "id": "node/2008351683"
    },
    {
      "type": "Feature",
      "properties": {
        "@id": "node/2008351779",
        "railway": "stop"
      },
      "geometry": {
        "type": "Point",
        "coordinates": [
          10.2445123,
          36.7674949
        ]
      },
      "id": "node/2008351779"
    },
    {
      "type": "Feature",
      "properties": {
        "@id": "node/2008351976",
        "name": "مقرين",
        "name:ar": "مقرين",
        "name:en": "Megrine",
        "name:fr": "Megrine",
        "public_transport": "stop_position",
        "railway": "stop",
        "train": "yes"
      },
      "geometry": {
        "type": "Point",
        "coordinates": [
          10.2335665,
          36.7683977
        ]
      },
      "id": "node/2008351976"
    },
    {
      "type": "Feature",
      "properties": {
        "@id": "node/2008351987",
        "name": "مقرين",
        "name:ar": "مقرين",
        "name:en": "Megrine",
        "name:fr": "Megrine",
        "public_transport": "stop_position",
        "railway": "stop",
        "train": "yes"
      },
      "geometry": {
        "type": "Point",
        "coordinates": [
          10.2335755,
          36.7684369
        ]
      },
      "id": "node/2008351987"
    },
    {
      "type": "Feature",
      "properties": {
        "@id": "node/2008351993",
        "name": "مقرين",
        "name:ar": "مقرين",
        "name:en": "Megrine",
        "name:fr": "Megrine",
        "public_transport": "stop_position",
        "railway": "stop",
        "train": "yes"
      },
      "geometry": {
        "type": "Point",
        "coordinates": [
          10.2335917,
          36.7685005
        ]
      },
      "id": "node/2008351993"
    },
    {
      "type": "Feature",
      "properties": {
        "@id": "node/2008352025",
        "name": "مقرين",
        "name:ar": "مقرين",
        "name:en": "Megrine",
        "name:fr": "Megrine",
        "public_transport": "stop_position",
        "railway": "stop",
        "train": "yes"
      },
      "geometry": {
        "type": "Point",
        "coordinates": [
          10.2336084,
          36.7685705
        ]
      },
      "id": "node/2008352025"
    },
    {
      "type": "Feature",
      "properties": {
        "@id": "node/2008352607",
        "name": "مقرين الرياض",
        "name:ar": "مقرين الرياض",
        "name:en": "Megrine Riadh",
        "name:fr": "Megrine Riadh",
        "public_transport": "stop_position",
        "railway": "stop",
        "train": "yes"
      },
      "geometry": {
        "type": "Point",
        "coordinates": [
          10.223127,
          36.7702537
        ]
      },
      "id": "node/2008352607"
    },
    {
      "type": "Feature",
      "properties": {
        "@id": "node/2008352612",
        "name": "مقرين الرياض",
        "name:ar": "مقرين الرياض",
        "name:en": "Megrine Riadh",
        "name:fr": "Megrine Riadh",
        "public_transport": "stop_position",
        "railway": "stop",
        "train": "yes"
      },
      "geometry": {
        "type": "Point",
        "coordinates": [
          10.2231342,
          36.7702921
        ]
      },
      "id": "node/2008352612"
    },
    {
      "type": "Feature",
      "properties": {
        "@id": "node/2008352615",
        "name": "مقرين الرياض",
        "name:ar": "مقرين الرياض",
        "name:en": "Megrine Riadh",
        "name:fr": "Megrine Riadh",
        "public_transport": "stop_position",
        "railway": "stop",
        "train": "yes"
      },
      "geometry": {
        "type": "Point",
        "coordinates": [
          10.2231543,
          36.7703563
        ]
      },
      "id": "node/2008352615"
    },
    {
      "type": "Feature",
      "properties": {
        "@id": "node/2008352676",
        "name": "جبل الجلود",
        "name:ar": "جبل الجلود",
        "name:en": "Jebel Jelloud",
        "name:fr": "Jebel Jelloud",
        "public_transport": "stop_position",
        "railway": "stop",
        "train": "yes"
      },
      "geometry": {
        "type": "Point",
        "coordinates": [
          10.2095773,
          36.7723963
        ]
      },
      "id": "node/2008352676"
    },
    {
      "type": "Feature",
      "properties": {
        "@id": "node/2008352677",
        "name": "جبل الجلود",
        "name:ar": "جبل الجلود",
        "name:en": "Jebel Jelloud",
        "name:fr": "Jebel Jelloud",
        "public_transport": "stop_position",
        "railway": "stop",
        "train": "yes"
      },
      "geometry": {
        "type": "Point",
        "coordinates": [
          10.2095943,
          36.7724629
        ]
      },
      "id": "node/2008352677"
    },
    {
      "type": "Feature",
      "properties": {
        "@id": "node/2008352690",
        "name": "جبل الجلود",
        "name:ar": "جبل الجلود",
        "name:en": "Jebel Jelloud",
        "name:fr": "Jebel Jelloud",
        "public_transport": "stop_position",
        "railway": "stop",
        "train": "yes"
      },
      "geometry": {
        "type": "Point",
        "coordinates": [
          10.2096035,
          36.7724991
        ]
      },
      "id": "node/2008352690"
    },
    {
      "type": "Feature",
      "properties": {
        "@id": "node/2008352691",
        "name": "جبل الجلود",
        "name:ar": "جبل الجلود",
        "name:en": "Jebel Jelloud",
        "name:fr": "Jebel Jelloud",
        "public_transport": "stop_position",
        "railway": "stop",
        "train": "yes"
      },
      "geometry": {
        "type": "Point",
        "coordinates": [
          10.2096206,
          36.7725664
        ]
      },
      "id": "node/2008352691"
    },
    {
      "type": "Feature",
      "properties": {
        "@id": "node/2009012032",
        "name": "السيدة المنوبية",
        "name:ar": "السيدة المنوبية",
        "name:en": "Saida Mannoubia",
        "name:fr": "Saïda Mannoubia",
        "network": "RFR",
        "operator": "SNCFT",
        "public_transport": "stop_position",
        "railway": "stop",
        "train": "yes"
      },
      "geometry": {
        "type": "Point",
        "coordinates": [
          10.1653674,
          36.7870222
        ]
      },
      "id": "node/2009012032"
    },
    {
      "type": "Feature",
      "properties": {
        "@id": "node/2009013266",
        "name": "Mellassine",
        "public_transport": "stop_position",
        "train": "yes"
      },
      "geometry": {
        "type": "Point",
        "coordinates": [
          10.1561418,
          36.7962513
        ]
      },
      "id": "node/2009013266"
    },
    {
      "type": "Feature",
      "properties": {
        "@id": "node/2009131170",
        "fixme": "Cette station existe-elle réellement ou est-elle en construction? Elle n'est pas référencée sur RFR ou SNCFT.",
        "railway": "stop"
      },
      "geometry": {
        "type": "Point",
        "coordinates": [
          10.1392595,
          36.8062778
        ]
      },
      "id": "node/2009131170"
    },
    {
      "type": "Feature",
      "properties": {
        "@id": "node/2009216005",
        "name": "El Bortal",
        "public_transport": "stop_position",
        "railway": "stop",
        "train": "yes"
      },
      "geometry": {
        "type": "Point",
        "coordinates": [
          10.1159447,
          36.8118122
        ]
      },
      "id": "node/2009216005"
    },
    {
      "type": "Feature",
      "properties": {
        "@id": "node/2009216013",
        "name": "El Bortal",
        "public_transport": "stop_position",
        "railway": "stop",
        "train": "yes"
      },
      "geometry": {
        "type": "Point",
        "coordinates": [
          10.1159718,
          36.8118823
        ]
      },
      "id": "node/2009216013"
    },
    {
      "type": "Feature",
      "properties": {
        "@id": "node/2009769024",
        "name": "وادي الليل",
        "name:fr": "Oued Ellil",
        "public_transport": "stop_position",
        "railway": "stop",
        "train": "yes"
      },
      "geometry": {
        "type": "Point",
        "coordinates": [
          10.0083342,
          36.8361267
        ]
      },
      "id": "node/2009769024"
    },
    {
      "type": "Feature",
      "properties": {
        "@id": "node/2009769031",
        "name": "وادي الليل",
        "name:fr": "Oued Ellil",
        "public_transport": "stop_position",
        "railway": "stop",
        "train": "yes"
      },
      "geometry": {
        "type": "Point",
        "coordinates": [
          10.0083493,
          36.8361568
        ]
      },
      "id": "node/2009769031"
    },
    {
      "type": "Feature",
      "properties": {
        "@id": "node/2009769434",
        "name": "حي الرياض",
        "name:ar": "حي الرياض",
        "name:fr": "Cité Erriadh",
        "public_transport": "stop_position",
        "railway": "stop",
        "tactile_paving": "no",
        "train": "yes"
      },
      "geometry": {
        "type": "Point",
        "coordinates": [
          9.984859,
          36.8373757
        ]
      },
      "id": "node/2009769434"
    },
    {
      "type": "Feature",
      "properties": {
        "@id": "node/2014339686",
        "disused:railway": "station",
        "name": "أوذنة",
        "name:fr": "Oudna",
        "railway": "halt"
      },
      "geometry": {
        "type": "Point",
        "coordinates": [
          10.1510103,
          36.6253706
        ]
      },
      "id": "node/2014339686"
    },
    {
      "type": "Feature",
      "properties": {
        "@id": "node/2014339853",
        "disused:railway": "station",
        "name": "الخليدية",
        "name:fr": "Khledia",
        "railway": "halt",
        "stop_id": "91"
      },
      "geometry": {
        "type": "Point",
        "coordinates": [
          10.1945655,
          36.6462874
        ]
      },
      "id": "node/2014339853"
    },
    {
      "type": "Feature",
      "properties": {
        "@id": "node/2014340028",
        "railway": "stop"
      },
      "geometry": {
        "type": "Point",
        "coordinates": [
          10.2285923,
          36.7404855
        ]
      },
      "id": "node/2014340028"
    },
    {
      "type": "Feature",
      "properties": {
        "@id": "node/2014340029",
        "railway": "stop"
      },
      "geometry": {
        "type": "Point",
        "coordinates": [
          10.2286338,
          36.7405006
        ]
      },
      "id": "node/2014340029"
    },
    {
      "type": "Feature",
      "properties": {
        "@id": "node/2014340030",
        "railway": "stop"
      },
      "geometry": {
        "type": "Point",
        "coordinates": [
          10.2287056,
          36.7405124
        ]
      },
      "id": "node/2014340030"
    },
    {
      "type": "Feature",
      "properties": {
        "@id": "node/2014340031",
        "railway": "stop"
      },
      "geometry": {
        "type": "Point",
        "coordinates": [
          10.2287453,
          36.7405196
        ]
      },
      "id": "node/2014340031"
    },
    {
      "type": "Feature",
      "properties": {
        "@id": "node/2014340033",
        "railway": "stop"
      },
      "geometry": {
        "type": "Point",
        "coordinates": [
          10.2287901,
          36.7405292
        ]
      },
      "id": "node/2014340033"
    },
    {
      "type": "Feature",
      "properties": {
        "@id": "node/2014340034",
        "railway": "stop"
      },
      "geometry": {
        "type": "Point",
        "coordinates": [
          10.2288366,
          36.7405406
        ]
      },
      "id": "node/2014340034"
    },
    {
      "type": "Feature",
      "properties": {
        "@id": "node/2014340036",
        "railway": "stop"
      },
      "geometry": {
        "type": "Point",
        "coordinates": [
          10.2288844,
          36.7405622
        ]
      },
      "id": "node/2014340036"
    },
    {
      "type": "Feature",
      "properties": {
        "@id": "node/2122976999",
        "light_rail": "yes",
        "name": "الدندان",
        "name:ar": "الدندان",
        "name:en": "Den Den",
        "name:fr": "Den Den",
        "operator": "شركة النقل بتونس",
        "public_transport": "stop_position"
      },
      "geometry": {
        "type": "Point",
        "coordinates": [
          10.1107689,
          36.8021939
        ]
      },
      "id": "node/2122976999"
    },
    {
      "type": "Feature",
      "properties": {
        "@id": "node/2191146302",
        "bus": "yes",
        "public_transport": "stop_position"
      },
      "geometry": {
        "type": "Point",
        "coordinates": [
          10.278471,
          36.8728392
        ]
      },
      "id": "node/2191146302"
    },
    {
      "type": "Feature",
      "properties": {
        "@id": "node/2329655232",
        "bus": "yes",
        "highway": "bus_stop",
        "public_transport": "platform"
      },
      "geometry": {
        "type": "Point",
        "coordinates": [
          10.0195653,
          36.7587733
        ]
      },
      "id": "node/2329655232"
    },
    {
      "type": "Feature",
      "properties": {
        "@id": "node/2329655235",
        "bus": "yes",
        "highway": "bus_stop",
        "public_transport": "platform"
      },
      "geometry": {
        "type": "Point",
        "coordinates": [
          10.0185203,
          36.7583753
        ]
      },
      "id": "node/2329655235"
    },
    {
      "type": "Feature",
      "properties": {
        "@id": "node/2329655240",
        "bus": "yes",
        "highway": "bus_stop",
        "public_transport": "platform"
      },
      "geometry": {
        "type": "Point",
        "coordinates": [
          10.0181331,
          36.7577362
        ]
      },
      "id": "node/2329655240"
    },
    {
      "type": "Feature",
      "properties": {
        "@id": "node/2340422762",
        "bench": "yes",
        "bus": "yes",
        "highway": "bus_stop",
        "public_transport": "platform",
        "shelter": "yes"
      },
      "geometry": {
        "type": "Point",
        "coordinates": [
          10.3267274,
          36.8805072
        ]
      },
      "id": "node/2340422762"
    },
    {
      "type": "Feature",
      "properties": {
        "@id": "node/2348334056",
        "name": "Arrêt 20 mars",
        "public_transport": "station"
      },
      "geometry": {
        "type": "Point",
        "coordinates": [
          10.2063249,
          36.710661
        ]
      },
      "id": "node/2348334056"
    },
    {
      "type": "Feature",
      "properties": {
        "@id": "node/2348334057",
        "name": "Terminus 74",
        "public_transport": "station"
      },
      "geometry": {
        "type": "Point",
        "coordinates": [
          10.2013273,
          36.710094
        ]
      },
      "id": "node/2348334057"
    },
    {
      "type": "Feature",
      "properties": {
        "@id": "node/2348334059",
        "name": "Terminus TUT",
        "public_transport": "station"
      },
      "geometry": {
        "type": "Point",
        "coordinates": [
          10.2058272,
          36.709433
        ]
      },
      "id": "node/2348334059"
    },
    {
      "type": "Feature",
      "properties": {
        "@id": "node/2517195465",
        "bus": "yes",
        "highway": "bus_stop",
        "name": "جامع الفتح",
        "name:aeb": "جامع الفتح",
        "name:ar": "جامع الفتح",
        "operator": "transtu",
        "public_transport": "platform"
      },
      "geometry": {
        "type": "Point",
        "coordinates": [
          10.1813996,
          36.8078394
        ]
      },
      "id": "node/2517195465"
    },
    {
      "type": "Feature",
      "properties": {
        "@id": "node/2526623305",
        "light_rail": "yes",
        "name": "أريانة",
        "name:ar": "أريانة",
        "name:en": "Ariana",
        "name:fr": "Ariana",
        "public_transport": "stop_position",
        "railway": "stop"
      },
      "geometry": {
        "type": "Point",
        "coordinates": [
          10.1974972,
          36.8597723
        ]
      },
      "id": "node/2526623305"
    },
    {
      "type": "Feature",
      "properties": {
        "@id": "node/2526623335",
        "light_rail": "yes",
        "name": "الاستقلال",
        "name:ar": "الاستقلال",
        "name:fr": "L'Indépendance",
        "public_transport": "stop_position"
      },
      "geometry": {
        "type": "Point",
        "coordinates": [
          10.195933,
          36.8543937
        ]
      },
      "id": "node/2526623335"
    },
    {
      "type": "Feature",
      "properties": {
        "@id": "node/2526623407",
        "light_rail": "yes",
        "name": "مدينة العلوم",
        "name:ar": "مدينة العلوم",
        "name:fr": "Cité des sciences",
        "old_name": "الفل",
        "old_name:ar": "الفل",
        "old_name:fr": "El Fell",
        "public_transport": "stop_position",
        "railway": "stop",
        "source:name": "https://www.transtu.tn/fr/article/0091-changement-du-nom-de-station"
      },
      "geometry": {
        "type": "Point",
        "coordinates": [
          10.1923758,
          36.8469723
        ]
      },
      "id": "node/2526623407"
    },
    {
      "type": "Feature",
      "properties": {
        "@id": "node/2526623450",
        "alt_name:ar": "10 كانون الأول 1984",
        "light_rail": "yes",
        "name": "10 ديسمبر 1984",
        "name:ar": "10 ديسمبر 1984",
        "name:fr": "10 Décembre 1948",
        "public_transport": "stop_position",
        "railway": "stop"
      },
      "geometry": {
        "type": "Point",
        "coordinates": [
          10.1840408,
          36.8442324
        ]
      },
      "id": "node/2526623450"
    },
    {
      "type": "Feature",
      "properties": {
        "@id": "node/2537049183",
        "alt_name:ar": "10 كانون الأول 1984",
        "amenity": "bus_station",
        "bus": "yes",
        "highway": "bus_stop",
        "name": "10 ديسمبر 1984",
        "name:ar": "10 ديسمبر 1984",
        "name:fr": "10 Decembre 1984",
        "operator": "نقل تونس",
        "public_transport": "station",
        "railway": "station"
      },
      "geometry": {
        "type": "Point",
        "coordinates": [
          10.1845505,
          36.8444552
        ]
      },
      "id": "node/2537049183"
    },
    {
      "type": "Feature",
      "properties": {
        "@id": "node/2557287562",
        "bus": "yes",
        "public_transport": "stop_position"
      },
      "geometry": {
        "type": "Point",
        "coordinates": [
          10.2325674,
          36.8377853
        ]
      },
      "id": "node/2557287562"
    },
    {
      "type": "Feature",
      "properties": {
        "@id": "node/2557287568",
        "bus": "yes",
        "public_transport": "stop_position"
      },
      "geometry": {
        "type": "Point",
        "coordinates": [
          10.2325071,
          36.8381732
        ]
      },
      "id": "node/2557287568"
    },
    {
      "type": "Feature",
      "properties": {
        "@id": "node/2683366480",
        "bus": "yes",
        "highway": "bus_stop",
        "name": "20b / 52",
        "public_transport": "platform"
      },
      "geometry": {
        "type": "Point",
        "coordinates": [
          10.2993134,
          36.8893348
        ]
      },
      "id": "node/2683366480"
    },
    {
      "type": "Feature",
      "properties": {
        "@id": "node/3527012267",
        "bench": "yes",
        "bin": "no",
        "bus": "yes",
        "check_date:shelter": "2024-03-20",
        "highway": "bus_stop",
        "public_transport": "platform",
        "shelter": "yes"
      },
      "geometry": {
        "type": "Point",
        "coordinates": [
          10.1594869,
          36.8524621
        ]
      },
      "id": "node/3527012267"
    },
    {
      "type": "Feature",
      "properties": {
        "@id": "node/3611675863",
        "addr:city": "تونس",
        "addr:city:ar": "تونس",
        "amenity": "bus_station",
        "bus": "yes",
        "name": "محطة بوشوشة",
        "name:ar": "محطة بوشوشة",
        "name:fr": "Station Bouchoucha",
        "public_transport": "station"
      },
      "geometry": {
        "type": "Point",
        "coordinates": [
          10.1484831,
          36.8090263
        ]
      },
      "id": "node/3611675863"
    },
    {
      "type": "Feature",
      "properties": {
        "@id": "node/3611676948",
        "amenity": "bus_station",
        "bus": "yes",
        "name": "محطة بوشوشة",
        "name:ar": "محطة بوشوشة",
        "public_transport": "station"
      },
      "geometry": {
        "type": "Point",
        "coordinates": [
          10.1503445,
          36.8095589
        ]
      },
      "id": "node/3611676948"
    },
    {
      "type": "Feature",
      "properties": {
        "@id": "node/3611682913",
        "bus": "yes",
        "highway": "bus_stop",
        "name": "عمارة شافية",
        "name:ar": "عمارة شافية",
        "name:fr": "IMMEUBLE CHEFIA",
        "public_transport": "platform"
      },
      "geometry": {
        "type": "Point",
        "coordinates": [
          10.1531206,
          36.8097285
        ]
      },
      "id": "node/3611682913"
    },
    {
      "type": "Feature",
      "properties": {
        "@id": "node/3611684915",
        "addr:city": "Tunis",
        "addr:city:ar": "تونس",
        "addr:postcode": "1029",
        "addr:street": "Avenue Habib Bougatfa",
        "amenity": "bus_station",
        "bus": "yes",
        "name": "محطة حافلات",
        "name:ar": "محطة حافلات",
        "name:en": "North Ouest Transport",
        "name:fr": "Gare routière du Nord",
        "opening_hours": "Mo-Su 04:00-22:00",
        "phone": "+216 71 562 532",
        "public_transport": "station",
        "website": "https://sntri.com.tn/"
      },
      "geometry": {
        "type": "Point",
        "coordinates": [
          10.1617058,
          36.8096249
        ]
      },
      "id": "node/3611684915"
    },
    {
      "type": "Feature",
      "properties": {
        "@id": "node/3700361700",
        "bus": "yes",
        "highway": "bus_stop",
        "name": "محطة حافلات المدينة الجديدة",
        "name:ar": "محطة حافلات المدينة الجديدة",
        "name:fr": "arrêt de bus nouvelle medina",
        "network": "19C, 10B",
        "public_transport": "platform"
      },
      "geometry": {
        "type": "Point",
        "coordinates": [
          10.2515,
          36.7484247
        ]
      },
      "id": "node/3700361700"
    },
    {
      "type": "Feature",
      "properties": {
        "@id": "node/3700363938",
        "bus": "yes",
        "highway": "bus_stop",
        "network": "19C, 10B",
        "public_transport": "platform"
      },
      "geometry": {
        "type": "Point",
        "coordinates": [
          10.2504345,
          36.742625
        ]
      },
      "id": "node/3700363938"
    },
    {
      "type": "Feature",
      "properties": {
        "@id": "node/3700363939",
        "bus": "yes",
        "highway": "bus_stop",
        "network": "19C, 10B",
        "public_transport": "platform"
      },
      "geometry": {
        "type": "Point",
        "coordinates": [
          10.2507838,
          36.7450724
        ]
      },
      "id": "node/3700363939"
    },
    {
      "type": "Feature",
      "properties": {
        "@id": "node/3700363940",
        "bus": "yes",
        "highway": "bus_stop",
        "network": "19C, 10B",
        "public_transport": "platform"
      },
      "geometry": {
        "type": "Point",
        "coordinates": [
          10.2460457,
          36.7395727
        ]
      },
      "id": "node/3700363940"
    },
    {
      "type": "Feature",
      "properties": {
        "@id": "node/3700363941",
        "bus": "yes",
        "highway": "bus_stop",
        "network": "19C, 10B",
        "public_transport": "platform"
      },
      "geometry": {
        "type": "Point",
        "coordinates": [
          10.242376,
          36.7396455
        ]
      },
      "id": "node/3700363941"
    },
    {
      "type": "Feature",
      "properties": {
        "@id": "node/3700363942",
        "bus": "yes",
        "highway": "bus_stop",
        "network": "19C, 10B",
        "public_transport": "platform"
      },
      "geometry": {
        "type": "Point",
        "coordinates": [
          10.2396479,
          36.7417753
        ]
      },
      "id": "node/3700363942"
    },
    {
      "type": "Feature",
      "properties": {
        "@id": "node/3700363943",
        "bus": "yes",
        "highway": "bus_stop",
        "network": "19C, 10B",
        "public_transport": "platform"
      },
      "geometry": {
        "type": "Point",
        "coordinates": [
          10.2412754,
          36.7429503
        ]
      },
      "id": "node/3700363943"
    },
    {
      "type": "Feature",
      "properties": {
        "@id": "node/3700363944",
        "bus": "yes",
        "highway": "bus_stop",
        "network": "19C, 10B",
        "public_transport": "platform"
      },
      "geometry": {
        "type": "Point",
        "coordinates": [
          10.2434589,
          36.7448652
        ]
      },
      "id": "node/3700363944"
    },
    {
      "type": "Feature",
      "properties": {
        "@id": "node/3700363950",
        "bus": "yes",
        "highway": "bus_stop",
        "network": "22A, 26",
        "public_transport": "platform"
      },
      "geometry": {
        "type": "Point",
        "coordinates": [
          10.2387021,
          36.7405088
        ]
      },
      "id": "node/3700363950"
    },
    {
      "type": "Feature",
      "properties": {
        "@id": "node/3712368518",
        "amenity": "bus_station",
        "bus": "yes",
        "name": "طج 21",
        "name:ar": "طج 21",
        "name:en": "RR21",
        "name:fr": "RR21",
        "public_transport": "station"
      },
      "geometry": {
        "type": "Point",
        "coordinates": [
          10.1730639,
          36.8422343
        ]
      },
      "id": "node/3712368518"
    },
    {
      "type": "Feature",
      "properties": {
        "@id": "node/3732837646",
        "bus": "yes",
        "gtfs_id": "36",
        "highway": "bus_stop",
        "name": "Rades Mel",
        "operator": "الشركة الوطنية للسكك الحديدية التونسية",
        "operator:ar": "الشركة الوطنية للسكك الحديدية التونسية",
        "operator:website": "http://www.sncft.com.tn/Ar/",
        "operator:wikidata": "Q2297197",
        "operator:wikipedia": "ar:الشركة الوطنية للسكك الحديدية التونسية",
        "operator:wikipedia:ar": "الشركة الوطنية للسكك الحديدية التونسية",
        "public_transport": "platform",
        "route_ref": "Tunis_Ville-Erriadh"
      },
      "geometry": {
        "type": "Point",
        "coordinates": [
          10.2837105,
          36.7616088
        ]
      },
      "id": "node/3732837646"
    },
    {
      "type": "Feature",
      "properties": {
        "@id": "node/3732837652",
        "bus": "yes",
        "gtfs_id": "39",
        "highway": "bus_stop",
        "name": "Sidi Rezig",
        "operator": "الشركة الوطنية للسكك الحديدية التونسية",
        "operator:ar": "الشركة الوطنية للسكك الحديدية التونسية",
        "operator:website": "http://www.sncft.com.tn/Ar/",
        "operator:wikidata": "Q2297197",
        "operator:wikipedia": "ar:الشركة الوطنية للسكك الحديدية التونسية",
        "operator:wikipedia:ar": "الشركة الوطنية للسكك الحديدية التونسية",
        "public_transport": "platform",
        "route_ref": "Tunis_Ville-Erriadh"
      },
      "geometry": {
        "type": "Point",
        "coordinates": [
          10.2425025,
          36.7666819
        ]
      },
      "id": "node/3732837652"
    },
    {
      "type": "Feature",
      "properties": {
        "@id": "node/3732837655",
        "bus": "yes",
        "gtfs_id": "37",
        "highway": "bus_stop",
        "name": "رادس",
        "name:ar": "رادس",
        "name:fr": "Rades",
        "operator": "الشركة الوطنية للسكك الحديدية التونسية",
        "operator:ar": "الشركة الوطنية للسكك الحديدية التونسية",
        "operator:website": "http://www.sncft.com.tn/Ar/",
        "operator:wikidata": "Q2297197",
        "operator:wikipedia": "ar:الشركة الوطنية للسكك الحديدية التونسية",
        "operator:wikipedia:ar": "الشركة الوطنية للسكك الحديدية التونسية",
        "public_transport": "platform",
        "route_ref": "مدينة تونس-الرياض، مدينة تونس-همام ليف"
      },
      "geometry": {
        "type": "Point",
        "coordinates": [
          10.2691343,
          36.7669418
        ]
      },
      "id": "node/3732837655"
    },
    {
      "type": "Feature",
      "properties": {
        "@id": "node/3732837670",
        "bus": "yes",
        "gtfs_id": "200",
        "highway": "bus_stop",
        "name": "Aiguille 0+730",
        "operator": "الشركة الوطنية للسكك الحديدية التونسية",
        "operator:ar": "الشركة الوطنية للسكك الحديدية التونسية",
        "operator:website": "http://www.sncft.com.tn/Ar/",
        "operator:wikidata": "Q2297197",
        "operator:wikipedia": "ar:الشركة الوطنية للسكك الحديدية التونسية",
        "operator:wikipedia:ar": "الشركة الوطنية للسكك الحديدية التونسية",
        "public_transport": "platform",
        "route_ref": "Tunis Ville-Bizerte"
      },
      "geometry": {
        "type": "Point",
        "coordinates": [
          10.1765899,
          36.7856039
        ]
      },
      "id": "node/3732837670"
    },
    {
      "type": "Feature",
      "properties": {
        "@id": "node/3732837699",
        "bus": "yes",
        "gtfs_id": "32",
        "highway": "bus_stop",
        "name": "Arret Du Stade",
        "operator": "TRANSTU",
        "public_transport": "platform",
        "route_ref": "Tunis_Ville-Erriadh"
      },
      "geometry": {
        "type": "Point",
        "coordinates": [
          10.3487536,
          36.7231669
        ]
      },
      "id": "node/3732837699"
    },
    {
      "type": "Feature",
      "properties": {
        "@id": "node/3732837702",
        "bus": "yes",
        "gtfs_id": "31",
        "highway": "bus_stop",
        "name": "Tahar Sfar",
        "network": "3710;37",
        "operator": "TRANSTU",
        "public_transport": "platform",
        "route_ref": "Tunis_Ville-Erriadh"
      },
      "geometry": {
        "type": "Point",
        "coordinates": [
          10.3586463,
          36.7178678
        ]
      },
      "id": "node/3732837702"
    },
    {
      "type": "Feature",
      "properties": {
        "@id": "node/3732837709",
        "bus": "yes",
        "gtfs_id": "215",
        "highway": "bus_stop",
        "name": "بئر عنيبة",
        "name:ar": "بئر عنيبة",
        "name:en": "Bir Aniba",
        "name:fr": "Bir Aniba",
        "operator": "الشركة الوطنية للسكك الحديدية التونسية",
        "operator:ar": "الشركة الوطنية للسكك الحديدية التونسية",
        "operator:fr": "Société Nationale des Chemins de Fer Tunisiens",
        "operator:short": "SNCFT",
        "operator:short:fr": "SNCFT",
        "operator:website": "http://www.sncft.com.tn",
        "operator:wikidata": "Q2297197",
        "operator:wikipedia": "ar:الشركة الوطنية للسكك الحديدية التونسية",
        "operator:wikipedia:ar": "الشركة الوطنية للسكك الحديدية التونسية",
        "public_transport": "platform",
        "route_ref": "Tunis Ville-Bizerte"
      },
      "geometry": {
        "type": "Point",
        "coordinates": [
          10.157586,
          36.795386
        ]
      },
      "id": "node/3732837709"
    },
    {
      "type": "Feature",
      "properties": {
        "@id": "node/3732837787",
        "bus": "yes",
        "gtfs_id": "134",
        "highway": "bus_stop",
        "name": "حلق الوادي",
        "name:ar": "حلق الوادي",
        "name:fr": "La Goulette",
        "operator": "الشركة الوطنية للسكك الحديدية التونسية",
        "operator:ar": "الشركة الوطنية للسكك الحديدية التونسية",
        "operator:website": "http://www.sncft.com.tn/Ar/",
        "operator:wikidata": "Q2297197",
        "operator:wikipedia": "ar:الشركة الوطنية للسكك الحديدية التونسية",
        "operator:wikipedia:ar": "الشركة الوطنية للسكك الحديدية التونسية",
        "public_transport": "platform"
      },
      "geometry": {
        "type": "Point",
        "coordinates": [
          10.2904072,
          36.805169
        ]
      },
      "id": "node/3732837787"
    },
    {
      "type": "Feature",
      "properties": {
        "@id": "node/3732837789",
        "bench": "no",
        "bin": "no",
        "bus": "yes",
        "gtfs_id": "132",
        "highway": "bus_stop",
        "lit": "yes",
        "name": "Borj Cedria",
        "operator": "الشركة الوطنية للسكك الحديدية التونسية",
        "operator:ar": "الشركة الوطنية للسكك الحديدية التونسية",
        "operator:website": "http://www.sncft.com.tn/Ar/",
        "operator:wikidata": "Q2297197",
        "operator:wikipedia": "ar:الشركة الوطنية للسكك الحديدية التونسية",
        "operator:wikipedia:ar": "الشركة الوطنية للسكك الحديدية التونسية",
        "public_transport": "platform",
        "route_ref": "Tunis_Ville-Erriadh",
        "shelter": "no"
      },
      "geometry": {
        "type": "Point",
        "coordinates": [
          10.3964906,
          36.7019512
        ]
      },
      "id": "node/3732837789"
    },
    {
      "type": "Feature",
      "properties": {
        "@id": "node/3732837850",
        "bus": "yes",
        "gtfs_id": "89",
        "highway": "bus_stop",
        "name": "بئر القصعة",
        "name:ar": "بئر القصعة",
        "name:fr": "Bir Kassaa",
        "operator": "الشركة الوطنية للسكك الحديدية التونسية",
        "operator:ar": "الشركة الوطنية للسكك الحديدية التونسية",
        "operator:website": "http://www.sncft.com.tn/Ar/",
        "operator:wikidata": "Q2297197",
        "operator:wikipedia": "ar:الشركة الوطنية للسكك الحديدية التونسية",
        "operator:wikipedia:ar": "الشركة الوطنية للسكك الحديدية التونسية",
        "public_transport": "platform"
      },
      "geometry": {
        "type": "Point",
        "coordinates": [
          10.2279299,
          36.7395962
        ]
      },
      "id": "node/3732837850"
    },
    {
      "type": "Feature",
      "properties": {
        "@id": "node/3732837853",
        "bus": "yes",
        "gtfs_id": "197",
        "highway": "bus_stop",
        "name": "منوبة",
        "name:ar": "منوبة",
        "name:fr": "Mannouba",
        "operator": "الشركة الوطنية للسكك الحديدية التونسية",
        "operator:ar": "الشركة الوطنية للسكك الحديدية التونسية",
        "operator:website": "http://www.sncft.com.tn/Ar/",
        "operator:wikidata": "Q2297197",
        "operator:wikipedia": "ar:الشركة الوطنية للسكك الحديدية التونسية",
        "operator:wikipedia:ar": "الشركة الوطنية للسكك الحديدية التونسية",
        "public_transport": "platform",
        "route_ref": "Tunis Ville-Bizerte"
      },
      "geometry": {
        "type": "Point",
        "coordinates": [
          10.0991708,
          36.814764
        ]
      },
      "id": "node/3732837853"
    },
    {
      "type": "Feature",
      "properties": {
        "@id": "node/3732837860",
        "bus": "yes",
        "gtfs_id": "199",
        "highway": "bus_stop",
        "name": "Cité Erraoudha",
        "name:fr": "Cité Erraoudha",
        "operator": "الشركة الوطنية للسكك الحديدية التونسية",
        "operator:ar": "الشركة الوطنية للسكك الحديدية التونسية",
        "operator:fr": "Société Nationale des Chemins de Fer Tunisiens",
        "operator:short": "SNCFT",
        "operator:short:fr": "SNCFT",
        "operator:website": "http://www.sncft.com.tn/Ar/",
        "operator:wikidata": "Q2297197",
        "public_transport": "platform"
      },
      "geometry": {
        "type": "Point",
        "coordinates": [
          10.1387023,
          36.8047749
        ]
      },
      "id": "node/3732837860"
    },
    {
      "type": "Feature",
      "properties": {
        "@id": "node/3750284165",
        "amenity": "bus_station",
        "bus": "yes",
        "name": "محطة الحافلات",
        "name:ar": "محطة الحافلات",
        "name:fr": "Gare de bus",
        "public_transport": "station"
      },
      "geometry": {
        "type": "Point",
        "coordinates": [
          10.4932474,
          36.6932566
        ]
      },
      "id": "node/3750284165"
    },
    {
      "type": "Feature",
      "properties": {
        "@id": "node/3843950316",
        "addr:city": "تونس",
        "addr:city:ar": "تونس",
        "light_rail": "yes",
        "name": "الانطلاقة",
        "name:ar": "الانطلاقة",
        "name:fr": "Intilaka",
        "public_transport": "station",
        "railway": "station",
        "station": "light_rail"
      },
      "geometry": {
        "type": "Point",
        "coordinates": [
          10.1170373,
          36.8391913
        ]
      },
      "id": "node/3843950316"
    },
    {
      "type": "Feature",
      "properties": {
        "@id": "node/3843956271",
        "light_rail": "yes",
        "name": "التضامن",
        "name:ar": "التضامن",
        "name:fr": "Ettadhamen",
        "public_transport": "station",
        "railway": "station"
      },
      "geometry": {
        "type": "Point",
        "coordinates": [
          10.1176634,
          36.8357261
        ]
      },
      "id": "node/3843956271"
    },
    {
      "type": "Feature",
      "properties": {
        "@id": "node/3855238006",
        "bus": "yes",
        "highway": "bus_stop",
        "name": "Arret de bus",
        "public_transport": "platform"
      },
      "geometry": {
        "type": "Point",
        "coordinates": [
          10.1061665,
          36.8353631
        ]
      },
      "id": "node/3855238006"
    },
    {
      "type": "Feature",
      "properties": {
        "@id": "node/3866341684",
        "bus": "yes",
        "highway": "bus_stop",
        "public_transport": "platform"
      },
      "geometry": {
        "type": "Point",
        "coordinates": [
          10.1108169,
          36.8375111
        ]
      },
      "id": "node/3866341684"
    },
    {
      "type": "Feature",
      "properties": {
        "@id": "node/3871434986",
        "bus": "yes",
        "highway": "bus_stop",
        "public_transport": "platform"
      },
      "geometry": {
        "type": "Point",
        "coordinates": [
          10.14647,
          36.81398
        ]
      },
      "id": "node/3871434986"
    },
    {
      "type": "Feature",
      "properties": {
        "@id": "node/3871434987",
        "bus": "yes",
        "highway": "bus_stop",
        "public_transport": "platform"
      },
      "geometry": {
        "type": "Point",
        "coordinates": [
          10.1459261,
          36.8141581
        ]
      },
      "id": "node/3871434987"
    },
    {
      "type": "Feature",
      "properties": {
        "@id": "node/3995088058",
        "light_rail": "yes",
        "name": "العمران الأعلى",
        "name:ar": "العمران الأعلى",
        "name:fr": "Omrane Superieur",
        "operator": "شركة النقل بتونس",
        "public_transport": "station",
        "railway": "station"
      },
      "geometry": {
        "type": "Point",
        "coordinates": [
          10.1239946,
          36.8305743
        ]
      },
      "id": "node/3995088058"
    },
    {
      "type": "Feature",
      "properties": {
        "@id": "node/3995088067",
        "light_rail": "yes",
        "name": "الياسمين",
        "name:ar": "الياسمين",
        "name:fr": "Les Jasmins",
        "operator": "شركة النقل بتونس",
        "public_transport": "station",
        "railway": "station"
      },
      "geometry": {
        "type": "Point",
        "coordinates": [
          10.1345873,
          36.825827
        ]
      },
      "id": "node/3995088067"
    },
    {
      "type": "Feature",
      "properties": {
        "@id": "node/3995088080",
        "light_rail": "yes",
        "name": "الرمانة",
        "name:ar": "الرمانة",
        "name:en": "Rommana",
        "name:fr": "Rommana",
        "operator": "شركة النقل بتونس",
        "public_transport": "station",
        "railway": "station",
        "station": "light_rail"
      },
      "geometry": {
        "type": "Point",
        "coordinates": [
          10.1508884,
          36.8235302
        ]
      },
      "id": "node/3995088080"
    },
    {
      "type": "Feature",
      "properties": {
        "@id": "node/4124638007",
        "bus": "yes",
        "highway": "bus_stop",
        "public_transport": "platform"
      },
      "geometry": {
        "type": "Point",
        "coordinates": [
          9.9438309,
          36.7984294
        ]
      },
      "id": "node/4124638007"
    },
    {
      "type": "Feature",
      "properties": {
        "@id": "node/4124657006",
        "bus": "yes",
        "highway": "bus_stop",
        "public_transport": "platform"
      },
      "geometry": {
        "type": "Point",
        "coordinates": [
          9.9428457,
          36.8131252
        ]
      },
      "id": "node/4124657006"
    },
    {
      "type": "Feature",
      "properties": {
        "@id": "node/4124657697",
        "bus": "yes",
        "highway": "bus_stop",
        "name": "swessi",
        "public_transport": "platform"
      },
      "geometry": {
        "type": "Point",
        "coordinates": [
          9.9345332,
          36.8226522
        ]
      },
      "id": "node/4124657697"
    },
    {
      "type": "Feature",
      "properties": {
        "@id": "node/4251900290",
        "bus": "yes",
        "highway": "bus_stop",
        "name": "19C",
        "public_transport": "platform"
      },
      "geometry": {
        "type": "Point",
        "coordinates": [
          10.2434539,
          36.7449373
        ]
      },
      "id": "node/4251900290"
    },
    {
      "type": "Feature",
      "properties": {
        "@id": "node/4251900291",
        "addr:postcode": "2063",
        "addr:street": "شارع فيصل إبن عبدالعزيز",
        "amenity": "bus_station",
        "bus": "yes",
        "name": "19C",
        "public_transport": "station"
      },
      "geometry": {
        "type": "Point",
        "coordinates": [
          10.2515009,
          36.7484537
        ]
      },
      "id": "node/4251900291"
    },
    {
      "type": "Feature",
      "properties": {
        "@id": "node/4289312795",
        "amenity": "bus_station",
        "bus": "yes",
        "public_transport": "station"
      },
      "geometry": {
        "type": "Point",
        "coordinates": [
          10.3469967,
          36.87323
        ]
      },
      "id": "node/4289312795"
    },
    {
      "type": "Feature",
      "properties": {
        "@id": "node/10295305278",
        "bus": "yes",
        "highway": "bus_stop",
        "name": "العالية (إياب)",
        "name:ar": "العالية (إياب)",
        "name:fr": "EL ALIA (Retour)",
        "public_transport": "stop_position"
      },
      "geometry": {
        "type": "Point",
        "coordinates": [
          10.0292889,
          36.602505
        ]
      },
      "id": "node/10295305278"
    },
    {
      "type": "Feature",
      "properties": {
        "@id": "node/10295305279",
        "bus": "yes",
        "highway": "bus_stop",
        "name": "العالية (ذهاب)",
        "name:ar": "العالية (ذهاب)",
        "name:fr": "EL ALIA (Aller)",
        "public_transport": "stop_position"
      },
      "geometry": {
        "type": "Point",
        "coordinates": [
          10.0290579,
          36.6025386
        ]
      },
      "id": "node/10295305279"
    },
    {
      "type": "Feature",
      "properties": {
        "@id": "node/10295304871",
        "bus": "yes",
        "highway": "bus_stop",
        "name": "سيدي حميدة",
        "name:ar": "سيدي حميدة",
        "name:fr": "SIDI HMIDA",
        "public_transport": "stop_position"
      },
      "geometry": {
        "type": "Point",
        "coordinates": [
          9.9067816,
          36.6273237
        ]
      },
      "id": "node/10295304871"
    },
    {
      "type": "Feature",
      "properties": {
        "@id": "node/10295304872",
        "bus": "yes",
        "highway": "bus_stop",
        "name": "طريق سيدي حميدة (إياب)",
        "name:ar": "طريق سيدي حميدة (إياب)",
        "name:fr": "ROUTE SIDI HMIDA (Retour)",
        "public_transport": "stop_position"
      },
      "geometry": {
        "type": "Point",
        "coordinates": [
          9.9207077,
          36.6288004
        ]
      },
      "id": "node/10295304872"
    },
    {
      "type": "Feature",
      "properties": {
        "@id": "node/10295304873",
        "bus": "yes",
        "highway": "bus_stop",
        "name": "طريق سيدي حميدة (ذهاب)",
        "name:ar": "طريق سيدي حميدة (ذهاب)",
        "name:fr": "ROUTE SIDI HMIDA (Aller)",
        "public_transport": "stop_position"
      },
      "geometry": {
        "type": "Point",
        "coordinates": [
          9.9205789,
          36.6289295
        ]
      },
      "id": "node/10295304873"
    },
    {
      "type": "Feature",
      "properties": {
        "@id": "node/10295304874",
        "bus": "yes",
        "highway": "bus_stop",
        "name": "واد لبيض (إياب)",
        "name:ar": "واد لبيض (إياب)",
        "name:fr": "OUED LABIEDH (Retour)",
        "public_transport": "stop_position"
      },
      "geometry": {
        "type": "Point",
        "coordinates": [
          9.9417147,
          36.627582
        ]
      },
      "id": "node/10295304874"
    },
    {
      "type": "Feature",
      "properties": {
        "@id": "node/10295304875",
        "bus": "yes",
        "highway": "bus_stop",
        "name": "واد لبيض (ذهاب)",
        "name:ar": "واد لبيض (ذهاب)",
        "name:fr": "OUED LABIEDH (Aller)",
        "public_transport": "stop_position"
      },
      "geometry": {
        "type": "Point",
        "coordinates": [
          9.9415055,
          36.6276294
        ]
      },
      "id": "node/10295304875"
    },
    {
      "type": "Feature",
      "properties": {
        "@id": "node/10295304877",
        "bus": "yes",
        "highway": "bus_stop",
        "name": "النفيض (ذهاب)",
        "name:ar": "النفيض (ذهاب)",
        "name:fr": "ENFAIEDH (Aller)",
        "public_transport": "stop_position"
      },
      "geometry": {
        "type": "Point",
        "coordinates": [
          9.9548468,
          36.6317493
        ]
      },
      "id": "node/10295304877"
    },
    {
      "type": "Feature",
      "properties": {
        "@id": "node/10295304876",
        "bus": "yes",
        "highway": "bus_stop",
        "name": "النفيض (إياب)",
        "name:ar": "النفيض (إياب)",
        "name:fr": "ENFAIEDH (Retour)",
        "public_transport": "stop_position"
      },
      "geometry": {
        "type": "Point",
        "coordinates": [
          9.9550024,
          36.6317277
        ]
      },
      "id": "node/10295304876"
    },
    {
      "type": "Feature",
      "properties": {
        "@id": "node/10295304863",
        "bus": "yes",
        "highway": "bus_stop",
        "name": "مفترق برج العامري23د/23",
        "name:ar": "مفترق برج العامري23د/23",
        "name:fr": "Croisement Borj AMRI 23D-23/",
        "public_transport": "stop_position"
      },
      "geometry": {
        "type": "Point",
        "coordinates": [
          9.9120334,
          36.6729273
        ]
      },
      "id": "node/10295304863"
    },
    {
      "type": "Feature",
      "properties": {
        "@id": "node/10295304864",
        "bus": "yes",
        "highway": "bus_stop",
        "name": "مفترق برج العامري (ذهاب)",
        "name:ar": "مفترق برج العامري (ذهاب)",
        "name:fr": "CROISEMENT BORJ AMRI (Aller)",
        "public_transport": "stop_position"
      },
      "geometry": {
        "type": "Point",
        "coordinates": [
          9.9118188,
          36.6729316
        ]
      },
      "id": "node/10295304864"
    },
    {
      "type": "Feature",
      "properties": {
        "@id": "node/10295304865",
        "bus": "yes",
        "highway": "bus_stop",
        "name": "ستاغ منزل حبيب 23د/23",
        "name:ar": "ستاغ منزل حبيب 23د/23",
        "name:fr": "STEG MENZEL HBIB 23D-23/",
        "public_transport": "stop_position"
      },
      "geometry": {
        "type": "Point",
        "coordinates": [
          9.9226603,
          36.6804995
        ]
      },
      "id": "node/10295304865"
    },
    {
      "type": "Feature",
      "properties": {
        "@id": "node/10295304866",
        "bus": "yes",
        "highway": "bus_stop",
        "name": "ستاغ منزل حبيب (ذهاب)",
        "name:ar": "ستاغ منزل حبيب (ذهاب)",
        "name:fr": "STEG MENZEL HBIB (Aller)",
        "public_transport": "stop_position"
      },
      "geometry": {
        "type": "Point",
        "coordinates": [
          9.9224562,
          36.6804556
        ]
      },
      "id": "node/10295304866"
    },
    {
      "type": "Feature",
      "properties": {
        "@id": "node/10295304867",
        "bus": "yes",
        "highway": "bus_stop",
        "name": "مدجنة حبيب 23د/23",
        "name:ar": "مدجنة حبيب 23د/23",
        "name:fr": "POULAILLER MENZEL HBIB 23D-23/",
        "public_transport": "stop_position"
      },
      "geometry": {
        "type": "Point",
        "coordinates": [
          9.9310127,
          36.6861437
        ]
      },
      "id": "node/10295304867"
    },
    {
      "type": "Feature",
      "properties": {
        "@id": "node/10295304868",
        "bus": "yes",
        "highway": "bus_stop",
        "name": "مدجنة منزل حبيب (ذهاب)",
        "name:ar": "مدجنة منزل حبيب (ذهاب)",
        "name:fr": "POULAILLER MENZEL HBIB (Aller)",
        "public_transport": "stop_position"
      },
      "geometry": {
        "type": "Point",
        "coordinates": [
          9.9305031,
          36.6860705
        ]
      },
      "id": "node/10295304868"
    },
    {
      "type": "Feature",
      "properties": {
        "@id": "node/10295304869",
        "bus": "yes",
        "highway": "bus_stop",
        "name": "السجن المدني ببرج العامري 23د/23",
        "name:ar": "السجن المدني ببرج العامري 23د/23",
        "name:fr": "PRISON CIVILE Borj AMRI 23D-23/",
        "public_transport": "stop_position"
      },
      "geometry": {
        "type": "Point",
        "coordinates": [
          9.9409849,
          36.6901778
        ]
      },
      "id": "node/10295304869"
    },
    {
      "type": "Feature",
      "properties": {
        "@id": "node/10295304870",
        "bus": "yes",
        "highway": "bus_stop",
        "name": "السجن المدني ببرج العامري (ذهاب)",
        "name:ar": "السجن المدني ببرج العامري (ذهاب)",
        "name:fr": "PRISON CIVILE BORJ AMRI (Aller)",
        "public_transport": "stop_position"
      },
      "geometry": {
        "type": "Point",
        "coordinates": [
          9.9408189,
          36.6902905
        ]
      },
      "id": "node/10295304870"
    },
    {
      "type": "Feature",
      "properties": {
        "@id": "node/10295304882",
        "bus": "yes",
        "highway": "bus_stop",
        "name": "مدرسة الفجة (إياب)",
        "name:ar": "مدرسة الفجة (إياب)",
        "name:fr": "ECOLE FEJJA (Retour)",
        "public_transport": "platform"
      },
      "geometry": {
        "type": "Point",
        "coordinates": [
          9.952406,
          36.6824698
        ]
      },
      "id": "node/10295304882"
    },
    {
      "type": "Feature",
      "properties": {
        "@id": "node/10295304883",
        "bus": "yes",
        "highway": "bus_stop",
        "name": "مدرسة الفجة (ذهاب)",
        "name:ar": "مدرسة الفجة (ذهاب)",
        "name:fr": "ECOLE FEJJA (Aller)",
        "public_transport": "platform"
      },
      "geometry": {
        "type": "Point",
        "coordinates": [
          9.9526474,
          36.6820353
        ]
      },
      "id": "node/10295304883"
    },
    {
      "type": "Feature",
      "properties": {
        "@id": "node/10295304884",
        "bus": "yes",
        "highway": "bus_stop",
        "name": "حي الفجة (إياب)",
        "name:ar": "حي الفجة (إياب)",
        "name:fr": "CITE FEJJA (Retour)",
        "public_transport": "platform"
      },
      "geometry": {
        "type": "Point",
        "coordinates": [
          9.949756,
          36.6865265
        ]
      },
      "id": "node/10295304884"
    },
    {
      "type": "Feature",
      "properties": {
        "@id": "node/10295304885",
        "bus": "yes",
        "highway": "bus_stop",
        "name": "حي الفجة (ذهاب)",
        "name:ar": "حي الفجة (ذهاب)",
        "name:fr": "CITE FEJJA (Aller)",
        "public_transport": "platform"
      },
      "geometry": {
        "type": "Point",
        "coordinates": [
          9.9495361,
          36.6864534
        ]
      },
      "id": "node/10295304885"
    },
    {
      "type": "Feature",
      "properties": {
        "@id": "node/10295304886",
        "bus": "yes",
        "highway": "bus_stop",
        "name": "مدخل الفجة (إياب)",
        "name:ar": "مدخل الفجة (إياب)",
        "name:fr": "ENTREE FEJJA (Retour)",
        "public_transport": "platform"
      },
      "geometry": {
        "type": "Point",
        "coordinates": [
          9.9467141,
          36.692234
        ]
      },
      "id": "node/10295304886"
    },
    {
      "type": "Feature",
      "properties": {
        "@id": "node/10295304887",
        "bus": "yes",
        "highway": "bus_stop",
        "name": "مدخل الفجة (ذهاب)",
        "name:ar": "مدخل الفجة (ذهاب)",
        "name:fr": "ENTREE FEJJA (Aller)",
        "public_transport": "platform"
      },
      "geometry": {
        "type": "Point",
        "coordinates": [
          9.9464673,
          36.6915973
        ]
      },
      "id": "node/10295304887"
    },
    {
      "type": "Feature",
      "properties": {
        "@id": "node/10295304878",
        "bus": "yes",
        "highway": "bus_stop",
        "name": "واد حلوان (إياب)",
        "name:ar": "واد حلوان (إياب)",
        "name:fr": "OUED HALOUEN (Retour)",
        "public_transport": "stop_position"
      },
      "geometry": {
        "type": "Point",
        "coordinates": [
          9.9651251,
          36.6433242
        ]
      },
      "id": "node/10295304878"
    },
    {
      "type": "Feature",
      "properties": {
        "@id": "node/10295304879",
        "bus": "yes",
        "highway": "bus_stop",
        "name": "واد حلوان (ذهاب)",
        "name:ar": "واد حلوان (ذهاب)",
        "name:fr": "OUED HALOUEN (Aller)",
        "public_transport": "stop_position"
      },
      "geometry": {
        "type": "Point",
        "coordinates": [
          9.96476,
          36.6431383
        ]
      },
      "id": "node/10295304879"
    },
    {
      "type": "Feature",
      "properties": {
        "@id": "node/10295304880",
        "bus": "yes",
        "highway": "bus_stop",
        "name": "مفترق النفيض (إياب)",
        "name:ar": "مفترق النفيض (إياب)",
        "name:fr": "CROISEMENT ENFAIEDH (Retour)",
        "public_transport": "platform"
      },
      "geometry": {
        "type": "Point",
        "coordinates": [
          9.9766587,
          36.6564815
        ]
      },
      "id": "node/10295304880"
    },
    {
      "type": "Feature",
      "properties": {
        "@id": "node/10295304881",
        "bus": "yes",
        "highway": "bus_stop",
        "name": "مفترق النفيض (ذهاب)",
        "name:ar": "مفترق النفيض (ذهاب)",
        "name:fr": "CROISEMENT ENFAIEDH (Aller)",
        "public_transport": "platform"
      },
      "geometry": {
        "type": "Point",
        "coordinates": [
          9.9765835,
          36.6563047
        ]
      },
      "id": "node/10295304881"
    },
    {
      "type": "Feature",
      "properties": {
        "@id": "node/10295305280",
        "bus": "yes",
        "highway": "bus_stop",
        "name": "غول كمون (إياب)",
        "name:ar": "غول كمون (إياب)",
        "name:fr": "GHOUL KAMMOUN (Retour)",
        "public_transport": "stop_position"
      },
      "geometry": {
        "type": "Point",
        "coordinates": [
          10.0375766,
          36.6393763
        ]
      },
      "id": "node/10295305280"
    },
    {
      "type": "Feature",
      "properties": {
        "@id": "node/10295305281",
        "bus": "yes",
        "highway": "bus_stop",
        "name": "غول كمون (ذهاب)",
        "name:ar": "غول كمون (ذهاب)",
        "name:fr": "GHOUL KAMMOUN (Aller)",
        "public_transport": "stop_position"
      },
      "geometry": {
        "type": "Point",
        "coordinates": [
          10.0374044,
          36.6395984
        ]
      },
      "id": "node/10295305281"
    },
    {
      "type": "Feature",
      "properties": {
        "@id": "node/10295305282",
        "bus": "yes",
        "highway": "bus_stop",
        "name": "معمل الكرتوش (إياب)",
        "name:ar": "معمل الكرتوش (إياب)",
        "name:fr": "USINE DE BALLES (Retour)",
        "public_transport": "stop_position"
      },
      "geometry": {
        "type": "Point",
        "coordinates": [
          10.0538096,
          36.6618689
        ]
      },
      "id": "node/10295305282"
    },
    {
      "type": "Feature",
      "properties": {
        "@id": "node/10295305283",
        "bus": "yes",
        "highway": "bus_stop",
        "name": "معمل الكرتوش (ذهاب)",
        "name:ar": "معمل الكرتوش (ذهاب)",
        "name:fr": "USINE DE BALLES (Aller)",
        "public_transport": "stop_position"
      },
      "geometry": {
        "type": "Point",
        "coordinates": [
          10.0536162,
          36.6619369
        ]
      },
      "id": "node/10295305283"
    },
    {
      "type": "Feature",
      "properties": {
        "@id": "node/10295304901",
        "bus": "yes",
        "highway": "bus_stop",
        "name": "حميم الاعلى",
        "name:ar": "حميم الاعلى",
        "name:fr": "HMAIEM SUPÉRIEUR",
        "public_transport": "stop_position"
      },
      "geometry": {
        "type": "Point",
        "coordinates": [
          9.9872962,
          36.6969706
        ]
      },
      "id": "node/10295304901"
    },
    {
      "type": "Feature",
      "properties": {
        "@id": "node/10295304904",
        "bus": "yes",
        "highway": "bus_stop",
        "name": "مفترق حميم (إياب)",
        "name:ar": "مفترق حميم (إياب)",
        "name:fr": "CROISEMENT HMAIEM (Retour)",
        "public_transport": "stop_position"
      },
      "geometry": {
        "type": "Point",
        "coordinates": [
          9.9869851,
          36.7106215
        ]
      },
      "id": "node/10295304904"
    },
    {
      "type": "Feature",
      "properties": {
        "@id": "node/10295304905",
        "bus": "yes",
        "highway": "bus_stop",
        "name": "مفترق حميم (ذهاب)",
        "name:ar": "مفترق حميم (ذهاب)",
        "name:fr": "CROISEMENT HMAIEM (Aller)",
        "public_transport": "stop_position"
      },
      "geometry": {
        "type": "Point",
        "coordinates": [
          9.9868241,
          36.7105484
        ]
      },
      "id": "node/10295304905"
    },
    {
      "type": "Feature",
      "properties": {
        "@id": "node/10295304902",
        "bus": "yes",
        "highway": "bus_stop",
        "name": "حميم (إياب)",
        "name:ar": "حميم (إياب)",
        "name:fr": "HMAIEM (Retour)",
        "public_transport": "stop_position"
      },
      "geometry": {
        "type": "Point",
        "coordinates": [
          9.9969308,
          36.7016141
        ]
      },
      "id": "node/10295304902"
    },
    {
      "type": "Feature",
      "properties": {
        "@id": "node/10295304903",
        "bus": "yes",
        "highway": "bus_stop",
        "name": "حميم (ذهاب)",
        "name:ar": "حميم (ذهاب)",
        "name:fr": "HMAIEM (Aller)",
        "public_transport": "stop_position"
      },
      "geometry": {
        "type": "Point",
        "coordinates": [
          9.996786,
          36.7016399
        ]
      },
      "id": "node/10295304903"
    },
    {
      "type": "Feature",
      "properties": {
        "@id": "node/10295304900",
        "bus": "yes",
        "highway": "bus_stop",
        "name": "المرقب",
        "name:ar": "المرقب",
        "name:fr": "MERGUEB",
        "public_transport": "stop_position"
      },
      "geometry": {
        "type": "Point",
        "coordinates": [
          10.0154108,
          36.683794
        ]
      },
      "id": "node/10295304900"
    },
    {
      "type": "Feature",
      "properties": {
        "@id": "node/10295305284",
        "bus": "yes",
        "highway": "bus_stop",
        "name": "كيوسك (إياب)",
        "name:ar": "كيوسك (إياب)",
        "name:fr": "KIOSQUE (Retour)",
        "public_transport": "stop_position"
      },
      "geometry": {
        "type": "Point",
        "coordinates": [
          10.0640342,
          36.6743772
        ]
      },
      "id": "node/10295305284"
    },
    {
      "type": "Feature",
      "properties": {
        "@id": "node/10295305285",
        "bus": "yes",
        "highway": "bus_stop",
        "name": "كيوسك (ذهاب)",
        "name:ar": "كيوسك (ذهاب)",
        "name:fr": "KIOSQUE (Aller)",
        "public_transport": "stop_position"
      },
      "geometry": {
        "type": "Point",
        "coordinates": [
          10.0638679,
          36.6744031
        ]
      },
      "id": "node/10295305285"
    },
    {
      "type": "Feature",
      "properties": {
        "@id": "node/10295305287",
        "bus": "yes",
        "highway": "bus_stop",
        "name": "الغضاونية الجامع (ذهاب)",
        "name:ar": "الغضاونية الجامع (ذهاب)",
        "name:fr": "GHDHAOUNIA MOSQUE (Aller)",
        "public_transport": "stop_position"
      },
      "geometry": {
        "type": "Point",
        "coordinates": [
          10.053158,
          36.696556
        ]
      },
      "id": "node/10295305287"
    },
    {
      "type": "Feature",
      "properties": {
        "@id": "node/10295305286",
        "bus": "yes",
        "highway": "bus_stop",
        "name": "الغضاونية الجامع (إياب)",
        "name:ar": "الغضاونية الجامع (إياب)",
        "name:fr": "GHDHAOUNIA MOSQUE (Retour)",
        "public_transport": "stop_position"
      },
      "geometry": {
        "type": "Point",
        "coordinates": [
          10.0534717,
          36.696205
        ]
      },
      "id": "node/10295305286"
    },
    {
      "type": "Feature",
      "properties": {
        "@id": "node/10295305002",
        "bus": "yes",
        "highway": "bus_stop",
        "name": "جبانة الانقليز (إياب)",
        "name:ar": "جبانة الانقليز (إياب)",
        "name:fr": "CIMETIERE ANGLAIS (Retour)",
        "public_transport": "platform"
      },
      "geometry": {
        "type": "Point",
        "coordinates": [
          9.9111107,
          36.7218148
        ]
      },
      "id": "node/10295305002"
    },
    {
      "type": "Feature",
      "properties": {
        "@id": "node/10295305004",
        "bus": "yes",
        "highway": "bus_stop",
        "name": "جبانة الانقليز (ذهاب)",
        "name:ar": "جبانة الانقليز (ذهاب)",
        "name:fr": "CIMETIERE ANGLAIS (Aller)",
        "public_transport": "platform"
      },
      "geometry": {
        "type": "Point",
        "coordinates": [
          9.9110356,
          36.7219739
        ]
      },
      "id": "node/10295305004"
    },
    {
      "type": "Feature",
      "properties": {
        "@id": "node/10295305006",
        "bus": "yes",
        "highway": "bus_stop",
        "name": "بوحلاب (إياب)",
        "name:ar": "بوحلاب (اياب)",
        "name:fr": "BOUHALLEB (Retour)",
        "public_transport": "platform"
      },
      "geometry": {
        "type": "Point",
        "coordinates": [
          9.9161157,
          36.7228597
        ]
      },
      "id": "node/10295305006"
    },
    {
      "type": "Feature",
      "properties": {
        "@id": "node/10295305007",
        "bus": "yes",
        "highway": "bus_stop",
        "name": "بوحلاب (ذهاب)",
        "name:ar": "بوحلاب (ذهاب)",
        "name:fr": "BOUHALLEB (Aller)",
        "public_transport": "platform"
      },
      "geometry": {
        "type": "Point",
        "coordinates": [
          9.9159065,
          36.7229156
        ]
      },
      "id": "node/10295305007"
    },
    {
      "type": "Feature",
      "properties": {
        "@id": "node/10295305013",
        "bus": "yes",
        "highway": "bus_stop",
        "name": "برج الخلصي (إياب)",
        "name:ar": "برج الخلصي (اياب)",
        "name:fr": "BORJ KHALSI (Retour)",
        "public_transport": "platform"
      },
      "geometry": {
        "type": "Point",
        "coordinates": [
          9.9264795,
          36.7270338
        ]
      },
      "id": "node/10295305013"
    },
    {
      "type": "Feature",
      "properties": {
        "@id": "node/10295305014",
        "bus": "yes",
        "highway": "bus_stop",
        "name": "برج الخلصي (ذهاب)",
        "name:ar": "برج الخلصي (ذهاب)",
        "name:fr": "BORJ KHALSI (Aller)",
        "public_transport": "platform"
      },
      "geometry": {
        "type": "Point",
        "coordinates": [
          9.9259004,
          36.7269701
        ]
      },
      "id": "node/10295305014"
    },
    {
      "type": "Feature",
      "properties": {
        "@id": "node/10295305008",
        "bus": "yes",
        "highway": "bus_stop",
        "name": "حي الحفصية (إياب)",
        "name:ar": "حي الحفصية (إياب)",
        "name:fr": "CITE HAFSIA (Retour)",
        "public_transport": "platform"
      },
      "geometry": {
        "type": "Point",
        "coordinates": [
          9.9168236,
          36.7336032
        ]
      },
      "id": "node/10295305008"
    },
    {
      "type": "Feature",
      "properties": {
        "@id": "node/10295305010",
        "bus": "yes",
        "highway": "bus_stop",
        "name": "حي الحفصية (ذهاب)",
        "name:ar": "حي الحفصية (ذهاب)",
        "name:fr": "CITE HAFSIA (Aller)",
        "public_transport": "platform"
      },
      "geometry": {
        "type": "Point",
        "coordinates": [
          9.9169658,
          36.7338315
        ]
      },
      "id": "node/10295305010"
    },
    {
      "type": "Feature",
      "properties": {
        "@id": "node/10295305016",
        "bus": "yes",
        "highway": "bus_stop",
        "name": "مطار برج العامري (ذهاب)",
        "name:ar": "مطار برج العامري (ذهاب)",
        "name:fr": "AEROPORT BORJ AMRI (Aller)",
        "public_transport": "stop_position"
      },
      "geometry": {
        "type": "Point",
        "coordinates": [
          9.934285,
          36.7307966
        ]
      },
      "id": "node/10295305016"
    },
    {
      "type": "Feature",
      "properties": {
        "@id": "node/10295305015",
        "bus": "yes",
        "highway": "bus_stop",
        "name": "مطار برج العامري (إياب)",
        "name:ar": "مطار برج العامري (اياب)",
        "name:fr": "AEROPORT BORJ AMRI (Retour)",
        "public_transport": "stop_position"
      },
      "geometry": {
        "type": "Point",
        "coordinates": [
          9.9353094,
          36.7310924
        ]
      },
      "id": "node/10295305015"
    },
    {
      "type": "Feature",
      "properties": {
        "@id": "node/10295305019",
        "bus": "yes",
        "highway": "bus_stop",
        "name": "المنطقة الصناعية (إياب)",
        "name:ar": "المنطقة الصناعية (إياب)",
        "name:fr": "ZONE INDUSTRIELLE (Retour)",
        "public_transport": "platform"
      },
      "geometry": {
        "type": "Point",
        "coordinates": [
          9.9453464,
          36.7361706
        ]
      },
      "id": "node/10295305019"
    },
    {
      "type": "Feature",
      "properties": {
        "@id": "node/10295305020",
        "bus": "yes",
        "highway": "bus_stop",
        "name": "المنطقة الصناعية (ذهاب)",
        "name:ar": "المنطقة الصناعية (ذهاب)",
        "name:fr": "ZONE INDUSTRIELLE (Aller)",
        "public_transport": "platform"
      },
      "geometry": {
        "type": "Point",
        "coordinates": [
          9.9450511,
          36.7362428
        ]
      },
      "id": "node/10295305020"
    },
    {
      "type": "Feature",
      "properties": {
        "@id": "node/10295305038",
        "bus": "yes",
        "highway": "bus_stop",
        "name": "قصر حديد",
        "name:ar": "قصر حديد",
        "name:fr": "KSAR HDID",
        "public_transport": "stop_position"
      },
      "geometry": {
        "type": "Point",
        "coordinates": [
          9.9274668,
          36.7558749
        ]
      },
      "id": "node/10295305038"
    },
    {
      "type": "Feature",
      "properties": {
        "@id": "node/10295305039",
        "bus": "yes",
        "highway": "bus_stop",
        "name": "أحمد لعويني (إياب)",
        "name:ar": "أحمد لعويني (اياب)",
        "name:fr": "AHMED LAOUINI (Retour)",
        "public_transport": "stop_position"
      },
      "geometry": {
        "type": "Point",
        "coordinates": [
          9.9259998,
          36.764071
        ]
      },
      "id": "node/10295305039"
    },
    {
      "type": "Feature",
      "properties": {
        "@id": "node/10295305040",
        "bus": "yes",
        "highway": "bus_stop",
        "name": "أحمد لعويني (ذهاب)",
        "name:ar": "أحمد لعويني (ذهاب)",
        "name:fr": "AHMED LAOUINI (Aller)",
        "public_transport": "stop_position"
      },
      "geometry": {
        "type": "Point",
        "coordinates": [
          9.9258575,
          36.764062
        ]
      },
      "id": "node/10295305040"
    },
    {
      "type": "Feature",
      "properties": {
        "@id": "node/10295305055",
        "bus": "yes",
        "highway": "bus_stop",
        "name": "جنيح (إياب)",
        "name:ar": "جنيح (إياب)",
        "name:fr": "JNAIEH (Retour)",
        "public_transport": "stop_position"
      },
      "geometry": {
        "type": "Point",
        "coordinates": [
          9.9573495,
          36.7682309
        ]
      },
      "id": "node/10295305055"
    },
    {
      "type": "Feature",
      "properties": {
        "@id": "node/10295305056",
        "bus": "yes",
        "highway": "bus_stop",
        "name": "جنيح (ذهاب)",
        "name:ar": "جنيح (ذهاب)",
        "name:fr": "JNAIEH (Aller)",
        "public_transport": "stop_position"
      },
      "geometry": {
        "type": "Point",
        "coordinates": [
          9.95747,
          36.7683164
        ]
      },
      "id": "node/10295305056"
    },
    {
      "type": "Feature",
      "properties": {
        "@id": "node/10295304610",
        "bus": "yes",
        "highway": "bus_stop",
        "name": "الحثرمين",
        "name:ar": "الحثرمين",
        "name:fr": "ELHATHERMINE",
        "public_transport": "stop_position"
      },
      "geometry": {
        "type": "Point",
        "coordinates": [
          9.9012668,
          36.7960271
        ]
      },
      "id": "node/10295304610"
    },
    {
      "type": "Feature",
      "properties": {
        "@id": "node/10295304611",
        "bus": "yes",
        "highway": "bus_stop",
        "name": "طياري",
        "name:ar": "طياري",
        "name:fr": "TAYARI",
        "public_transport": "stop_position"
      },
      "geometry": {
        "type": "Point",
        "coordinates": [
          9.9032572,
          36.797201
        ]
      },
      "id": "node/10295304611"
    },
    {
      "type": "Feature",
      "properties": {
        "@id": "node/10295304612",
        "bus": "yes",
        "highway": "bus_stop",
        "name": "المنصورة 1",
        "name:ar": "المنصورة 1",
        "name:fr": "MANSOURA 1",
        "public_transport": "stop_position"
      },
      "geometry": {
        "type": "Point",
        "coordinates": [
          9.9054674,
          36.7968745
        ]
      },
      "id": "node/10295304612"
    },
    {
      "type": "Feature",
      "properties": {
        "@id": "node/10295304293",
        "bus": "yes",
        "highway": "bus_stop",
        "name": "2 زاهرة",
        "name:ar": "2 زاهرة",
        "name:fr": "ZEHRA 2",
        "public_transport": "stop_position"
      },
      "geometry": {
        "type": "Point",
        "coordinates": [
          9.9011681,
          36.8094157
        ]
      },
      "id": "node/10295304293"
    },
    {
      "type": "Feature",
      "properties": {
        "@id": "node/10295304478",
        "bus": "yes",
        "highway": "bus_stop",
        "name": "زاهرة 1",
        "name:ar": "زاهرة 1",
        "name:fr": "ZEHRA 1",
        "public_transport": "stop_position"
      },
      "geometry": {
        "type": "Point",
        "coordinates": [
          9.9090232,
          36.8129061
        ]
      },
      "id": "node/10295304478"
    },
    {
      "type": "Feature",
      "properties": {
        "@id": "node/10295305041",
        "bus": "yes",
        "highway": "bus_stop",
        "name": "حي تبلطش (إياب)",
        "name:ar": "حي تبلطش (إياب)",
        "name:fr": "CITE TEBALTECH (Retour)",
        "public_transport": "stop_position"
      },
      "geometry": {
        "type": "Point",
        "coordinates": [
          9.9225612,
          36.776436
        ]
      },
      "id": "node/10295305041"
    },
    {
      "type": "Feature",
      "properties": {
        "@id": "node/10295305042",
        "bus": "yes",
        "highway": "bus_stop",
        "name": "حي تبلطش (ذهاب)",
        "name:ar": "حي تبلطش (ذهاب)",
        "name:fr": "CITE TEBALTECH (Aller)",
        "public_transport": "stop_position"
      },
      "geometry": {
        "type": "Point",
        "coordinates": [
          9.9224968,
          36.7764962
        ]
      },
      "id": "node/10295305042"
    },
    {
      "type": "Feature",
      "properties": {
        "@id": "node/10295305043",
        "bus": "yes",
        "highway": "bus_stop",
        "name": "تبلطش (إياب)",
        "name:ar": "تبلطش (إياب)",
        "name:fr": "TEBALTECH (Retour)",
        "public_transport": "stop_position"
      },
      "geometry": {
        "type": "Point",
        "coordinates": [
          9.9246076,
          36.779106
        ]
      },
      "id": "node/10295305043"
    },
    {
      "type": "Feature",
      "properties": {
        "@id": "node/10295305044",
        "bus": "yes",
        "highway": "bus_stop",
        "name": "تبلطش (ذهاب)",
        "name:ar": "تبلطش (ذهاب)",
        "name:fr": "TEBALTECH (Aller)",
        "public_transport": "stop_position"
      },
      "geometry": {
        "type": "Point",
        "coordinates": [
          9.9245218,
          36.7791962
        ]
      },
      "id": "node/10295305044"
    },
    {
      "type": "Feature",
      "properties": {
        "@id": "node/10295305053",
        "bus": "yes",
        "highway": "bus_stop",
        "name": "افينيون (إياب)",
        "name:ar": "افينيون (اياب)",
        "name:fr": "AVENION (Retour)",
        "public_transport": "stop_position"
      },
      "geometry": {
        "type": "Point",
        "coordinates": [
          9.9525991,
          36.7748135
        ]
      },
      "id": "node/10295305053"
    },
    {
      "type": "Feature",
      "properties": {
        "@id": "node/10295305054",
        "bus": "yes",
        "highway": "bus_stop",
        "name": "افينيون (ذهاب)",
        "name:ar": "افينيون (ذهاب)",
        "name:fr": "AVENION (Aller)",
        "public_transport": "stop_position"
      },
      "geometry": {
        "type": "Point",
        "coordinates": [
          9.9527172,
          36.7749897
        ]
      },
      "id": "node/10295305054"
    },
    {
      "type": "Feature",
      "properties": {
        "@id": "node/10295305049",
        "bus": "yes",
        "highway": "bus_stop",
        "name": "علي بن مبارك (إياب)",
        "name:ar": "علي بن مبارك (اياب)",
        "name:fr": "ALI BEN MBAREK (Retour)",
        "public_transport": "stop_position"
      },
      "geometry": {
        "type": "Point",
        "coordinates": [
          9.9485651,
          36.7811855
        ]
      },
      "id": "node/10295305049"
    },
    {
      "type": "Feature",
      "properties": {
        "@id": "node/10295305050",
        "bus": "yes",
        "highway": "bus_stop",
        "name": "علي بن مبارك (ذهاب)",
        "name:ar": "علي بن مبارك (ذهاب)",
        "name:fr": "ALI BEN MBAREK (Aller)",
        "public_transport": "stop_position"
      },
      "geometry": {
        "type": "Point",
        "coordinates": [
          9.9487074,
          36.7812289
        ]
      },
      "id": "node/10295305050"
    },
    {
      "type": "Feature",
      "properties": {
        "@id": "node/10295305051",
        "bus": "yes",
        "highway": "bus_stop",
        "name": "كشباطي (إياب)",
        "name:ar": "كشباطي (إياب)",
        "name:fr": "KOCHBATI (Retour)",
        "public_transport": "stop_position"
      },
      "geometry": {
        "type": "Point",
        "coordinates": [
          9.9512126,
          36.7769602
        ]
      },
      "id": "node/10295305051"
    },
    {
      "type": "Feature",
      "properties": {
        "@id": "node/10295305052",
        "bus": "yes",
        "highway": "bus_stop",
        "name": "كشباطي (ذهاب)",
        "name:ar": "كشباطي (ذهاب)",
        "name:fr": "KOCHBATI (Aller)",
        "public_transport": "stop_position"
      },
      "geometry": {
        "type": "Point",
        "coordinates": [
          9.9513064,
          36.7770562
        ]
      },
      "id": "node/10295305052"
    },
    {
      "type": "Feature",
      "properties": {
        "@id": "node/10295305045",
        "bus": "yes",
        "highway": "bus_stop",
        "name": "حي المباني (إياب)",
        "name:ar": "حي المباني (إياب)",
        "name:fr": "CITE DES IMMEUBLES (Retour)",
        "public_transport": "stop_position"
      },
      "geometry": {
        "type": "Point",
        "coordinates": [
          9.942718,
          36.783854
        ]
      },
      "id": "node/10295305045"
    },
    {
      "type": "Feature",
      "properties": {
        "@id": "node/10295305046",
        "bus": "yes",
        "highway": "bus_stop",
        "name": "حي المباني (ذهاب)",
        "name:ar": "حي المباني (ذهاب)",
        "name:fr": "CITE DES IMMEUBLES (Aller)",
        "public_transport": "stop_position"
      },
      "geometry": {
        "type": "Point",
        "coordinates": [
          9.9426054,
          36.7839271
        ]
      },
      "id": "node/10295305046"
    },
    {
      "type": "Feature",
      "properties": {
        "@id": "node/10295305047",
        "bus": "yes",
        "highway": "bus_stop",
        "name": "مدخل البساتين (إياب)",
        "name:ar": "مدخل البساتين (إياب)",
        "name:fr": "ENTREE BASSATINE (Retour)",
        "public_transport": "stop_position"
      },
      "geometry": {
        "type": "Point",
        "coordinates": [
          9.9473957,
          36.7829342
        ]
      },
      "id": "node/10295305047"
    },
    {
      "type": "Feature",
      "properties": {
        "@id": "node/10295305048",
        "bus": "yes",
        "highway": "bus_stop",
        "name": "مدخل البساتين (ذهاب)",
        "name:ar": "مدخل البساتين (ذهاب)",
        "name:fr": "ENTREE BASSATINE (Aller)",
        "public_transport": "stop_position"
      },
      "geometry": {
        "type": "Point",
        "coordinates": [
          9.9475727,
          36.7830373
        ]
      },
      "id": "node/10295305048"
    },
    {
      "type": "Feature",
      "properties": {
        "@id": "node/10295304613",
        "bus": "yes",
        "highway": "bus_stop",
        "name": "جامع المنصورة",
        "name:ar": "جامع المنصورة",
        "name:fr": "MOSQUÉE EL MANSOURA",
        "public_transport": "stop_position"
      },
      "geometry": {
        "type": "Point",
        "coordinates": [
          9.9091474,
          36.7991597
        ]
      },
      "id": "node/10295304613"
    },
    {
      "type": "Feature",
      "properties": {
        "@id": "node/10295304614",
        "bus": "yes",
        "highway": "bus_stop",
        "name": "المنصورة 3",
        "name:ar": "المنصورة 3",
        "name:fr": "MANSOURA 3",
        "public_transport": "stop_position"
      },
      "geometry": {
        "type": "Point",
        "coordinates": [
          9.9189321,
          36.8087596
        ]
      },
      "id": "node/10295304614"
    },
    {
      "type": "Feature",
      "properties": {
        "@id": "node/10295304615",
        "bus": "yes",
        "highway": "bus_stop",
        "name": "المنصورة 4",
        "name:ar": "المنصورة 4",
        "name:fr": "MANSOURA 4",
        "public_transport": "stop_position"
      },
      "geometry": {
        "type": "Point",
        "coordinates": [
          9.9189482,
          36.8110874
        ]
      },
      "id": "node/10295304615"
    },
    {
      "type": "Feature",
      "properties": {
        "@id": "node/10295304616",
        "bus": "yes",
        "highway": "bus_stop",
        "name": "العطار",
        "name:ar": "العطار",
        "name:fr": "EL ATTAR",
        "public_transport": "stop_position"
      },
      "geometry": {
        "type": "Point",
        "coordinates": [
          9.9179826,
          36.8127495
        ]
      },
      "id": "node/10295304616"
    },
    {
      "type": "Feature",
      "properties": {
        "@id": "node/10295304617",
        "bus": "yes",
        "highway": "bus_stop",
        "name": "بن ساسي",
        "name:ar": "بن ساسي",
        "name:fr": "BEN SASSI",
        "public_transport": "stop_position"
      },
      "geometry": {
        "type": "Point",
        "coordinates": [
          9.9161695,
          36.81514
        ]
      },
      "id": "node/10295304617"
    },
    {
      "type": "Feature",
      "properties": {
        "@id": "node/10295304618",
        "bus": "yes",
        "highway": "bus_stop",
        "name": "جامع بن ساسي",
        "name:ar": "جامع بن ساسي",
        "name:fr": "MOSQUÉE BEN SASSI",
        "public_transport": "stop_position"
      },
      "geometry": {
        "type": "Point",
        "coordinates": [
          9.9171434,
          36.8164848
        ]
      },
      "id": "node/10295304618"
    },
    {
      "type": "Feature",
      "properties": {
        "@id": "node/10295304619",
        "bus": "yes",
        "highway": "bus_stop",
        "name": "حي عمدة",
        "name:ar": "حي عمدة",
        "name:fr": "CITÉ OMDA",
        "public_transport": "stop_position"
      },
      "geometry": {
        "type": "Point",
        "coordinates": [
          9.9198468,
          36.8177082
        ]
      },
      "id": "node/10295304619"
    },
    {
      "type": "Feature",
      "properties": {
        "@id": "node/10295304621",
        "bus": "yes",
        "highway": "bus_stop",
        "name": "نهاية الخط 16",
        "name:ar": "نهاية الخط 16",
        "name:fr": "Terminus 16",
        "public_transport": "stop_position"
      },
      "geometry": {
        "type": "Point",
        "coordinates": [
          9.944094,
          36.7975924
        ]
      },
      "id": "node/10295304621"
    },
    {
      "type": "Feature",
      "properties": {
        "@id": "node/10295304622",
        "bus": "yes",
        "highway": "bus_stop",
        "name": "مقهى الحبيبية",
        "name:ar": "مقهى الحبيبية",
        "name:fr": "CAFÉ EL HBIBIA",
        "public_transport": "stop_position"
      },
      "geometry": {
        "type": "Point",
        "coordinates": [
          9.9428681,
          36.8017241
        ]
      },
      "id": "node/10295304622"
    },
    {
      "type": "Feature",
      "properties": {
        "@id": "node/10295304623",
        "bus": "yes",
        "highway": "bus_stop",
        "name": "الحبيبية",
        "name:ar": "الحبيبية",
        "name:fr": "EL HBIBIA",
        "public_transport": "stop_position"
      },
      "geometry": {
        "type": "Point",
        "coordinates": [
          9.9418703,
          36.8062899
        ]
      },
      "id": "node/10295304623"
    },
    {
      "type": "Feature",
      "properties": {
        "@id": "node/10295304624",
        "bus": "yes",
        "highway": "bus_stop",
        "name": "مُلْتَقى طُرُق الحبيبية",
        "name:ar": "مُلْتَقى طُرُق الحبيبية",
        "name:fr": "ROND POINT EL HBIBIA",
        "public_transport": "stop_position"
      },
      "geometry": {
        "type": "Point",
        "coordinates": [
          9.9428306,
          36.8131833
        ]
      },
      "id": "node/10295304624"
    },
    {
      "type": "Feature",
      "properties": {
        "@id": "node/10295305294",
        "bus": "yes",
        "highway": "bus_stop",
        "name": "السجن المدني بالمرناقية",
        "name:ar": "السجن المدني بالمرناقية",
        "name:fr": "PRISON CIVILE MORNAGUIA",
        "public_transport": "stop_position"
      },
      "geometry": {
        "type": "Point",
        "coordinates": [
          9.9755639,
          36.7398368
        ]
      },
      "id": "node/10295305294"
    },
    {
      "type": "Feature",
      "properties": {
        "@id": "node/10295304906",
        "bus": "yes",
        "highway": "bus_stop",
        "name": "مدجنة حميم (إياب)",
        "name:ar": "مدجنة حميم (إياب)",
        "name:fr": "POULAILLER HMAIEM (Retour)",
        "public_transport": "stop_position"
      },
      "geometry": {
        "type": "Point",
        "coordinates": [
          9.9918667,
          36.7179922
        ]
      },
      "id": "node/10295304906"
    },
    {
      "type": "Feature",
      "properties": {
        "@id": "node/10295304907",
        "bus": "yes",
        "highway": "bus_stop",
        "name": "مدجنة حميم (ذهاب)",
        "name:ar": "مدجنة حميم (ذهاب)",
        "name:fr": "POULAILLER HMAIEM (Aller)",
        "public_transport": "stop_position"
      },
      "geometry": {
        "type": "Point",
        "coordinates": [
          9.9917326,
          36.7180179
        ]
      },
      "id": "node/10295304907"
    },
    {
      "type": "Feature",
      "properties": {
        "@id": "node/10295305295",
        "bus": "yes",
        "highway": "bus_stop",
        "name": "مفترق سيدي علي الحطاب (إياب)",
        "name:ar": "مفترق سيدي علي الحطاب (إياب)",
        "name:fr": "CROISEMENT SIDI ALI HATTAB (Retour)",
        "public_transport": "stop_position"
      },
      "geometry": {
        "type": "Point",
        "coordinates": [
          9.9732278,
          36.7488532
        ]
      },
      "id": "node/10295305295"
    },
    {
      "type": "Feature",
      "properties": {
        "@id": "node/10295305296",
        "bus": "yes",
        "highway": "bus_stop",
        "name": "مفترق سيدي علي الحطاب (ذهاب)",
        "name:ar": "مفترق سيدي علي الحطاب (ذهاب)",
        "name:fr": "CROISEMENT SIDI ALI HATTAB (Aller)",
        "public_transport": "stop_position"
      },
      "geometry": {
        "type": "Point",
        "coordinates": [
          9.9733987,
          36.7489266
        ]
      },
      "id": "node/10295305296"
    },
    {
      "type": "Feature",
      "properties": {
        "@id": "node/10295305064",
        "bus": "yes",
        "highway": "bus_stop",
        "name": "سيدي عمارة (إياب)",
        "name:ar": "سيدي عمارة (إياب)",
        "name:fr": "SIDI AMARA (Retour)",
        "public_transport": "stop_position"
      },
      "geometry": {
        "type": "Point",
        "coordinates": [
          9.971256,
          36.7535656
        ]
      },
      "id": "node/10295305064"
    },
    {
      "type": "Feature",
      "properties": {
        "@id": "node/10295305065",
        "bus": "yes",
        "highway": "bus_stop",
        "name": "سيدي عمارة (ذهاب)",
        "name:ar": "سيدي عمارة (ذهاب)",
        "name:fr": "SIDI AMARA (Aller)",
        "public_transport": "stop_position"
      },
      "geometry": {
        "type": "Point",
        "coordinates": [
          9.9712404,
          36.7536476
        ]
      },
      "id": "node/10295305065"
    },
    {
      "type": "Feature",
      "properties": {
        "@id": "node/10295305297",
        "bus": "yes",
        "highway": "bus_stop",
        "name": "القيتوني (إياب)",
        "name:ar": "القيتوني (إياب)",
        "name:fr": "GUITOUNI (Retour)",
        "public_transport": "stop_position"
      },
      "geometry": {
        "type": "Point",
        "coordinates": [
          9.9802729,
          36.7518996
        ]
      },
      "id": "node/10295305297"
    },
    {
      "type": "Feature",
      "properties": {
        "@id": "node/10295305298",
        "bus": "yes",
        "highway": "bus_stop",
        "name": "القيتوني (ذهاب)",
        "name:ar": "القيتوني (ذهاب)",
        "name:fr": "GUITOUNI (Aller)",
        "public_transport": "stop_position"
      },
      "geometry": {
        "type": "Point",
        "coordinates": [
          9.9801121,
          36.7518242
        ]
      },
      "id": "node/10295305298"
    },
    {
      "type": "Feature",
      "properties": {
        "@id": "node/10295305057",
        "bus": "yes",
        "highway": "bus_stop",
        "name": "مدرسة الحطاب (إياب)",
        "name:ar": "مدرسة الحطاب (إياب)",
        "name:fr": "ECOLE HATTAB (Retour)",
        "public_transport": "stop_position"
      },
      "geometry": {
        "type": "Point",
        "coordinates": [
          9.9631402,
          36.7611053
        ]
      },
      "id": "node/10295305057"
    },
    {
      "type": "Feature",
      "properties": {
        "@id": "node/10295305059",
        "bus": "yes",
        "highway": "bus_stop",
        "name": "مدرسة الحطاب (ذهاب)",
        "name:ar": "مدرسة الحطاب (ذهاب)",
        "name:fr": "ECOLE HATTAB (Aller)",
        "public_transport": "stop_position"
      },
      "geometry": {
        "type": "Point",
        "coordinates": [
          9.9630331,
          36.7613055
        ]
      },
      "id": "node/10295305059"
    },
    {
      "type": "Feature",
      "properties": {
        "@id": "node/10295305062",
        "bus": "yes",
        "highway": "bus_stop",
        "name": "سيدي علي الحطاب (إياب)",
        "name:ar": "سيدي علي الحطاب (إياب)",
        "name:fr": "SIDI ALI HATTAB (Retour)",
        "public_transport": "stop_position"
      },
      "geometry": {
        "type": "Point",
        "coordinates": [
          9.9682759,
          36.7566353
        ]
      },
      "id": "node/10295305062"
    },
    {
      "type": "Feature",
      "properties": {
        "@id": "node/10295305063",
        "bus": "yes",
        "highway": "bus_stop",
        "name": "سيدي علي الحطاب (ذهاب)",
        "name:ar": "سيدي علي الحطاب (ذهاب)",
        "name:fr": "SIDI ALI HATTAB (Aller)",
        "public_transport": "stop_position"
      },
      "geometry": {
        "type": "Point",
        "coordinates": [
          9.9681149,
          36.7567844
        ]
      },
      "id": "node/10295305063"
    },
    {
      "type": "Feature",
      "properties": {
        "@id": "node/10295305299",
        "bus": "yes",
        "highway": "bus_stop",
        "name": "الفيرمة (إياب)",
        "name:ar": "الفيرمة (إياب)",
        "name:fr": "FIRMA (Retour)",
        "public_transport": "stop_position"
      },
      "geometry": {
        "type": "Point",
        "coordinates": [
          9.992514,
          36.7547588
        ]
      },
      "id": "node/10295305299"
    },
    {
      "type": "Feature",
      "properties": {
        "@id": "node/10295305300",
        "bus": "yes",
        "highway": "bus_stop",
        "name": "الفيرمة (ذهاب)",
        "name:ar": "الفيرمة (ذهاب)",
        "name:fr": "FIRMA (Aller)",
        "public_transport": "stop_position"
      },
      "geometry": {
        "type": "Point",
        "coordinates": [
          9.9922817,
          36.7546833
        ]
      },
      "id": "node/10295305300"
    },
    {
      "type": "Feature",
      "properties": {
        "@id": "node/10295304908",
        "bus": "yes",
        "highway": "bus_stop",
        "name": "20 مارس خط 23ت/ث (إياب)",
        "name:ar": "20 مارس خط 23ت/ث (اياب)",
        "name:fr": "20 MARS L23C/D (Retour)",
        "public_transport": "stop_position"
      },
      "geometry": {
        "type": "Point",
        "coordinates": [
          10.0056164,
          36.748976
        ]
      },
      "id": "node/10295304908"
    },
    {
      "type": "Feature",
      "properties": {
        "@id": "node/10295304909",
        "bus": "yes",
        "highway": "bus_stop",
        "name": "20 مارس خط 23ت/ث (ذهاب)",
        "name:ar": "20 مارس خط 23ت/ث (ذهاب)",
        "name:fr": "20 MARS L23C/D (Aller)",
        "public_transport": "stop_position"
      },
      "geometry": {
        "type": "Point",
        "coordinates": [
          10.005501,
          36.7488943
        ]
      },
      "id": "node/10295304909"
    },
    {
      "type": "Feature",
      "properties": {
        "@id": "node/10295304910",
        "bus": "yes",
        "highway": "bus_stop",
        "name": "سوجافريب (إياب)",
        "name:ar": "سوجافريب (إياب)",
        "name:fr": "SOGEFRIPE (Retour)",
        "public_transport": "stop_position"
      },
      "geometry": {
        "type": "Point",
        "coordinates": [
          10.011243,
          36.7537431
        ]
      },
      "id": "node/10295304910"
    },
    {
      "type": "Feature",
      "properties": {
        "@id": "node/10295304911",
        "bus": "yes",
        "highway": "bus_stop",
        "name": "سوجافريب (ذهاب)",
        "name:ar": "سوجافريب (ذهاب)",
        "name:fr": "SOGEFRIPE (Aller)",
        "public_transport": "stop_position"
      },
      "geometry": {
        "type": "Point",
        "coordinates": [
          10.0109426,
          36.7537173
        ]
      },
      "id": "node/10295304911"
    },
    {
      "type": "Feature",
      "properties": {
        "@id": "node/10295305301",
        "bus": "yes",
        "highway": "bus_stop",
        "name": "معهد 20 مارس (إياب)",
        "name:ar": "معهد 20 مارس (إياب)",
        "name:fr": "LYCEE 20 MARS (Retour)",
        "public_transport": "stop_position"
      },
      "geometry": {
        "type": "Point",
        "coordinates": [
          10.0004276,
          36.7577121
        ]
      },
      "id": "node/10295305301"
    },
    {
      "type": "Feature",
      "properties": {
        "@id": "node/10295305302",
        "bus": "yes",
        "highway": "bus_stop",
        "name": "معهد 20 مارس (ذهاب)",
        "name:ar": "معهد 20 مارس (ذهاب)",
        "name:fr": "LYCEE 20 MARS (Aller)",
        "public_transport": "stop_position"
      },
      "geometry": {
        "type": "Point",
        "coordinates": [
          10.0003234,
          36.7576777
        ]
      },
      "id": "node/10295305302"
    },
    {
      "type": "Feature",
      "properties": {
        "@id": "node/10295305303",
        "bus": "yes",
        "highway": "bus_stop",
        "name": "20 مارس (إياب)",
        "name:ar": "20 مارس (اياب)",
        "name:fr": "20 MARS (Retour)",
        "public_transport": "stop_position"
      },
      "geometry": {
        "type": "Point",
        "coordinates": [
          10.0099716,
          36.7570869
        ]
      },
      "id": "node/10295305303"
    },
    {
      "type": "Feature",
      "properties": {
        "@id": "node/10295305304",
        "bus": "yes",
        "highway": "bus_stop",
        "name": "20 مارس (ذهاب)",
        "name:ar": "20 مارس (ذهاب)",
        "name:fr": "20 MARS (Aller)",
        "public_transport": "stop_position"
      },
      "geometry": {
        "type": "Point",
        "coordinates": [
          10.0100388,
          36.7572313
        ]
      },
      "id": "node/10295305304"
    },
    {
      "type": "Feature",
      "properties": {
        "@id": "node/10295305305",
        "bus": "yes",
        "highway": "bus_stop",
        "name": "المرناقية (إياب)",
        "name:ar": "المرناقية (إياب)",
        "name:fr": "MORNAGUIA (Retour)",
        "public_transport": "stop_position"
      },
      "geometry": {
        "type": "Point",
        "coordinates": [
          10.0131501,
          36.7565694
        ]
      },
      "id": "node/10295305305"
    },
    {
      "type": "Feature",
      "properties": {
        "@id": "node/10295305306",
        "bus": "yes",
        "highway": "bus_stop",
        "name": "المرناقية (ذهاب)",
        "name:ar": "المرناقية (ذهاب)",
        "name:fr": "MORNAGUIA (Aller)",
        "public_transport": "stop_position"
      },
      "geometry": {
        "type": "Point",
        "coordinates": [
          10.0135175,
          36.7563433
        ]
      },
      "id": "node/10295305306"
    },
    {
      "type": "Feature",
      "properties": {
        "@id": "node/10295305036",
        "bus": "yes",
        "highway": "bus_stop",
        "name": "سوق المرناقية (إياب)",
        "name:ar": "سوق المرناقية (إياب)",
        "name:fr": "MARCHÉ MORNAGUIA (Retour)",
        "public_transport": "stop_position"
      },
      "geometry": {
        "type": "Point",
        "coordinates": [
          10.0113395,
          36.7636623
        ]
      },
      "id": "node/10295305036"
    },
    {
      "type": "Feature",
      "properties": {
        "@id": "node/10295305037",
        "bus": "yes",
        "highway": "bus_stop",
        "name": "سوق المرناقية (ذهاب)",
        "name:ar": "سوق المرناقية (ذهاب)",
        "name:fr": "MARCHÉ MORNAGUIA (Aller)",
        "public_transport": "stop_position"
      },
      "geometry": {
        "type": "Point",
        "coordinates": [
          10.0112644,
          36.7637913
        ]
      },
      "id": "node/10295305037"
    },
    {
      "type": "Feature",
      "properties": {
        "@id": "node/10295305311",
        "bus": "yes",
        "highway": "bus_stop",
        "name": "الطاحونة (إياب)",
        "name:ar": "الطاحونة (إياب)",
        "name:fr": "LE MOULIN L34A (Retour)",
        "public_transport": "stop_position"
      },
      "geometry": {
        "type": "Point",
        "coordinates": [
          10.0296186,
          36.742256
        ]
      },
      "id": "node/10295305311"
    },
    {
      "type": "Feature",
      "properties": {
        "@id": "node/10295305312",
        "bus": "yes",
        "highway": "bus_stop",
        "name": "الطاحونة (ذهاب)",
        "name:ar": "الطاحونة (ذهاب)",
        "name:fr": "LE MOULIN L34A (Aller)",
        "public_transport": "stop_position"
      },
      "geometry": {
        "type": "Point",
        "coordinates": [
          10.0298592,
          36.7420428
        ]
      },
      "id": "node/10295305312"
    },
    {
      "type": "Feature",
      "properties": {
        "@id": "node/10295305313",
        "bus": "yes",
        "highway": "bus_stop",
        "name": "جامع بورقبة (إياب)",
        "name:ar": "جامع بورقبة (إياب)",
        "name:fr": "MOSQUÉE BOURAGBA (Retour)",
        "public_transport": "stop_position"
      },
      "geometry": {
        "type": "Point",
        "coordinates": [
          10.0356547,
          36.738342
        ]
      },
      "id": "node/10295305313"
    },
    {
      "type": "Feature",
      "properties": {
        "@id": "node/10295305314",
        "bus": "yes",
        "highway": "bus_stop",
        "name": "جامع بورقبة (ذهاب)",
        "name:ar": "جامع بورقبة (ذهاب)",
        "name:fr": "MOSQUÉE BOURAGBA (Aller)",
        "public_transport": "stop_position"
      },
      "geometry": {
        "type": "Point",
        "coordinates": [
          10.0355059,
          36.73839
        ]
      },
      "id": "node/10295305314"
    },
    {
      "type": "Feature",
      "properties": {
        "@id": "node/10295305315",
        "bus": "yes",
        "highway": "bus_stop",
        "name": "بورقبة (إياب)",
        "name:ar": "بورقبة-اياب",
        "name:fr": "BOURAGBA (Retour)",
        "public_transport": "stop_position"
      },
      "geometry": {
        "type": "Point",
        "coordinates": [
          10.0389345,
          36.7372608
        ]
      },
      "id": "node/10295305315"
    },
    {
      "type": "Feature",
      "properties": {
        "@id": "node/10295305316",
        "bus": "yes",
        "highway": "bus_stop",
        "name": "بورقبة (ذهاب)",
        "name:ar": "بورقبة-ذهاب",
        "name:fr": "BOURAGBA (Aller)",
        "public_transport": "stop_position"
      },
      "geometry": {
        "type": "Point",
        "coordinates": [
          10.0390939,
          36.7372074
        ]
      },
      "id": "node/10295305316"
    },
    {
      "type": "Feature",
      "properties": {
        "@id": "node/10295305319",
        "bus": "yes",
        "highway": "bus_stop",
        "name": "مفترق المرناقية (إياب)",
        "name:ar": "مفترق المرناقية (إياب)",
        "name:fr": "CROISEMENT MORNAGUIA (Retour)",
        "public_transport": "stop_position"
      },
      "geometry": {
        "type": "Point",
        "coordinates": [
          10.0636391,
          36.7269627
        ]
      },
      "id": "node/10295305319"
    },
    {
      "type": "Feature",
      "properties": {
        "@id": "node/10295305320",
        "bus": "yes",
        "highway": "bus_stop",
        "name": "مفترق المرناقية (ذهاب)",
        "name:ar": "مفترق المرناقية (ذهاب)",
        "name:fr": "CROISEMENT MORNAGUIA (Aller)",
        "public_transport": "stop_position"
      },
      "geometry": {
        "type": "Point",
        "coordinates": [
          10.0639111,
          36.7269248
        ]
      },
      "id": "node/10295305320"
    },
    {
      "type": "Feature",
      "properties": {
        "@id": "node/10295305317",
        "bus": "yes",
        "highway": "bus_stop",
        "name": "طريق المرناقية (إياب)",
        "name:ar": "طريق المرناقية (إياب)",
        "name:fr": "ROUTE MORNAGUIA (Retour)",
        "public_transport": "stop_position"
      },
      "geometry": {
        "type": "Point",
        "coordinates": [
          10.0502576,
          36.7332232
        ]
      },
      "id": "node/10295305317"
    },
    {
      "type": "Feature",
      "properties": {
        "@id": "node/10295305318",
        "bus": "yes",
        "highway": "bus_stop",
        "name": "طريق المرناقية (ذهاب)",
        "name:ar": "طريق المرناقية (ذهاب)",
        "name:fr": "ROUTE MORNAGUIA (Aller)",
        "public_transport": "stop_position"
      },
      "geometry": {
        "type": "Point",
        "coordinates": [
          10.0505794,
          36.7334295
        ]
      },
      "id": "node/10295305318"
    },
    {
      "type": "Feature",
      "properties": {
        "@id": "node/10295305309",
        "bus": "yes",
        "highway": "bus_stop",
        "name": "حي الغلامة (إياب)",
        "name:ar": "حي الغلامة (إياب)",
        "name:fr": "CITE GHALLAMA (Retour)",
        "public_transport": "stop_position"
      },
      "geometry": {
        "type": "Point",
        "coordinates": [
          10.0248573,
          36.749065
        ]
      },
      "id": "node/10295305309"
    },
    {
      "type": "Feature",
      "properties": {
        "@id": "node/10295305310",
        "bus": "yes",
        "highway": "bus_stop",
        "name": "حي الغلامة (ذهاب)",
        "name:ar": "حي الغلامة (ذهاب)",
        "name:fr": "CITE GHALLAMA (Aller)",
        "public_transport": "stop_position"
      },
      "geometry": {
        "type": "Point",
        "coordinates": [
          10.0249198,
          36.7489771
        ]
      },
      "id": "node/10295305310"
    },
    {
      "type": "Feature",
      "properties": {
        "@id": "node/4400882006",
        "addr:city": "المرناقية",
        "addr:city:ar": "المرناقية",
        "amenity": "bus_station",
        "bus": "yes",
        "name": "محطة حافلات المرناقية 23",
        "name:ar": "محطة حافلات المرناقية 23",
        "name:en": "Terminus Mornaguia 23",
        "name:fr": "Terminus Mornaguia 23",
        "public_transport": "station"
      },
      "geometry": {
        "type": "Point",
        "coordinates": [
          10.014401,
          36.7569556
        ]
      },
      "id": "node/4400882006"
    },
    {
      "type": "Feature",
      "properties": {
        "@id": "node/10295305066",
        "bus": "yes",
        "highway": "bus_stop",
        "name": "جامع المرناقية (إياب)",
        "name:ar": "جامع المرناقية (إياب)",
        "name:fr": "MOSQUÉE MORNAGUIA (Retour)",
        "public_transport": "stop_position"
      },
      "geometry": {
        "type": "Point",
        "coordinates": [
          10.0187889,
          36.758482
        ]
      },
      "id": "node/10295305066"
    },
    {
      "type": "Feature",
      "properties": {
        "@id": "node/10295305068",
        "bus": "yes",
        "highway": "bus_stop",
        "name": "جامع المرناقية (ذهاب)",
        "name:ar": "جامع المرناقية (ذهاب)",
        "name:fr": "MOSQUÉE MORNAGUIA (Aller)",
        "public_transport": "stop_position"
      },
      "geometry": {
        "type": "Point",
        "coordinates": [
          10.0194756,
          36.7587401
        ]
      },
      "id": "node/10295305068"
    },
    {
      "type": "Feature",
      "properties": {
        "@id": "node/10295305307",
        "bus": "yes",
        "highway": "bus_stop",
        "name": "معهد المرناقية (إياب)",
        "name:ar": "معهد المرناقية (إياب)",
        "name:fr": "LYCEE MORNAGUIA (Retour)",
        "public_transport": "stop_position"
      },
      "geometry": {
        "type": "Point",
        "coordinates": [
          10.01937,
          36.7565239
        ]
      },
      "id": "node/10295305307"
    },
    {
      "type": "Feature",
      "properties": {
        "@id": "node/10295305308",
        "bus": "yes",
        "highway": "bus_stop",
        "name": "معهد المرناقية (ذهاب)",
        "name:ar": "معهد المرناقية (ذهاب)",
        "name:fr": "LYCEE MORNAGUIA (Aller)",
        "public_transport": "stop_position"
      },
      "geometry": {
        "type": "Point",
        "coordinates": [
          10.019472,
          36.7566356
        ]
      },
      "id": "node/10295305308"
    },
    {
      "type": "Feature",
      "properties": {
        "@id": "node/10295305035",
        "bus": "yes",
        "highway": "bus_stop",
        "name": "حي الناصر (ذهاب)",
        "name:ar": "حي الناصر (ذهاب)",
        "name:fr": "CITE ENNACER (Aller)",
        "public_transport": "stop_position"
      },
      "geometry": {
        "type": "Point",
        "coordinates": [
          10.0268692,
          36.7661325
        ]
      },
      "id": "node/10295305035"
    },
    {
      "type": "Feature",
      "properties": {
        "@id": "node/10295305069",
        "bus": "yes",
        "highway": "bus_stop",
        "name": "المعهد الشابي (إياب)",
        "name:ar": "المعهد الشابي (إياب)",
        "name:fr": "LYCEE CHEBI (Retour)",
        "public_transport": "stop_position"
      },
      "geometry": {
        "type": "Point",
        "coordinates": [
          10.027669,
          36.7613578
        ]
      },
      "id": "node/10295305069"
    },
    {
      "type": "Feature",
      "properties": {
        "@id": "node/10295305071",
        "bus": "yes",
        "highway": "bus_stop",
        "name": "معهد الشابي (ذهاب)",
        "name:ar": "معهد الشابي (ذهاب)",
        "name:fr": "LYCEE CHEBI (Aller)",
        "public_transport": "stop_position"
      },
      "geometry": {
        "type": "Point",
        "coordinates": [
          10.0275406,
          36.7613112
        ]
      },
      "id": "node/10295305071"
    },
    {
      "type": "Feature",
      "properties": {
        "@id": "node/10295305034",
        "bus": "yes",
        "highway": "bus_stop",
        "name": "حي الناصر (إياب)",
        "name:ar": "حي الناصر (إياب)",
        "name:fr": "CITE ENNACER (Retour)",
        "public_transport": "stop_position"
      },
      "geometry": {
        "type": "Point",
        "coordinates": [
          10.0272555,
          36.7660293
        ]
      },
      "id": "node/10295305034"
    },
    {
      "type": "Feature",
      "properties": {
        "@id": "node/10295305153",
        "bus": "yes",
        "highway": "bus_stop",
        "name": "معصرة الوكيل (إياب)",
        "name:ar": "معصرة الوكيل (إياب)",
        "name:fr": "HUILERIE LOUKIL (Retour)",
        "public_transport": "stop_position"
      },
      "geometry": {
        "type": "Point",
        "coordinates": [
          10.039787,
          36.7666705
        ]
      },
      "id": "node/10295305153"
    },
    {
      "type": "Feature",
      "properties": {
        "@id": "node/10295305154",
        "bus": "yes",
        "highway": "bus_stop",
        "name": "معصرة الوكيل (ذهاب)",
        "name:ar": "معصرة الوكيل (ذهاب)",
        "name:fr": "HUILERIE LOUKIL (Aller)",
        "public_transport": "stop_position"
      },
      "geometry": {
        "type": "Point",
        "coordinates": [
          10.0393847,
          36.7667221
        ]
      },
      "id": "node/10295305154"
    },
    {
      "type": "Feature",
      "properties": {
        "@id": "node/10295304811",
        "bus": "yes",
        "highway": "bus_stop",
        "name": "نهاية خط 32 ب بئر الجزار",
        "name:ar": "نهاية خط 32 ب بئر الجزار",
        "name:fr": "Terminus Bir JAZZAR L 32 B",
        "public_transport": "stop_position"
      },
      "geometry": {
        "type": "Point",
        "coordinates": [
          10.0553722,
          36.748689
        ]
      },
      "id": "node/10295304811"
    },
    {
      "type": "Feature",
      "properties": {
        "@id": "node/10295304286",
        "bus": "yes",
        "highway": "bus_stop",
        "name": "قنال مجردة",
        "name:ar": "قنال مجردة",
        "name:fr": "CANAL MAJERDA",
        "public_transport": "stop_position"
      },
      "geometry": {
        "type": "Point",
        "coordinates": [
          9.9748512,
          36.8207814
        ]
      },
      "id": "node/10295304286"
    },
    {
      "type": "Feature",
      "properties": {
        "@id": "node/10295304287",
        "bus": "yes",
        "highway": "bus_stop",
        "name": "حي النسيم",
        "name:ar": "حي النسيم",
        "name:fr": "CITÉ ENNASSIM",
        "public_transport": "stop_position"
      },
      "geometry": {
        "type": "Point",
        "coordinates": [
          9.9813769,
          36.8166566
        ]
      },
      "id": "node/10295304287"
    },
    {
      "type": "Feature",
      "properties": {
        "@id": "node/10295305157",
        "bus": "yes",
        "highway": "bus_stop",
        "name": "نهاية الخط 88أ",
        "name:ar": "نهاية الخط 88أ",
        "name:fr": "Terminus L88A",
        "public_transport": "stop_position"
      },
      "geometry": {
        "type": "Point",
        "coordinates": [
          10.0465137,
          36.7709368
        ]
      },
      "id": "node/10295305157"
    },
    {
      "type": "Feature",
      "properties": {
        "@id": "node/10295305155",
        "bus": "yes",
        "highway": "bus_stop",
        "name": "بئر الدروج (إياب)",
        "name:ar": "بئر الدروج (اياب)",
        "name:fr": "BIR DROUJ (Retour)",
        "public_transport": "stop_position"
      },
      "geometry": {
        "type": "Point",
        "coordinates": [
          10.0473562,
          36.7704134
        ]
      },
      "id": "node/10295305155"
    },
    {
      "type": "Feature",
      "properties": {
        "@id": "node/10295305156",
        "bus": "yes",
        "highway": "bus_stop",
        "name": "بئر الدروج (ذهاب)",
        "name:ar": "بئر الدروج (ذهاب)",
        "name:fr": "BIR DROUJ (Aller)",
        "public_transport": "stop_position"
      },
      "geometry": {
        "type": "Point",
        "coordinates": [
          10.0472972,
          36.7705509
        ]
      },
      "id": "node/10295305156"
    },
    {
      "type": "Feature",
      "properties": {
        "@id": "node/10295305158",
        "bus": "yes",
        "highway": "bus_stop",
        "name": "مفترق بن يدر (إياب)",
        "name:ar": "مفترق بن يدر (إياب)",
        "name:fr": "CROISEMENT BEN YEDDER (Retour)",
        "public_transport": "stop_position"
      },
      "geometry": {
        "type": "Point",
        "coordinates": [
          10.0548719,
          36.7744487
        ]
      },
      "id": "node/10295305158"
    },
    {
      "type": "Feature",
      "properties": {
        "@id": "node/10295305159",
        "bus": "yes",
        "highway": "bus_stop",
        "name": "مفترق بن يدر (ذهاب)",
        "name:ar": "مفترق بن يدر (ذهاب)",
        "name:fr": "CROISEMENT BEN YEDDER (Aller)",
        "public_transport": "stop_position"
      },
      "geometry": {
        "type": "Point",
        "coordinates": [
          10.0545903,
          36.7745368
        ]
      },
      "id": "node/10295305159"
    },
    {
      "type": "Feature",
      "properties": {
        "@id": "node/10295305160",
        "bus": "yes",
        "highway": "bus_stop",
        "name": "حي الجبري (إياب)",
        "name:ar": "حي الجبري (إياب)",
        "name:fr": "CITE JABRI (Retour)",
        "public_transport": "stop_position"
      },
      "geometry": {
        "type": "Point",
        "coordinates": [
          10.0588146,
          36.7766397
        ]
      },
      "id": "node/10295305160"
    },
    {
      "type": "Feature",
      "properties": {
        "@id": "node/10295305161",
        "bus": "yes",
        "highway": "bus_stop",
        "name": "حي الجبري (ذهاب)",
        "name:ar": "حي الجبري (ذهاب)",
        "name:fr": "CITE JABRI (Aller)",
        "public_transport": "stop_position"
      },
      "geometry": {
        "type": "Point",
        "coordinates": [
          10.0582461,
          36.7765133
        ]
      },
      "id": "node/10295305161"
    },
    {
      "type": "Feature",
      "properties": {
        "@id": "node/10295305162",
        "bus": "yes",
        "highway": "bus_stop",
        "name": "غدير القلة (إياب)",
        "name:ar": "غدير القلة (إياب)",
        "name:fr": "GHDIR ELGOLLAH (Retour)",
        "public_transport": "stop_position"
      },
      "geometry": {
        "type": "Point",
        "coordinates": [
          10.0636533,
          36.7799438
        ]
      },
      "id": "node/10295305162"
    },
    {
      "type": "Feature",
      "properties": {
        "@id": "node/10295305163",
        "bus": "yes",
        "highway": "bus_stop",
        "name": "غدير القلة (ذهاب)",
        "name:ar": "غدير القلة (ذهاب)",
        "name:fr": "GHDIR ELGOLLAH (Aller)",
        "public_transport": "stop_position"
      },
      "geometry": {
        "type": "Point",
        "coordinates": [
          10.0632993,
          36.7801114
        ]
      },
      "id": "node/10295305163"
    },
    {
      "type": "Feature",
      "properties": {
        "@id": "node/10295304405",
        "bus": "yes",
        "highway": "bus_stop",
        "name": "نهاية الخط 16أ 93",
        "name:ar": "نهاية الخط 16أ 93",
        "name:fr": "Terminus 16A 93",
        "public_transport": "stop_position"
      },
      "geometry": {
        "type": "Point",
        "coordinates": [
          10.0296797,
          36.8200511
        ]
      },
      "id": "node/10295304405"
    },
    {
      "type": "Feature",
      "properties": {
        "@id": "node/10295304406",
        "bus": "yes",
        "highway": "bus_stop",
        "name": "مقبرة صنهاجة",
        "name:ar": "مقبرة صنهاجة",
        "name:fr": "CIMETIÈRE SANHEJA",
        "public_transport": "stop_position"
      },
      "geometry": {
        "type": "Point",
        "coordinates": [
          10.0320837,
          36.8191873
        ]
      },
      "id": "node/10295304406"
    },
    {
      "type": "Feature",
      "properties": {
        "@id": "node/5625819236",
        "light_rail": "yes",
        "name": "المركب الجامعي",
        "name:ar": "المركبالجامعي",
        "name:fr": "Campus Universitaire",
        "operator": "شركة النقل بتونس",
        "public_transport": "stop_position"
      },
      "geometry": {
        "type": "Point",
        "coordinates": [
          10.0618899,
          36.812923
        ]
      },
      "id": "node/5625819236"
    },
    {
      "type": "Feature",
      "properties": {
        "@id": "node/5625819238",
        "light_rail": "yes",
        "name": "المركب الجامعي",
        "name:ar": "المركب الجامعي",
        "name:fr": "Campus Universitaire",
        "operator": "شركة النقل بتونس",
        "public_transport": "stop_position",
        "railway": "stop"
      },
      "geometry": {
        "type": "Point",
        "coordinates": [
          10.0619103,
          36.8129528
        ]
      },
      "id": "node/5625819238"
    },
    {
      "type": "Feature",
      "properties": {
        "@id": "node/5806301475",
        "addr:city": "منوبة",
        "light_rail": "yes",
        "name": "المركب الجامعي",
        "name:ar": "المركب الجامعي",
        "name:fr": "Campus Universitaire",
        "operator": "شركة النقل بتونس",
        "public_transport": "station",
        "railway": "station"
      },
      "geometry": {
        "type": "Point",
        "coordinates": [
          10.0618995,
          36.8129386
        ]
      },
      "id": "node/5806301475"
    },
    {
      "type": "Feature",
      "properties": {
        "@id": "node/13936463433",
        "bus": "yes",
        "highway": "bus_stop",
        "name": "المركب الجامعي بمنوبة (ذهاب)",
        "name:ar": "المركب الجامعي بمنوبة (ذهاب)",
        "name:fr": "Complexe universitaire de Manouba (Aller)",
        "public_transport": "platform"
      },
      "geometry": {
        "type": "Point",
        "coordinates": [
          10.063464,
          36.8120911
        ]
      },
      "id": "node/13936463433"
    },
    {
      "type": "Feature",
      "properties": {
        "@id": "node/13936463434",
        "bus": "yes",
        "highway": "bus_stop",
        "name": "المركب الجامعي بمنوبة (إياب)",
        "name:ar": "المركب الجامعي بمنوبة  (إياب)",
        "name:fr": "Complexe universitaire de Manouba (Retour)",
        "public_transport": "platform"
      },
      "geometry": {
        "type": "Point",
        "coordinates": [
          10.0633134,
          36.8119129
        ]
      },
      "id": "node/13936463434"
    },
    {
      "type": "Feature",
      "properties": {
        "@id": "node/4520401404",
        "light_rail": "yes",
        "name": "خير الدين",
        "name:ar": "خير الدين",
        "name:en": "Kheireddine",
        "operator": "شركة النقل بتونس",
        "public_transport": "station",
        "railway": "station",
        "station": "light_rail"
      },
      "geometry": {
        "type": "Point",
        "coordinates": [
          10.0567663,
          36.8152946
        ]
      },
      "id": "node/4520401404"
    },
    {
      "type": "Feature",
      "properties": {
        "@id": "node/5806301476",
        "light_rail": "yes",
        "name": "خير الدين",
        "name:ar": "خير الدين",
        "name:en": "Kheireddine",
        "name:fr": "Kheireddine",
        "operator": "شركة النقل بتونس",
        "public_transport": "stop_position",
        "railway": "stop"
      },
      "geometry": {
        "type": "Point",
        "coordinates": [
          10.0570839,
          36.8151359
        ]
      },
      "id": "node/5806301476"
    },
    {
      "type": "Feature",
      "properties": {
        "@id": "node/5806301477",
        "light_rail": "yes",
        "name": "خير الدين",
        "name:ar": "خير الدين",
        "name:en": "Kheireddine",
        "name:fr": "Kheireddine",
        "operator": "شركة النقل بتونس",
        "public_transport": "stop_position",
        "railway": "stop"
      },
      "geometry": {
        "type": "Point",
        "coordinates": [
          10.0564817,
          36.8154351
        ]
      },
      "id": "node/5806301477"
    },
    {
      "type": "Feature",
      "properties": {
        "@id": "node/10295303639",
        "bus": "yes",
        "highway": "bus_stop",
        "name": "حي السنيت منوبة",
        "name:ar": "حي السنيت منوبة",
        "name:fr": "CITÉ SNIT MANOUBA",
        "public_transport": "stop_position"
      },
      "geometry": {
        "type": "Point",
        "coordinates": [
          10.0575001,
          36.8174686
        ]
      },
      "id": "node/10295303639"
    },
    {
      "type": "Feature",
      "properties": {
        "@id": "node/10295304776",
        "bus": "yes",
        "highway": "bus_stop",
        "name": "محطة الترابط خير الدين منوبة",
        "name:ar": "محطة الترابط خير الدين منوبة",
        "name:fr": "RABATTEMENT KHAIREDDINE MANNOUBA",
        "public_transport": "stop_position"
      },
      "geometry": {
        "type": "Point",
        "coordinates": [
          10.0564588,
          36.8156704
        ]
      },
      "id": "node/10295304776"
    },
    {
      "type": "Feature",
      "properties": {
        "@id": "node/10295304628",
        "bus": "yes",
        "highway": "bus_stop",
        "name": "ملعب الجديدة",
        "name:ar": "ملعب الجديدة",
        "name:fr": "STADE EJDAIDA",
        "public_transport": "stop_position"
      },
      "geometry": {
        "type": "Point",
        "coordinates": [
          9.9349768,
          36.8399507
        ]
      },
      "id": "node/10295304628"
    },
    {
      "type": "Feature",
      "properties": {
        "@id": "node/10295304629",
        "bus": "yes",
        "highway": "bus_stop",
        "name": "حي الاذاعة",
        "name:ar": "حي الاذاعة",
        "name:fr": "CITÉ RTT",
        "public_transport": "stop_position"
      },
      "geometry": {
        "type": "Point",
        "coordinates": [
          9.9313561,
          36.8429957
        ]
      },
      "id": "node/10295304629"
    },
    {
      "type": "Feature",
      "properties": {
        "@id": "node/10295304620",
        "bus": "yes",
        "highway": "bus_stop",
        "name": "معهد السواسي",
        "name:ar": "معهد السواسي",
        "name:fr": "LYCÉE SOUASSI",
        "public_transport": "stop_position"
      },
      "geometry": {
        "type": "Point",
        "coordinates": [
          9.9353955,
          36.8229789
        ]
      },
      "id": "node/10295304620"
    },
    {
      "type": "Feature",
      "properties": {
        "@id": "node/10295304625",
        "bus": "yes",
        "highway": "bus_stop",
        "name": "الحبيبية 2",
        "name:ar": "الحبيبية 2",
        "name:fr": "EL HBIBIA 2",
        "public_transport": "stop_position"
      },
      "geometry": {
        "type": "Point",
        "coordinates": [
          9.9473579,
          36.8273362
        ]
      },
      "id": "node/10295304625"
    },
    {
      "type": "Feature",
      "properties": {
        "@id": "node/10295305685",
        "bus": "yes",
        "highway": "bus_stop",
        "name": "السواسي",
        "name:ar": "السواسي",
        "name:fr": "SOUASSI",
        "public_transport": "platform"
      },
      "geometry": {
        "type": "Point",
        "coordinates": [
          9.9389628,
          36.8299694
        ]
      },
      "id": "node/10295305685"
    },
    {
      "type": "Feature",
      "properties": {
        "@id": "node/10295305686",
        "bus": "yes",
        "highway": "bus_stop",
        "name": "حي النجاة;1حي النجاة",
        "name:ar": "حي النجاة;1حي النجاة",
        "name:fr": "CITE ENAJET1;CITE ENAJET",
        "public_transport": "stop_position"
      },
      "geometry": {
        "type": "Point",
        "coordinates": [
          9.9395258,
          36.831647
        ]
      },
      "id": "node/10295305686"
    },
    {
      "type": "Feature",
      "properties": {
        "@id": "node/10295305687",
        "bus": "yes",
        "highway": "bus_stop",
        "name": "سيدي طالب",
        "name:ar": "سيدي طالب",
        "name:fr": "SIDI TALEB",
        "public_transport": "stop_position"
      },
      "geometry": {
        "type": "Point",
        "coordinates": [
          9.9410066,
          36.8333958
        ]
      },
      "id": "node/10295305687"
    },
    {
      "type": "Feature",
      "properties": {
        "@id": "node/10295305688",
        "bus": "yes",
        "highway": "bus_stop",
        "name": "مصنع الحليب",
        "name:ar": "مصنع الحليب",
        "name:fr": "STIL",
        "public_transport": "platform"
      },
      "geometry": {
        "type": "Point",
        "coordinates": [
          9.9456734,
          36.8339484
        ]
      },
      "id": "node/10295305688"
    },
    {
      "type": "Feature",
      "properties": {
        "@id": "node/10295304296",
        "bus": "yes",
        "highway": "bus_stop",
        "name": "واد شافرو",
        "name:ar": "واد شافرو",
        "name:fr": "OUED CHAFROU",
        "public_transport": "stop_position"
      },
      "geometry": {
        "type": "Point",
        "coordinates": [
          9.950274,
          36.8336009
        ]
      },
      "id": "node/10295304296"
    },
    {
      "type": "Feature",
      "properties": {
        "@id": "node/10295304626",
        "bus": "yes",
        "highway": "bus_stop",
        "name": "الحبيبية 1",
        "name:ar": "الحبيبية 1",
        "name:fr": "EL HBIBIA 1",
        "public_transport": "stop_position"
      },
      "geometry": {
        "type": "Point",
        "coordinates": [
          9.9493,
          36.8332413
        ]
      },
      "id": "node/10295304626"
    },
    {
      "type": "Feature",
      "properties": {
        "@id": "node/10295304627",
        "bus": "yes",
        "highway": "bus_stop",
        "name": "سيدي طالب 16د",
        "name:ar": "سيدي طالب 16د",
        "name:fr": "SIDI TALEB 16D",
        "public_transport": "platform"
      },
      "geometry": {
        "type": "Point",
        "coordinates": [
          9.9413553,
          36.8360449
        ]
      },
      "id": "node/10295304627"
    },
    {
      "type": "Feature",
      "properties": {
        "@id": "node/8231372188",
        "name": "الجديدة",
        "name:fr": "Jedeida",
        "public_transport": "station",
        "railway": "station",
        "stop_id": "206",
        "train": "yes"
      },
      "geometry": {
        "type": "Point",
        "coordinates": [
          9.9332019,
          36.8508566
        ]
      },
      "id": "node/8231372188"
    },
    {
      "type": "Feature",
      "properties": {
        "@id": "node/10295303637",
        "bus": "yes",
        "highway": "bus_stop",
        "name": "جديدة الجديدة",
        "name:ar": "جديدة الجديدة",
        "name:fr": "EJDAIDA NOUVELLE",
        "public_transport": "stop_position"
      },
      "geometry": {
        "type": "Point",
        "coordinates": [
          9.9317367,
          36.8499452
        ]
      },
      "id": "node/10295303637"
    },
    {
      "type": "Feature",
      "properties": {
        "@id": "node/10295304434",
        "bus": "yes",
        "highway": "bus_stop",
        "name": "حماد",
        "name:ar": "حماد",
        "name:fr": "HAMMED",
        "public_transport": "stop_position"
      },
      "geometry": {
        "type": "Point",
        "coordinates": [
          9.9288725,
          36.8489485
        ]
      },
      "id": "node/10295304434"
    },
    {
      "type": "Feature",
      "properties": {
        "@id": "node/10295304630",
        "bus": "yes",
        "highway": "bus_stop",
        "name": "محطة القطار الجديدة اياب",
        "name:ar": "محطة القطار الجديدة اياب",
        "name:fr": "EJEDAYDA GARE (Retour)",
        "public_transport": "stop_position"
      },
      "geometry": {
        "type": "Point",
        "coordinates": [
          9.9328847,
          36.8502881
        ]
      },
      "id": "node/10295304630"
    },
    {
      "type": "Feature",
      "properties": {
        "@id": "node/10295304631",
        "bus": "yes",
        "highway": "bus_stop",
        "name": "محطة القطار الجديدة (ذهاب)",
        "name:ar": "محطة القطار الجديدة (ذهاب)",
        "name:fr": "EJEDAYDA GARE (Aller)",
        "public_transport": "platform"
      },
      "geometry": {
        "type": "Point",
        "coordinates": [
          9.9354897,
          36.8490133
        ]
      },
      "id": "node/10295304631"
    },
    {
      "type": "Feature",
      "properties": {
        "@id": "node/10295304632",
        "bus": "yes",
        "highway": "bus_stop",
        "name": "بريمو",
        "name:ar": "بريمو",
        "name:fr": "BRIMO",
        "public_transport": "stop_position"
      },
      "geometry": {
        "type": "Point",
        "coordinates": [
          9.9360688,
          36.8520735
        ]
      },
      "id": "node/10295304632"
    },
    {
      "type": "Feature",
      "properties": {
        "@id": "node/10295304633",
        "bus": "yes",
        "highway": "bus_stop",
        "name": "حي السلام",
        "name:ar": "حي السلام",
        "name:fr": "CITÉ ESSALEM",
        "public_transport": "stop_position"
      },
      "geometry": {
        "type": "Point",
        "coordinates": [
          9.9367685,
          36.8552931
        ]
      },
      "id": "node/10295304633"
    },
    {
      "type": "Feature",
      "properties": {
        "@id": "node/10295304634",
        "bus": "yes",
        "highway": "bus_stop",
        "name": "معهد شواط",
        "name:ar": "معهد شواط",
        "name:fr": "LYCÉE CHAOUAT",
        "public_transport": "stop_position"
      },
      "geometry": {
        "type": "Point",
        "coordinates": [
          9.9394778,
          36.8666038
        ]
      },
      "id": "node/10295304634"
    },
    {
      "type": "Feature",
      "properties": {
        "@id": "node/10295304635",
        "bus": "yes",
        "highway": "bus_stop",
        "name": "1 طريق شواط",
        "name:ar": "1 طريق شواط",
        "name:fr": "ROUTE CHAOUAT 1",
        "public_transport": "stop_position"
      },
      "geometry": {
        "type": "Point",
        "coordinates": [
          9.9421007,
          36.8787001
        ]
      },
      "id": "node/10295304635"
    },
    {
      "type": "Feature",
      "properties": {
        "@id": "node/9303551506",
        "disused:railway": "station",
        "name": "Chaout",
        "name:ar": "شواط",
        "name:fr": "Chaouat",
        "public_transport": "stop_position",
        "railway": "halt",
        "tactile_paving": "no",
        "train": "yes"
      },
      "geometry": {
        "type": "Point",
        "coordinates": [
          9.9443432,
          36.88959
        ]
      },
      "id": "node/9303551506"
    },
    {
      "type": "Feature",
      "properties": {
        "@id": "node/10295304636",
        "bus": "yes",
        "highway": "bus_stop",
        "name": "شواط قسم",
        "name:ar": "شواط قسم",
        "name:fr": "CHAOUAT SECTION",
        "public_transport": "stop_position"
      },
      "geometry": {
        "type": "Point",
        "coordinates": [
          9.9443323,
          36.8882685
        ]
      },
      "id": "node/10295304636"
    },
    {
      "type": "Feature",
      "properties": {
        "@id": "node/10295304637",
        "bus": "yes",
        "highway": "bus_stop",
        "name": "محطة بنزين جلو",
        "name:ar": "محطة بنزين جلو",
        "name:fr": "KIOSQUE AGIL JALLOU",
        "public_transport": "stop_position"
      },
      "geometry": {
        "type": "Point",
        "coordinates": [
          9.9438714,
          36.8931526
        ]
      },
      "id": "node/10295304637"
    },
    {
      "type": "Feature",
      "properties": {
        "@id": "node/10295304638",
        "bus": "yes",
        "highway": "bus_stop",
        "name": "جلو",
        "name:ar": "جلو",
        "name:fr": "JALLOU",
        "public_transport": "stop_position"
      },
      "geometry": {
        "type": "Point",
        "coordinates": [
          9.9451963,
          36.9011272
        ]
      },
      "id": "node/10295304638"
    },
    {
      "type": "Feature",
      "properties": {
        "@id": "node/10295304639",
        "bus": "yes",
        "highway": "bus_stop",
        "name": "نهاية الخط مقهى جلو",
        "name:ar": "نهاية الخط مقهى جلو",
        "name:fr": "CAFÉ JALLOU TERMINUS",
        "public_transport": "stop_position"
      },
      "geometry": {
        "type": "Point",
        "coordinates": [
          9.9445525,
          36.9046447
        ]
      },
      "id": "node/10295304639"
    },
    {
      "type": "Feature",
      "properties": {
        "@id": "node/10295304285",
        "bus": "yes",
        "highway": "bus_stop",
        "name": "جامع سعيدة",
        "name:ar": "جامع سعيدة",
        "name:fr": "MOSQUÉE SAIDA",
        "public_transport": "platform"
      },
      "geometry": {
        "type": "Point",
        "coordinates": [
          9.9689666,
          36.8276734
        ]
      },
      "id": "node/10295304285"
    },
    {
      "type": "Feature",
      "properties": {
        "@id": "node/10295305690",
        "bus": "yes",
        "highway": "bus_stop",
        "name": "سعيدة",
        "name:ar": "سعيدة",
        "name:fr": "SAIDA",
        "public_transport": "stop_position"
      },
      "geometry": {
        "type": "Point",
        "coordinates": [
          9.9682448,
          36.8322184
        ]
      },
      "id": "node/10295305690"
    },
    {
      "type": "Feature",
      "properties": {
        "@id": "node/10295305692",
        "bus": "yes",
        "highway": "bus_stop",
        "name": "زوناف",
        "name:ar": "زوناف",
        "name:fr": "ZONE F",
        "public_transport": "stop_position"
      },
      "geometry": {
        "type": "Point",
        "coordinates": [
          9.9786226,
          36.8333755
        ]
      },
      "id": "node/10295305692"
    },
    {
      "type": "Feature",
      "properties": {
        "@id": "node/10295305689",
        "bus": "yes",
        "highway": "bus_stop",
        "name": "الرياض",
        "name:ar": "الرياض",
        "name:fr": "ERRIADH",
        "public_transport": "stop_position"
      },
      "geometry": {
        "type": "Point",
        "coordinates": [
          9.9851857,
          36.8341505
        ]
      },
      "id": "node/10295305689"
    },
    {
      "type": "Feature",
      "properties": {
        "@id": "node/10295304407",
        "bus": "yes",
        "highway": "bus_stop",
        "name": "حي ترجمان",
        "name:ar": "حي ترجمان",
        "name:fr": "CITÉ TORJMEN",
        "public_transport": "stop_position"
      },
      "geometry": {
        "type": "Point",
        "coordinates": [
          10.0130071,
          36.8318167
        ]
      },
      "id": "node/10295304407"
    },
    {
      "type": "Feature",
      "properties": {
        "@id": "node/10295305693",
        "bus": "yes",
        "highway": "bus_stop",
        "name": "ضخ المياه",
        "name:ar": "ضخ المياه",
        "name:fr": "POMPAGE",
        "public_transport": "platform"
      },
      "geometry": {
        "type": "Point",
        "coordinates": [
          9.9975573,
          36.8356135
        ]
      },
      "id": "node/10295305693"
    },
    {
      "type": "Feature",
      "properties": {
        "@id": "node/10295304721",
        "bus": "yes",
        "highway": "bus_stop",
        "name": "دوار الباي",
        "name:ar": "دوار الباي",
        "name:fr": "DOUAR EL BEY",
        "public_transport": "stop_position"
      },
      "geometry": {
        "type": "Point",
        "coordinates": [
          10.0063971,
          36.8354187
        ]
      },
      "id": "node/10295304721"
    },
    {
      "type": "Feature",
      "properties": {
        "@id": "node/10295304462",
        "bus": "yes",
        "highway": "bus_stop",
        "name": "بجاوة",
        "name:ar": "بجاوة",
        "name:fr": "BEJAWA",
        "public_transport": "platform"
      },
      "geometry": {
        "type": "Point",
        "coordinates": [
          10.0105722,
          36.838637
        ]
      },
      "id": "node/10295304462"
    },
    {
      "type": "Feature",
      "properties": {
        "@id": "node/10295304722",
        "bus": "yes",
        "highway": "bus_stop",
        "name": "بجاوة 2",
        "name:ar": "بجاوة 2",
        "name:fr": "BEJAWA 2",
        "public_transport": "platform"
      },
      "geometry": {
        "type": "Point",
        "coordinates": [
          10.0079175,
          36.8368404
        ]
      },
      "id": "node/10295304722"
    },
    {
      "type": "Feature",
      "properties": {
        "@id": "node/10295305694",
        "bus": "yes",
        "highway": "bus_stop",
        "name": "مدرسة الابتدائية",
        "name:ar": "مدرسة الابتدائية",
        "name:fr": "ECOLE PRIMAIRE",
        "public_transport": "stop_position"
      },
      "geometry": {
        "type": "Point",
        "coordinates": [
          10.0126596,
          36.8366171
        ]
      },
      "id": "node/10295305694"
    },
    {
      "type": "Feature",
      "properties": {
        "@id": "node/10295304456",
        "bus": "yes",
        "highway": "bus_stop",
        "name": "بجاوة 3",
        "name:ar": "بجاوة 3",
        "name:fr": "BEJAWA 3",
        "public_transport": "stop_position"
      },
      "geometry": {
        "type": "Point",
        "coordinates": [
          10.0094022,
          36.8470319
        ]
      },
      "id": "node/10295304456"
    },
    {
      "type": "Feature",
      "properties": {
        "@id": "node/10295304461",
        "bus": "yes",
        "highway": "bus_stop",
        "name": "بجاوة 2",
        "name:ar": "بجاوة 2",
        "name:fr": "BEJAWA 2",
        "public_transport": "stop_position"
      },
      "geometry": {
        "type": "Point",
        "coordinates": [
          10.0099928,
          36.8434024
        ]
      },
      "id": "node/10295304461"
    },
    {
      "type": "Feature",
      "properties": {
        "@id": "node/10295304455",
        "bus": "yes",
        "highway": "bus_stop",
        "name": "المدرسة الابتدائية القوازين",
        "name:ar": "المدرسة الابتدائية القوازين",
        "name:fr": "ECOLE PRIMAIRE GOUEZINE",
        "public_transport": "stop_position"
      },
      "geometry": {
        "type": "Point",
        "coordinates": [
          10.0078689,
          36.8587093
        ]
      },
      "id": "node/10295304455"
    },
    {
      "type": "Feature",
      "properties": {
        "@id": "node/10295304458",
        "bus": "yes",
        "highway": "bus_stop",
        "name": "قوازين 1",
        "name:ar": "قوازين 1",
        "name:fr": "GOUEZINE 1",
        "public_transport": "stop_position"
      },
      "geometry": {
        "type": "Point",
        "coordinates": [
          10.0082869,
          36.8551644
        ]
      },
      "id": "node/10295304458"
    },
    {
      "type": "Feature",
      "properties": {
        "@id": "node/10295304453",
        "bus": "yes",
        "highway": "bus_stop",
        "name": "مزرعة القوازين",
        "name:ar": "مزرعة القوازين",
        "name:fr": "FERME ELGOUEZINE",
        "public_transport": "stop_position"
      },
      "geometry": {
        "type": "Point",
        "coordinates": [
          10.0060768,
          36.8720229
        ]
      },
      "id": "node/10295304453"
    },
    {
      "type": "Feature",
      "properties": {
        "@id": "node/10295304288",
        "bus": "yes",
        "highway": "bus_stop",
        "name": "التعاونية المركزية",
        "name:ar": "التعاونية المركزية",
        "name:fr": "COOPÉRATIVE CENTRAL",
        "public_transport": "stop_position"
      },
      "geometry": {
        "type": "Point",
        "coordinates": [
          10.0204221,
          36.828223
        ]
      },
      "id": "node/10295304288"
    },
    {
      "type": "Feature",
      "properties": {
        "@id": "node/10295304408",
        "bus": "yes",
        "highway": "bus_stop",
        "name": "مفترق صنهاجة",
        "name:ar": "مفترق صنهاجة",
        "name:fr": "Croisement SANHAJA",
        "public_transport": "stop_position"
      },
      "geometry": {
        "type": "Point",
        "coordinates": [
          10.034149,
          36.8230522
        ]
      },
      "id": "node/10295304408"
    },
    {
      "type": "Feature",
      "properties": {
        "@id": "node/10295304373",
        "bus": "yes",
        "highway": "bus_stop",
        "name": "مكتب بريد وادي الليل",
        "name:ar": "مكتب بريد وادي الليل",
        "name:fr": "P.T.T OUED ELLIL",
        "public_transport": "stop_position"
      },
      "geometry": {
        "type": "Point",
        "coordinates": [
          10.0395124,
          36.8334109
        ]
      },
      "id": "node/10295304373"
    },
    {
      "type": "Feature",
      "properties": {
        "@id": "node/10295305696",
        "bus": "yes",
        "highway": "bus_stop",
        "name": "شوكوتوم",
        "name:ar": "شوكوتوم",
        "name:fr": "CHOCO TOM",
        "public_transport": "stop_position"
      },
      "geometry": {
        "type": "Point",
        "coordinates": [
          10.0342831,
          36.8336663
        ]
      },
      "id": "node/10295305696"
    },
    {
      "type": "Feature",
      "properties": {
        "@id": "node/10295305697",
        "bus": "yes",
        "highway": "bus_stop",
        "name": "جامع وادى الليل",
        "name:ar": "جامع وادى الليل",
        "name:fr": "MOSQUÉE OUED ELLIL",
        "public_transport": "stop_position"
      },
      "geometry": {
        "type": "Point",
        "coordinates": [
          10.0380811,
          36.8329836
        ]
      },
      "id": "node/10295305697"
    },
    {
      "type": "Feature",
      "properties": {
        "@id": "node/10295305695",
        "bus": "yes",
        "highway": "bus_stop",
        "name": "حي البستان",
        "name:ar": "حي البستان",
        "name:fr": "CITE EL BOSTANE",
        "public_transport": "stop_position"
      },
      "geometry": {
        "type": "Point",
        "coordinates": [
          10.0198694,
          36.8356725
        ]
      },
      "id": "node/10295305695"
    },
    {
      "type": "Feature",
      "properties": {
        "@id": "node/10295304556",
        "bus": "yes",
        "highway": "bus_stop",
        "name:ar": "محطة ديوان التطهير",
        "name:fr": "Arrêt ONAS",
        "public_transport": "platform"
      },
      "geometry": {
        "type": "Point",
        "coordinates": [
          10.0267083,
          36.8407836
        ]
      },
      "id": "node/10295304556"
    },
    {
      "type": "Feature",
      "properties": {
        "@id": "node/10295304557",
        "bus": "yes",
        "highway": "bus_stop",
        "name": "حي الورد 1",
        "name:ar": "حي الورد 1",
        "name:fr": "CITÉ ELWARD 1",
        "public_transport": "stop_position"
      },
      "geometry": {
        "type": "Point",
        "coordinates": [
          10.0266417,
          36.8437691
        ]
      },
      "id": "node/10295304557"
    },
    {
      "type": "Feature",
      "properties": {
        "@id": "node/10295304558",
        "bus": "yes",
        "highway": "bus_stop",
        "name": "حي الورد 16س",
        "name:ar": "حي الورد 16س",
        "name:fr": "CITÉ ELWARD 16C",
        "public_transport": "stop_position"
      },
      "geometry": {
        "type": "Point",
        "coordinates": [
          10.0266225,
          36.8471286
        ]
      },
      "id": "node/10295304558"
    },
    {
      "type": "Feature",
      "properties": {
        "@id": "node/10295304562",
        "bus": "yes",
        "highway": "bus_stop",
        "name": "معهد ابن فرات",
        "name:ar": "معهد ابن فرات",
        "name:fr": "LYCÉE IBN FOURAT",
        "public_transport": "stop_position"
      },
      "geometry": {
        "type": "Point",
        "coordinates": [
          10.0355974,
          36.8390374
        ]
      },
      "id": "node/10295304562"
    },
    {
      "type": "Feature",
      "properties": {
        "@id": "node/10295304560",
        "bus": "yes",
        "highway": "bus_stop",
        "name": "قسم 16س",
        "name:ar": "قسم 16س",
        "name:fr": "SECTION 16C CHABBAOU",
        "public_transport": "stop_position"
      },
      "geometry": {
        "type": "Point",
        "coordinates": [
          10.0378344,
          36.8441076
        ]
      },
      "id": "node/10295304560"
    },
    {
      "type": "Feature",
      "properties": {
        "@id": "node/10295304297",
        "bus": "yes",
        "highway": "bus_stop",
        "name": "الحرس الوطني وادي الليل",
        "name:ar": "الحرس الوطني وادي الليل",
        "name:fr": "GARDE NATIONAL OUED ELLIL",
        "public_transport": "stop_position"
      },
      "geometry": {
        "type": "Point",
        "coordinates": [
          10.0415013,
          36.8318062
        ]
      },
      "id": "node/10295304297"
    },
    {
      "type": "Feature",
      "properties": {
        "@id": "node/10295304566",
        "bus": "yes",
        "highway": "bus_stop",
        "name": "المعزية",
        "name:ar": "المعزية",
        "name:fr": "MOEZEYA",
        "public_transport": "stop_position"
      },
      "geometry": {
        "type": "Point",
        "coordinates": [
          10.0492952,
          36.8302668
        ]
      },
      "id": "node/10295304566"
    },
    {
      "type": "Feature",
      "properties": {
        "@id": "node/10295303638",
        "bus": "yes",
        "highway": "bus_stop",
        "name": "قوباعا نهاية خط 96",
        "name:ar": "قوباعا نهاية خط 96",
        "name:fr": "GOBAA Terminus 96",
        "public_transport": "stop_position"
      },
      "geometry": {
        "type": "Point",
        "coordinates": [
          10.0568779,
          36.8222354
        ]
      },
      "id": "node/10295303638"
    },
    {
      "type": "Feature",
      "properties": {
        "@id": "node/10295305698",
        "bus": "yes",
        "highway": "bus_stop",
        "name": "وادي الليل",
        "name:ar": "وادي الليل",
        "name:fr": "OUED ELLIL",
        "public_transport": "stop_position"
      },
      "geometry": {
        "type": "Point",
        "coordinates": [
          10.0605527,
          36.8268993
        ]
      },
      "id": "node/10295305698"
    },
    {
      "type": "Feature",
      "properties": {
        "@id": "node/10295305699",
        "bus": "yes",
        "highway": "bus_stop",
        "name": "معزية",
        "name:ar": "معزية",
        "name:fr": "MOEZEYA",
        "public_transport": "stop_position"
      },
      "geometry": {
        "type": "Point",
        "coordinates": [
          10.0649086,
          36.8257313
        ]
      },
      "id": "node/10295305699"
    },
    {
      "type": "Feature",
      "properties": {
        "@id": "node/10295305700",
        "bus": "yes",
        "highway": "bus_stop",
        "name": "ثكنة وادى اليل 2",
        "name:ar": "ثكنة وادى اليل 2",
        "name:fr": "CASERNE OUED ELIL 2",
        "public_transport": "stop_position"
      },
      "geometry": {
        "type": "Point",
        "coordinates": [
          10.0644584,
          36.8259859
        ]
      },
      "id": "node/10295305700"
    },
    {
      "type": "Feature",
      "properties": {
        "@id": "node/10295304374",
        "bus": "yes",
        "highway": "bus_stop",
        "name": "حي العسكر",
        "name:ar": "حي العسكر",
        "name:fr": "CITE MILITAIRE",
        "public_transport": "stop_position"
      },
      "geometry": {
        "type": "Point",
        "coordinates": [
          10.0572057,
          36.82815
        ]
      },
      "id": "node/10295304374"
    },
    {
      "type": "Feature",
      "properties": {
        "@id": "node/10295304564",
        "bus": "yes",
        "highway": "bus_stop",
        "name": "حي النجاة",
        "name:ar": "حي النجاة",
        "name:fr": "CITÉ ENNAJET",
        "public_transport": "stop_position"
      },
      "geometry": {
        "type": "Point",
        "coordinates": [
          10.0421257,
          36.8376323
        ]
      },
      "id": "node/10295304564"
    },
    {
      "type": "Feature",
      "properties": {
        "@id": "node/10295304565",
        "bus": "yes",
        "highway": "bus_stop",
        "name": "وادي الليل 16د 58",
        "name:ar": "وادي الليل 16د 58",
        "name:fr": "OUED ELLIL (16C 58)",
        "public_transport": "stop_position"
      },
      "geometry": {
        "type": "Point",
        "coordinates": [
          10.0406428,
          36.8353865
        ]
      },
      "id": "node/10295304565"
    },
    {
      "type": "Feature",
      "properties": {
        "@id": "node/10295304561",
        "bus": "yes",
        "highway": "bus_stop",
        "name": "محطة الصيدلية",
        "name:ar": "محطة الصيدلية",
        "name:fr": "Arrêt PHARMACIE",
        "public_transport": "stop_position"
      },
      "geometry": {
        "type": "Point",
        "coordinates": [
          10.0427801,
          36.8412473
        ]
      },
      "id": "node/10295304561"
    },
    {
      "type": "Feature",
      "properties": {
        "@id": "node/10295304452",
        "bus": "yes",
        "highway": "bus_stop",
        "name": "قوازين 2",
        "name:ar": "قوازين 2",
        "name:fr": "GOUEZINE 2",
        "public_transport": "stop_position"
      },
      "geometry": {
        "type": "Point",
        "coordinates": [
          10.0058622,
          36.8770265
        ]
      },
      "id": "node/10295304452"
    },
    {
      "type": "Feature",
      "properties": {
        "@id": "node/10295304450",
        "bus": "yes",
        "highway": "bus_stop",
        "name": "مزرعة 2",
        "name:ar": "مزرعة 2",
        "name:fr": "FERME 2",
        "public_transport": "stop_position"
      },
      "geometry": {
        "type": "Point",
        "coordinates": [
          10.0081689,
          36.8827936
        ]
      },
      "id": "node/10295304450"
    },
    {
      "type": "Feature",
      "properties": {
        "@id": "node/10295304449",
        "bus": "yes",
        "highway": "bus_stop",
        "name": "الحرس الوطني مباركة",
        "name:ar": "الحرس الوطني مباركة",
        "name:fr": "GARDE NATIONAL MBARKA",
        "public_transport": "stop_position"
      },
      "geometry": {
        "type": "Point",
        "coordinates": [
          10.0169883,
          36.8910798
        ]
      },
      "id": "node/10295304449"
    },
    {
      "type": "Feature",
      "properties": {
        "@id": "node/10295304702",
        "bus": "yes",
        "highway": "bus_stop",
        "name": "مباركة 2",
        "name:ar": "مباركة 2",
        "name:fr": "MBARKA 2",
        "public_transport": "stop_position"
      },
      "geometry": {
        "type": "Point",
        "coordinates": [
          10.0242085,
          36.8963514
        ]
      },
      "id": "node/10295304702"
    },
    {
      "type": "Feature",
      "properties": {
        "@id": "node/10295304705",
        "bus": "yes",
        "highway": "bus_stop",
        "name": "مباركة 1",
        "name:ar": "مباركة 1",
        "name:fr": "MBARKA 1",
        "public_transport": "stop_position"
      },
      "geometry": {
        "type": "Point",
        "coordinates": [
          10.0285322,
          36.8988481
        ]
      },
      "id": "node/10295304705"
    },
    {
      "type": "Feature",
      "properties": {
        "@id": "node/10295304703",
        "bus": "yes",
        "highway": "bus_stop",
        "name": "حي منجي سليم نهاية خط 44ب 44د/",
        "name:ar": "حي منجي سليم نهاية خط 44ب 44د/",
        "name:fr": "Cité Mongi Slim TERMINUS 44B 44D/",
        "public_transport": "platform"
      },
      "geometry": {
        "type": "Point",
        "coordinates": [
          10.0263223,
          36.9051251
        ]
      },
      "id": "node/10295304703"
    },
    {
      "type": "Feature",
      "properties": {
        "@id": "node/10295304704",
        "bus": "yes",
        "highway": "bus_stop",
        "name": "حي المنجي سليم",
        "name:ar": "حي المنجي سليم",
        "name:fr": "Cité Mongi Slim",
        "public_transport": "stop_position"
      },
      "geometry": {
        "type": "Point",
        "coordinates": [
          10.0247291,
          36.9018865
        ]
      },
      "id": "node/10295304704"
    },
    {
      "type": "Feature",
      "properties": {
        "@id": "node/10295304447",
        "bus": "yes",
        "highway": "bus_stop",
        "name": "مباركة 3",
        "name:ar": "مباركة 3",
        "name:fr": "MBARKA 3",
        "public_transport": "stop_position"
      },
      "geometry": {
        "type": "Point",
        "coordinates": [
          10.0357208,
          36.9030361
        ]
      },
      "id": "node/10295304447"
    },
    {
      "type": "Feature",
      "properties": {
        "@id": "node/10295304706",
        "bus": "yes",
        "highway": "bus_stop",
        "name": "المعهد الوطني البيداغوجي للتكوين الفلاحي المستمر",
        "name:ar": "المعهد الوطني البيداغوجي للتكوين الفلاحي المستمر",
        "name:fr": "INPFCA",
        "public_transport": "stop_position"
      },
      "geometry": {
        "type": "Point",
        "coordinates": [
          10.0395725,
          36.9057172
        ]
      },
      "id": "node/10295304706"
    },
    {
      "type": "Feature",
      "properties": {
        "@id": "node/10295304707",
        "bus": "yes",
        "highway": "bus_stop",
        "name": "سيدي ثابت المركز",
        "name:ar": "سيدي ثابت المركز",
        "name:fr": "SIDI THABET CENTRE",
        "public_transport": "stop_position"
      },
      "geometry": {
        "type": "Point",
        "coordinates": [
          10.0415673,
          36.9077597
        ]
      },
      "id": "node/10295304707"
    },
    {
      "type": "Feature",
      "properties": {
        "@id": "node/10295304708",
        "bus": "yes",
        "highway": "bus_stop",
        "name": "الطب البيطري",
        "name:ar": "الطب البيطري",
        "name:fr": "MÉDECINE VÉTÉRINAIRE",
        "public_transport": "stop_position"
      },
      "geometry": {
        "type": "Point",
        "coordinates": [
          10.0480761,
          36.9111211
        ]
      },
      "id": "node/10295304708"
    },
    {
      "type": "Feature",
      "properties": {
        "@id": "node/10295304709",
        "bus": "yes",
        "highway": "bus_stop",
        "name": "معهد سيدي ثابت",
        "name:ar": "معهد سيدي ثابت",
        "name:fr": "LYCÉE SIDI THABET",
        "public_transport": "stop_position"
      },
      "geometry": {
        "type": "Point",
        "coordinates": [
          10.0555577,
          36.9128382
        ]
      },
      "id": "node/10295304709"
    },
    {
      "type": "Feature",
      "properties": {
        "@id": "node/10295304710",
        "bus": "yes",
        "highway": "bus_stop",
        "name": "المرازقية",
        "name:ar": "المرازقية",
        "name:fr": "MREZGEYA",
        "public_transport": "stop_position"
      },
      "geometry": {
        "type": "Point",
        "coordinates": [
          10.0603003,
          36.9137498
        ]
      },
      "id": "node/10295304710"
    },
    {
      "type": "Feature",
      "properties": {
        "@id": "node/10295304653",
        "bus": "yes",
        "highway": "bus_stop",
        "name": "القنال 3",
        "name:ar": "القنال 3",
        "name:fr": "CANAL 3",
        "public_transport": "stop_position"
      },
      "geometry": {
        "type": "Point",
        "coordinates": [
          9.9115722,
          36.9384311
        ]
      },
      "id": "node/10295304653"
    },
    {
      "type": "Feature",
      "properties": {
        "@id": "node/10295304652",
        "bus": "yes",
        "highway": "bus_stop",
        "name": "طريق شواط",
        "name:ar": "طريق شواط",
        "name:fr": "ROUTE CHAOUAT",
        "public_transport": "stop_position"
      },
      "geometry": {
        "type": "Point",
        "coordinates": [
          9.9156649,
          36.9445648
        ]
      },
      "id": "node/10295304652"
    },
    {
      "type": "Feature",
      "properties": {
        "@id": "node/10295304700",
        "bus": "yes",
        "highway": "bus_stop",
        "name": "شرفش 2",
        "name:ar": "شرفش 2",
        "name:fr": "CHORFECH 2",
        "public_transport": "stop_position"
      },
      "geometry": {
        "type": "Point",
        "coordinates": [
          10.042587,
          36.9374389
        ]
      },
      "id": "node/10295304700"
    },
    {
      "type": "Feature",
      "properties": {
        "@id": "node/10295304701",
        "bus": "yes",
        "highway": "bus_stop",
        "name": "شرفش 1",
        "name:ar": "شرفش 1",
        "name:fr": "CHORFECH 1",
        "public_transport": "stop_position"
      },
      "geometry": {
        "type": "Point",
        "coordinates": [
          10.0427475,
          36.935996
        ]
      },
      "id": "node/10295304701"
    },
    {
      "type": "Feature",
      "properties": {
        "@id": "node/10295304699",
        "bus": "yes",
        "highway": "bus_stop",
        "name": "صوناد",
        "name:ar": "صوناد",
        "name:fr": "SONED",
        "public_transport": "stop_position"
      },
      "geometry": {
        "type": "Point",
        "coordinates": [
          10.0413527,
          36.9476408
        ]
      },
      "id": "node/10295304699"
    },
    {
      "type": "Feature",
      "properties": {
        "@id": "node/10295305492",
        "bus": "yes",
        "highway": "bus_stop",
        "name": "مدينة أوذنة",
        "name:ar": "مدينة أوذنة",
        "name:fr": "OUDHNA VILLAGE",
        "public_transport": "stop_position"
      },
      "geometry": {
        "type": "Point",
        "coordinates": [
          10.1298227,
          36.6224981
        ]
      },
      "id": "node/10295305492"
    },
    {
      "type": "Feature",
      "properties": {
        "@id": "node/10295305491",
        "bus": "yes",
        "highway": "bus_stop",
        "name": "أوذنة (نهاية الخط)",
        "name:ar": "أوذنة (نهاية الخط)",
        "name:fr": "OUEDHNA (TERMINUS)",
        "public_transport": "stop_position"
      },
      "geometry": {
        "type": "Point",
        "coordinates": [
          10.1510229,
          36.6249952
        ]
      },
      "id": "node/10295305491"
    },
    {
      "type": "Feature",
      "properties": {
        "@id": "node/10295305493",
        "bus": "yes",
        "highway": "bus_stop",
        "name": "مفترق أوذنة جبل الوسط",
        "name:ar": "مفترق أوذنة جبل الوسط",
        "name:fr": "Croisement OUEDHNA/JEBEL OUST",
        "public_transport": "stop_position"
      },
      "geometry": {
        "type": "Point",
        "coordinates": [
          10.1285781,
          36.6390635
        ]
      },
      "id": "node/10295305493"
    },
    {
      "type": "Feature",
      "properties": {
        "@id": "node/10295305494",
        "bus": "yes",
        "highway": "bus_stop",
        "name": "سبالة الشيخ",
        "name:ar": "سبالة الشيخ",
        "name:fr": "CEBALET CHEIKH",
        "public_transport": "stop_position"
      },
      "geometry": {
        "type": "Point",
        "coordinates": [
          10.1337582,
          36.650703
        ]
      },
      "id": "node/10295305494"
    },
    {
      "type": "Feature",
      "properties": {
        "@id": "node/10295304421",
        "bus": "yes",
        "highway": "bus_stop",
        "name": "مزرعة حجاج",
        "name:ar": "مزرعة حجاج",
        "name:fr": "FERME HAJJAJ",
        "public_transport": "stop_position"
      },
      "geometry": {
        "type": "Point",
        "coordinates": [
          10.1317674,
          36.6531335
        ]
      },
      "id": "node/10295304421"
    },
    {
      "type": "Feature",
      "properties": {
        "@id": "node/10295304417",
        "bus": "yes",
        "highway": "bus_stop",
        "name": "نهاية الخط سيدي فرج",
        "name:ar": "نهاية الخط سيدي فرج",
        "name:fr": "Terminus SIDI FREDJ",
        "public_transport": "stop_position"
      },
      "geometry": {
        "type": "Point",
        "coordinates": [
          10.12672,
          36.6590852
        ]
      },
      "id": "node/10295304417"
    },
    {
      "type": "Feature",
      "properties": {
        "@id": "node/10295304418",
        "bus": "yes",
        "highway": "bus_stop",
        "name": "سيدي فرج 1",
        "name:ar": "سيدي فرج 1",
        "name:fr": "SIDI FREDJ 1",
        "public_transport": "stop_position"
      },
      "geometry": {
        "type": "Point",
        "coordinates": [
          10.1310974,
          36.6596189
        ]
      },
      "id": "node/10295304418"
    },
    {
      "type": "Feature",
      "properties": {
        "@id": "node/10295304420",
        "bus": "yes",
        "highway": "bus_stop",
        "name": "معمل الفريب",
        "name:ar": "معمل الفريب",
        "name:fr": "USINE FRIPE",
        "public_transport": "stop_position"
      },
      "geometry": {
        "type": "Point",
        "coordinates": [
          10.1294921,
          36.6577401
        ]
      },
      "id": "node/10295304420"
    },
    {
      "type": "Feature",
      "properties": {
        "@id": "node/10295304419",
        "bus": "yes",
        "highway": "bus_stop",
        "name": "مدرسة سيدي فرج",
        "name:ar": "مدرسة سيدي فرج",
        "name:fr": "E.P.SIDI FREDJ",
        "public_transport": "stop_position"
      },
      "geometry": {
        "type": "Point",
        "coordinates": [
          10.1319626,
          36.6592253
        ]
      },
      "id": "node/10295304419"
    },
    {
      "type": "Feature",
      "properties": {
        "@id": "node/10295304302",
        "bus": "yes",
        "highway": "bus_stop",
        "name": "جامع سبالة الشيخ",
        "name:ar": "جامع سبالة الشيخ",
        "name:fr": "MOSQUÉE CEBELET CHEIKH",
        "public_transport": "stop_position"
      },
      "geometry": {
        "type": "Point",
        "coordinates": [
          10.141895,
          36.6580535
        ]
      },
      "id": "node/10295304302"
    },
    {
      "type": "Feature",
      "properties": {
        "@id": "node/10295305495",
        "bus": "yes",
        "highway": "bus_stop",
        "name": "حي الطرابلسي",
        "name:ar": "حي الطرابلسي",
        "name:fr": "CITÉ TRABELSI",
        "public_transport": "stop_position"
      },
      "geometry": {
        "type": "Point",
        "coordinates": [
          10.1498532,
          36.6641047
        ]
      },
      "id": "node/10295305495"
    },
    {
      "type": "Feature",
      "properties": {
        "@id": "node/10295305288",
        "bus": "yes",
        "highway": "bus_stop",
        "name": "الغضاونية (إياب)",
        "name:ar": "الغضاونية (إياب)",
        "name:fr": "GHDHAOUNIA (Retour)",
        "public_transport": "stop_position"
      },
      "geometry": {
        "type": "Point",
        "coordinates": [
          10.068937,
          36.6980407
        ]
      },
      "id": "node/10295305288"
    },
    {
      "type": "Feature",
      "properties": {
        "@id": "node/10295305289",
        "bus": "yes",
        "highway": "bus_stop",
        "name": "الغضاونية (ذهاب)",
        "name:ar": "الغضاونية (ذهاب)",
        "name:fr": "GHDHAOUNIA (Aller)",
        "public_transport": "stop_position"
      },
      "geometry": {
        "type": "Point",
        "coordinates": [
          10.0686691,
          36.6981276
        ]
      },
      "id": "node/10295305289"
    },
    {
      "type": "Feature",
      "properties": {
        "@id": "node/10295305290",
        "bus": "yes",
        "highway": "bus_stop",
        "name": "فيرمة عيشة الوردنية (إياب)",
        "name:ar": "فيرمة عيشة الوردنية (إياب)",
        "name:fr": "FIRMAT AICHA LOUERDANIA (Retour)",
        "public_transport": "stop_position"
      },
      "geometry": {
        "type": "Point",
        "coordinates": [
          10.0708498,
          36.7125012
        ]
      },
      "id": "node/10295305290"
    },
    {
      "type": "Feature",
      "properties": {
        "@id": "node/10295305291",
        "bus": "yes",
        "highway": "bus_stop",
        "name": "فيرمة عيشة الوردنية (ذهاب)",
        "name:ar": "فيرمة عيشة الوردنية (ذهاب)",
        "name:fr": "FIRMAT AICHA LOUERDANIA (Aller)",
        "public_transport": "stop_position"
      },
      "geometry": {
        "type": "Point",
        "coordinates": [
          10.0706807,
          36.7124148
        ]
      },
      "id": "node/10295305291"
    },
    {
      "type": "Feature",
      "properties": {
        "@id": "node/10295305341",
        "bus": "yes",
        "highway": "bus_stop",
        "name": "نهاية الخط بوحامد",
        "name:ar": "نهاية الخط بوحامد",
        "name:fr": "Terminus BOUHAMED",
        "public_transport": "stop_position"
      },
      "geometry": {
        "type": "Point",
        "coordinates": [
          10.0933344,
          36.6975332
        ]
      },
      "id": "node/10295305341"
    },
    {
      "type": "Feature",
      "properties": {
        "@id": "node/10295305344",
        "bus": "yes",
        "highway": "bus_stop",
        "name": "جامع بيرين (إياب)",
        "name:ar": "جامع بيرين (إياب)",
        "name:fr": "MOSQUÉE BIRINE (Retour)",
        "public_transport": "stop_position"
      },
      "geometry": {
        "type": "Point",
        "coordinates": [
          10.0984845,
          36.7035082
        ]
      },
      "id": "node/10295305344"
    },
    {
      "type": "Feature",
      "properties": {
        "@id": "node/10295305345",
        "bus": "yes",
        "highway": "bus_stop",
        "name": "جامع بيرين (ذهاب)",
        "name:ar": "جامع بيرين (ذهاب)",
        "name:fr": "MOSQUÉE BIRINE (Aller)",
        "public_transport": "stop_position"
      },
      "geometry": {
        "type": "Point",
        "coordinates": [
          10.0982911,
          36.7035289
        ]
      },
      "id": "node/10295305345"
    },
    {
      "type": "Feature",
      "properties": {
        "@id": "node/10295305346",
        "bus": "yes",
        "highway": "bus_stop",
        "name": "مفترق بيرين/عطار (إياب)",
        "name:ar": "مفترق بيرين/عطار (إياب)",
        "name:fr": "CROISEMENT BIRINE/ATTAR (Retour)",
        "public_transport": "stop_position"
      },
      "geometry": {
        "type": "Point",
        "coordinates": [
          10.1047821,
          36.7117603
        ]
      },
      "id": "node/10295305346"
    },
    {
      "type": "Feature",
      "properties": {
        "@id": "node/10295305347",
        "bus": "yes",
        "highway": "bus_stop",
        "name": "مفترق بيرين/عطار (ذهاب)",
        "name:ar": "مفترق بيرين/عطار (ذهاب)",
        "name:fr": "CROISEMENT BIRINE/ATTAR (Aller)",
        "public_transport": "stop_position"
      },
      "geometry": {
        "type": "Point",
        "coordinates": [
          10.1045026,
          36.7118446
        ]
      },
      "id": "node/10295305347"
    },
    {
      "type": "Feature",
      "properties": {
        "@id": "node/10295305258",
        "bus": "yes",
        "highway": "bus_stop",
        "name": "مفترق بيرين خط 33أ/ (إياب)",
        "name:ar": "مفترق بيرين خط 33أ/ (إياب)",
        "name:fr": "CROISEMENT BIRINE L33A/ (Retour)",
        "public_transport": "stop_position"
      },
      "geometry": {
        "type": "Point",
        "coordinates": [
          10.1152323,
          36.7125184
        ]
      },
      "id": "node/10295305258"
    },
    {
      "type": "Feature",
      "properties": {
        "@id": "node/10295305259",
        "bus": "yes",
        "highway": "bus_stop",
        "name": "مفترق بيرين خط أ/33 (ذهاب)",
        "name:ar": "مفترق بيرين خط أ/33 (ذهاب)",
        "name:fr": "CROISEMENT BIRINE L33A/ (Aller)",
        "public_transport": "stop_position"
      },
      "geometry": {
        "type": "Point",
        "coordinates": [
          10.1151572,
          36.7124131
        ]
      },
      "id": "node/10295305259"
    },
    {
      "type": "Feature",
      "properties": {
        "@id": "node/10295304393",
        "bus": "yes",
        "highway": "bus_stop",
        "name": "شارع المنجي سليم",
        "name:ar": "شارع المنجي سليم",
        "name:fr": "Rue Mongi Slim",
        "public_transport": "stop_position"
      },
      "geometry": {
        "type": "Point",
        "coordinates": [
          10.1404876,
          36.6902977
        ]
      },
      "id": "node/10295304393"
    },
    {
      "type": "Feature",
      "properties": {
        "@id": "node/10295305496",
        "bus": "yes",
        "highway": "bus_stop",
        "name": "حي طياري",
        "name:ar": "حي طياري",
        "name:fr": "CITÉ TAYARI",
        "public_transport": "stop_position"
      },
      "geometry": {
        "type": "Point",
        "coordinates": [
          10.1529924,
          36.6673033
        ]
      },
      "id": "node/10295305496"
    },
    {
      "type": "Feature",
      "properties": {
        "@id": "node/10295305497",
        "bus": "yes",
        "highway": "bus_stop",
        "name": "المعهد الثانوي المحمدية",
        "name:ar": "المعهد الثانوي المحمدية",
        "name:fr": "LYCÉE SECONDAIRE MHAMDIA",
        "public_transport": "stop_position"
      },
      "geometry": {
        "type": "Point",
        "coordinates": [
          10.1535554,
          36.6682187
        ]
      },
      "id": "node/10295305497"
    },
    {
      "type": "Feature",
      "properties": {
        "@id": "node/10295305498",
        "bus": "yes",
        "highway": "bus_stop",
        "name": "حي السعادة",
        "name:ar": "حي السعادة",
        "name:fr": "CITÉ ESSAADA (MHAMDIA)",
        "public_transport": "stop_position"
      },
      "geometry": {
        "type": "Point",
        "coordinates": [
          10.1540382,
          36.6691567
        ]
      },
      "id": "node/10295305498"
    },
    {
      "type": "Feature",
      "properties": {
        "@id": "node/10295305472",
        "bus": "yes",
        "highway": "bus_stop",
        "name": "حي اللوز",
        "name:ar": "حي اللوز",
        "name:fr": "CITÉ ELLOUZ",
        "public_transport": "stop_position"
      },
      "geometry": {
        "type": "Point",
        "coordinates": [
          10.1577503,
          36.6722805
        ]
      },
      "id": "node/10295305472"
    },
    {
      "type": "Feature",
      "properties": {
        "@id": "node/10295305473",
        "bus": "yes",
        "highway": "bus_stop",
        "name": "فطومة بورقيبة",
        "name:ar": "فطومة بورقيبة",
        "name:fr": "FATOUMA BOURGUIBA",
        "public_transport": "stop_position"
      },
      "geometry": {
        "type": "Point",
        "coordinates": [
          10.1565487,
          36.6728059
        ]
      },
      "id": "node/10295305473"
    },
    {
      "type": "Feature",
      "properties": {
        "@id": "node/10295305499",
        "bus": "yes",
        "highway": "bus_stop",
        "name": "المحمدية",
        "name:ar": "المحمدية",
        "name:fr": "MHAMDIA CENTRE",
        "public_transport": "stop_position"
      },
      "geometry": {
        "type": "Point",
        "coordinates": [
          10.1560341,
          36.675479
        ]
      },
      "id": "node/10295305499"
    },
    {
      "type": "Feature",
      "properties": {
        "@id": "node/10295305470",
        "bus": "yes",
        "highway": "bus_stop",
        "name": "حي العلمي - نهاية الخط",
        "name:ar": "حي العلمي - نهاية الخط",
        "name:fr": "CITÉ EL ELMI (TERMINUS)",
        "public_transport": "stop_position"
      },
      "geometry": {
        "type": "Point",
        "coordinates": [
          10.1621599,
          36.6701291
        ]
      },
      "id": "node/10295305470"
    },
    {
      "type": "Feature",
      "properties": {
        "@id": "node/10295305471",
        "bus": "yes",
        "highway": "bus_stop",
        "name": "حي العلمي 1",
        "name:ar": "حي العلمي 1",
        "name:fr": "CITÉ EL ELMI 1",
        "public_transport": "stop_position"
      },
      "geometry": {
        "type": "Point",
        "coordinates": [
          10.1592846,
          36.670155
        ]
      },
      "id": "node/10295305471"
    },
    {
      "type": "Feature",
      "properties": {
        "@id": "node/10295304389",
        "bus": "yes",
        "highway": "bus_stop",
        "name": "حي النسيم 24",
        "name:ar": "حي النسيم 24",
        "name:fr": "CITÉ ENNASSIM 24H (SECTION)",
        "public_transport": "stop_position"
      },
      "geometry": {
        "type": "Point",
        "coordinates": [
          10.155798,
          36.680198
        ]
      },
      "id": "node/10295304389"
    },
    {
      "type": "Feature",
      "properties": {
        "@id": "node/10295305500",
        "bus": "yes",
        "highway": "bus_stop",
        "name": "معتمدية المحمدية",
        "name:ar": "معتمدية المحمدية",
        "name:fr": "SIÈGE DÉLÉGATION MHAMDIA",
        "public_transport": "stop_position"
      },
      "geometry": {
        "type": "Point",
        "coordinates": [
          10.1566723,
          36.6788686
        ]
      },
      "id": "node/10295305500"
    },
    {
      "type": "Feature",
      "properties": {
        "@id": "node/10295305501",
        "bus": "yes",
        "highway": "bus_stop",
        "name": "نهاية خط حي النسيم",
        "name:ar": "نهاية خط حي النسيم",
        "name:fr": "TERMINUS CITÉ ENNASSIM",
        "public_transport": "stop_position"
      },
      "geometry": {
        "type": "Point",
        "coordinates": [
          10.1570425,
          36.6806027
        ]
      },
      "id": "node/10295305501"
    },
    {
      "type": "Feature",
      "properties": {
        "@id": "node/10295360709",
        "bus": "yes",
        "highway": "bus_stop",
        "name": "MHAMDIA",
        "public_transport": "stop_position"
      },
      "geometry": {
        "type": "Point",
        "coordinates": [
          10.156902,
          36.679775
        ]
      },
      "id": "node/10295360709"
    },
    {
      "type": "Feature",
      "properties": {
        "@id": "node/10295304390",
        "bus": "yes",
        "highway": "bus_stop",
        "name": "مدرسة حي لكسر",
        "name:ar": "مدرسة حي لكسر",
        "name:fr": "E.P CITE LEKSAR",
        "public_transport": "stop_position"
      },
      "geometry": {
        "type": "Point",
        "coordinates": [
          10.1499827,
          36.6852302
        ]
      },
      "id": "node/10295304390"
    },
    {
      "type": "Feature",
      "properties": {
        "@id": "node/10295304391",
        "bus": "yes",
        "highway": "bus_stop",
        "name": "حي العياري",
        "name:ar": "حي العياري",
        "name:fr": "CITÉ AYARI",
        "public_transport": "stop_position"
      },
      "geometry": {
        "type": "Point",
        "coordinates": [
          10.147585,
          36.6873396
        ]
      },
      "id": "node/10295304391"
    },
    {
      "type": "Feature",
      "properties": {
        "@id": "node/10295304392",
        "bus": "yes",
        "highway": "bus_stop",
        "name": "مدرسة حي حشاد",
        "name:ar": "مدرسة حي حشاد",
        "name:fr": "E.P CITÉ HACHED",
        "public_transport": "stop_position"
      },
      "geometry": {
        "type": "Point",
        "coordinates": [
          10.1469142,
          36.6893427
        ]
      },
      "id": "node/10295304392"
    },
    {
      "type": "Feature",
      "properties": {
        "@id": "node/10295305502",
        "bus": "yes",
        "highway": "bus_stop",
        "name": "المستوصف",
        "name:ar": "المستوصف",
        "name:fr": "DISPENSAIRE",
        "public_transport": "stop_position"
      },
      "geometry": {
        "type": "Point",
        "coordinates": [
          10.1599493,
          36.6855033
        ]
      },
      "id": "node/10295305502"
    },
    {
      "type": "Feature",
      "properties": {
        "@id": "node/10295305340",
        "bus": "yes",
        "highway": "bus_stop",
        "name": "نهاية الخط الطيب المهيري",
        "name:ar": "نهاية الخط الطيب المهيري",
        "name:fr": "Terminus TAIEB MHIRI",
        "public_transport": "stop_position"
      },
      "geometry": {
        "type": "Point",
        "coordinates": [
          10.1298217,
          36.6972871
        ]
      },
      "id": "node/10295305340"
    },
    {
      "type": "Feature",
      "properties": {
        "@id": "node/10295304394",
        "bus": "yes",
        "highway": "bus_stop",
        "name": "2 الطيب المهيري",
        "name:ar": "2 الطيب المهيري",
        "name:fr": "TAIEB MHIRI 2",
        "public_transport": "stop_position"
      },
      "geometry": {
        "type": "Point",
        "coordinates": [
          10.1381473,
          36.6952203
        ]
      },
      "id": "node/10295304394"
    },
    {
      "type": "Feature",
      "properties": {
        "@id": "node/10295304395",
        "bus": "yes",
        "highway": "bus_stop",
        "name": "الطيب المهيري1",
        "name:ar": "الطيب المهيري1",
        "name:fr": "TAIEB MHIRI 1",
        "public_transport": "stop_position"
      },
      "geometry": {
        "type": "Point",
        "coordinates": [
          10.1333208,
          36.7005956
        ]
      },
      "id": "node/10295304395"
    },
    {
      "type": "Feature",
      "properties": {
        "@id": "node/10295305256",
        "bus": "yes",
        "highway": "bus_stop",
        "name": "حي كوير (إياب)",
        "name:ar": "حي كوير (إياب)",
        "name:fr": "CITE KOUIER (Retour)",
        "public_transport": "stop_position"
      },
      "geometry": {
        "type": "Point",
        "coordinates": [
          10.1213101,
          36.7098603
        ]
      },
      "id": "node/10295305256"
    },
    {
      "type": "Feature",
      "properties": {
        "@id": "node/10295305257",
        "bus": "yes",
        "highway": "bus_stop",
        "name": "حي كوير (ذهاب)",
        "name:ar": "حي كوير (ذهاب)",
        "name:fr": "CITE KOUIER (Aller)",
        "public_transport": "stop_position"
      },
      "geometry": {
        "type": "Point",
        "coordinates": [
          10.1212028,
          36.7097184
        ]
      },
      "id": "node/10295305257"
    },
    {
      "type": "Feature",
      "properties": {
        "@id": "node/10295305503",
        "bus": "yes",
        "highway": "bus_stop",
        "name": "حي زيتون",
        "name:ar": "حي زيتون",
        "name:fr": "CITÉ ZITOUN",
        "public_transport": "platform"
      },
      "geometry": {
        "type": "Point",
        "coordinates": [
          10.1635112,
          36.6916805
        ]
      },
      "id": "node/10295305503"
    },
    {
      "type": "Feature",
      "properties": {
        "@id": "node/10295305487",
        "bus": "yes",
        "highway": "bus_stop",
        "name": "حي الرياض فوشانة",
        "name:ar": "حي الرياض فوشانة",
        "name:fr": "CITÉ ERRIADH FOUCHANA",
        "public_transport": "stop_position"
      },
      "geometry": {
        "type": "Point",
        "coordinates": [
          10.1624299,
          36.7022346
        ]
      },
      "id": "node/10295305487"
    },
    {
      "type": "Feature",
      "properties": {
        "@id": "node/10295305012",
        "bus": "yes",
        "highway": "bus_stop",
        "name": "مقهي صبيحة",
        "name:ar": "مقهي صبيحة",
        "name:fr": "CAFÉ SABIHA",
        "public_transport": "stop_position"
      },
      "geometry": {
        "type": "Point",
        "coordinates": [
          10.1686079,
          36.6989348
        ]
      },
      "id": "node/10295305012"
    },
    {
      "type": "Feature",
      "properties": {
        "@id": "node/10295305367",
        "bus": "yes",
        "highway": "bus_stop",
        "name": "فوشانة (إياب)",
        "name:ar": "فوشانة (إياب)",
        "name:fr": "FOUCHANA (Retour)",
        "public_transport": "stop_position"
      },
      "geometry": {
        "type": "Point",
        "coordinates": [
          10.166033,
          36.7004064
        ]
      },
      "id": "node/10295305367"
    },
    {
      "type": "Feature",
      "properties": {
        "@id": "node/10295305368",
        "bus": "yes",
        "highway": "bus_stop",
        "name": "فوشانة (ذهاب)",
        "name:ar": "فوشانة (ذهاب)",
        "name:fr": "FOUCHANA (Aller)",
        "public_transport": "stop_position"
      },
      "geometry": {
        "type": "Point",
        "coordinates": [
          10.1661939,
          36.7000451
        ]
      },
      "id": "node/10295305368"
    },
    {
      "type": "Feature",
      "properties": {
        "@id": "node/10295305469",
        "bus": "yes",
        "highway": "bus_stop",
        "name": "مدخل فوشانة",
        "name:ar": "مدخل فوشانة",
        "name:fr": "ENTRÉE FOUCHANA",
        "public_transport": "stop_position"
      },
      "geometry": {
        "type": "Point",
        "coordinates": [
          10.1700598,
          36.6983814
        ]
      },
      "id": "node/10295305469"
    },
    {
      "type": "Feature",
      "properties": {
        "@id": "node/10295305505",
        "bus": "yes",
        "highway": "bus_stop",
        "name": "وسط فوشانة",
        "name:ar": "وسط فوشانة",
        "name:fr": "FOUCHANA CENTRE",
        "public_transport": "platform"
      },
      "geometry": {
        "type": "Point",
        "coordinates": [
          10.1698105,
          36.6993559
        ]
      },
      "id": "node/10295305505"
    },
    {
      "type": "Feature",
      "properties": {
        "@id": "node/10295360708",
        "bus": "yes",
        "highway": "bus_stop",
        "name": "FOUCHANA",
        "public_transport": "stop_position"
      },
      "geometry": {
        "type": "Point",
        "coordinates": [
          10.169412,
          36.698506
        ]
      },
      "id": "node/10295360708"
    },
    {
      "type": "Feature",
      "properties": {
        "@id": "node/10295305371",
        "bus": "yes",
        "highway": "bus_stop",
        "name": "الخزنة (إياب)",
        "name:ar": "الخزنة (إياب)",
        "name:fr": "KHAZNA (Retour)",
        "public_transport": "stop_position"
      },
      "geometry": {
        "type": "Point",
        "coordinates": [
          10.1505507,
          36.7118446
        ]
      },
      "id": "node/10295305371"
    },
    {
      "type": "Feature",
      "properties": {
        "@id": "node/10295305372",
        "bus": "yes",
        "highway": "bus_stop",
        "name": "الخزنة (ذهاب)",
        "name:ar": "الخزنة (ذهاب)",
        "name:fr": "KHAZNA (Aller)",
        "public_transport": "stop_position"
      },
      "geometry": {
        "type": "Point",
        "coordinates": [
          10.150937,
          36.7116209
        ]
      },
      "id": "node/10295305372"
    },
    {
      "type": "Feature",
      "properties": {
        "@id": "node/10295305373",
        "bus": "yes",
        "highway": "bus_stop",
        "name": "محطة المنجي سليم",
        "name:ar": "محطة المنجي سليم",
        "name:fr": "Station Mongi Slim",
        "public_transport": "stop_position"
      },
      "geometry": {
        "type": "Point",
        "coordinates": [
          10.14686,
          36.7132207
        ]
      },
      "id": "node/10295305373"
    },
    {
      "type": "Feature",
      "properties": {
        "@id": "node/10295305374",
        "bus": "yes",
        "highway": "bus_stop",
        "name": "حي المنجي سليم",
        "name:ar": "حي المنجي سليم",
        "name:fr": "Cité Mongi Slim",
        "public_transport": "stop_position"
      },
      "geometry": {
        "type": "Point",
        "coordinates": [
          10.1462581,
          36.7129764
        ]
      },
      "id": "node/10295305374"
    },
    {
      "type": "Feature",
      "properties": {
        "@id": "node/10295305369",
        "bus": "yes",
        "highway": "bus_stop",
        "name": "حي بريم (إياب)",
        "name:ar": "حي بريم (إياب)",
        "name:fr": "CITE PRIM (Retour)",
        "public_transport": "stop_position"
      },
      "geometry": {
        "type": "Point",
        "coordinates": [
          10.1607651,
          36.7036407
        ]
      },
      "id": "node/10295305369"
    },
    {
      "type": "Feature",
      "properties": {
        "@id": "node/10295305370",
        "bus": "yes",
        "highway": "bus_stop",
        "name": "حي بريم (ذهاب)",
        "name:ar": "حي بريم (ذهاب)",
        "name:fr": "CITE PRIM (Aller)",
        "public_transport": "stop_position"
      },
      "geometry": {
        "type": "Point",
        "coordinates": [
          10.160396,
          36.70374
        ]
      },
      "id": "node/10295305370"
    },
    {
      "type": "Feature",
      "properties": {
        "@id": "node/10295305488",
        "bus": "yes",
        "highway": "bus_stop",
        "name": "حي الامل",
        "name:ar": "حي الامل",
        "name:fr": "CITÉ EL AMAL",
        "public_transport": "stop_position"
      },
      "geometry": {
        "type": "Point",
        "coordinates": [
          10.1640806,
          36.7035767
        ]
      },
      "id": "node/10295305488"
    },
    {
      "type": "Feature",
      "properties": {
        "@id": "node/10295305490",
        "bus": "yes",
        "highway": "bus_stop",
        "name": "حي الوفاق",
        "name:ar": "حي الوفاق",
        "name:fr": "CITÉ EL OUIFAK",
        "public_transport": "stop_position"
      },
      "geometry": {
        "type": "Point",
        "coordinates": [
          10.1701851,
          36.7080957
        ]
      },
      "id": "node/10295305490"
    },
    {
      "type": "Feature",
      "properties": {
        "@id": "node/10779745921",
        "bus": "yes",
        "highway": "bus_stop",
        "public_transport": "platform"
      },
      "geometry": {
        "type": "Point",
        "coordinates": [
          10.1660055,
          36.7050438
        ]
      },
      "id": "node/10779745921"
    },
    {
      "type": "Feature",
      "properties": {
        "@id": "node/10779745922",
        "bus": "yes",
        "highway": "bus_stop",
        "public_transport": "platform"
      },
      "geometry": {
        "type": "Point",
        "coordinates": [
          10.1679333,
          36.7065234
        ]
      },
      "id": "node/10779745922"
    },
    {
      "type": "Feature",
      "properties": {
        "@id": "node/10295305358",
        "bus": "yes",
        "highway": "bus_stop",
        "name": "المغيرة (إياب)",
        "name:ar": "المغيرة (إياب)",
        "name:fr": "MGHIRA (Retour)",
        "public_transport": "platform"
      },
      "geometry": {
        "type": "Point",
        "coordinates": [
          10.162868,
          36.7161638
        ]
      },
      "id": "node/10295305358"
    },
    {
      "type": "Feature",
      "properties": {
        "@id": "node/10295305359",
        "bus": "yes",
        "highway": "bus_stop",
        "name": "المغيرة (ذهاب)",
        "name:ar": "المغيرة (ذهاب)",
        "name:fr": "MGHIRA (Aller)",
        "public_transport": "stop_position"
      },
      "geometry": {
        "type": "Point",
        "coordinates": [
          10.1631893,
          36.7162308
        ]
      },
      "id": "node/10295305359"
    },
    {
      "type": "Feature",
      "properties": {
        "@id": "node/10295305028",
        "bus": "yes",
        "highway": "bus_stop",
        "name": "سيتروان",
        "name:ar": "سيتروان",
        "name:fr": "CITROEN",
        "public_transport": "stop_position"
      },
      "geometry": {
        "type": "Point",
        "coordinates": [
          10.170805,
          36.7160208
        ]
      },
      "id": "node/10295305028"
    },
    {
      "type": "Feature",
      "properties": {
        "@id": "node/10295305031",
        "bus": "yes",
        "highway": "bus_stop",
        "name": "مركزالتكوين المغيرة",
        "name:ar": "مركزالتكوين المغيرة",
        "name:fr": "CENTRE DE FORMATION MGHIRA",
        "public_transport": "stop_position"
      },
      "geometry": {
        "type": "Point",
        "coordinates": [
          10.1678679,
          36.7131499
        ]
      },
      "id": "node/10295305031"
    },
    {
      "type": "Feature",
      "properties": {
        "@id": "node/10295305360",
        "bus": "yes",
        "highway": "bus_stop",
        "name": "مركز تكوين المغيرة (إياب)",
        "name:ar": "مركز تكوين المغيرة-اياب",
        "name:fr": "CENTRE FORMATION MGHIRA (Retour)",
        "public_transport": "stop_position"
      },
      "geometry": {
        "type": "Point",
        "coordinates": [
          10.1666231,
          36.7129558
        ]
      },
      "id": "node/10295305360"
    },
    {
      "type": "Feature",
      "properties": {
        "@id": "node/10295305361",
        "bus": "yes",
        "highway": "bus_stop",
        "name": "مركز تكوين المغيرة (ذهاب)",
        "name:ar": "مركز تكوين المغيرة (ذهاب)",
        "name:fr": "CENTRE FORMATION MGHIRA (Aller)",
        "public_transport": "stop_position"
      },
      "geometry": {
        "type": "Point",
        "coordinates": [
          10.1677174,
          36.7123279
        ]
      },
      "id": "node/10295305361"
    },
    {
      "type": "Feature",
      "properties": {
        "@id": "node/10295305072",
        "bus": "yes",
        "highway": "bus_stop",
        "name": "(فرش العنابي (نهاية الخط",
        "name:ar": "(فرش العنابي (نهاية الخط",
        "name:fr": "FERCH ANNABI (TERMINUS)",
        "public_transport": "stop_position"
      },
      "geometry": {
        "type": "Point",
        "coordinates": [
          10.177706,
          36.617351
        ]
      },
      "id": "node/10295305072"
    },
    {
      "type": "Feature",
      "properties": {
        "@id": "node/10295305073",
        "bus": "yes",
        "highway": "bus_stop",
        "name": "1مدخل فرش العنابي",
        "name:ar": "1مدخل فرش العنابي",
        "name:fr": "ENTRÉE FERCH ANNABI 1",
        "public_transport": "stop_position"
      },
      "geometry": {
        "type": "Point",
        "coordinates": [
          10.1776845,
          36.6194354
        ]
      },
      "id": "node/10295305073"
    },
    {
      "type": "Feature",
      "properties": {
        "@id": "node/10295305074",
        "bus": "yes",
        "highway": "bus_stop",
        "name": "بروطة",
        "name:ar": "بروطة",
        "name:fr": "BARROUTA",
        "public_transport": "stop_position"
      },
      "geometry": {
        "type": "Point",
        "coordinates": [
          10.1779206,
          36.6238178
        ]
      },
      "id": "node/10295305074"
    },
    {
      "type": "Feature",
      "properties": {
        "@id": "node/10295305075",
        "bus": "yes",
        "highway": "bus_stop",
        "name": "قزدلي",
        "name:ar": "قزدلي",
        "name:fr": "GAZDALLI",
        "public_transport": "stop_position"
      },
      "geometry": {
        "type": "Point",
        "coordinates": [
          10.1804289,
          36.6275634
        ]
      },
      "id": "node/10295305075"
    },
    {
      "type": "Feature",
      "properties": {
        "@id": "node/10295305076",
        "bus": "yes",
        "highway": "bus_stop",
        "name": "مزرعة الجربي",
        "name:ar": "مزرعة الجربي",
        "name:fr": "FERME EJERBI",
        "public_transport": "stop_position"
      },
      "geometry": {
        "type": "Point",
        "coordinates": [
          10.1876494,
          36.6375311
        ]
      },
      "id": "node/10295305076"
    },
    {
      "type": "Feature",
      "properties": {
        "@id": "node/10295304984",
        "bus": "yes",
        "highway": "bus_stop",
        "name": "كشاشمة",
        "name:ar": "كشاشمة",
        "name:fr": "KCHACHMA",
        "public_transport": "stop_position"
      },
      "geometry": {
        "type": "Point",
        "coordinates": [
          10.220931,
          36.6184808
        ]
      },
      "id": "node/10295304984"
    },
    {
      "type": "Feature",
      "properties": {
        "@id": "node/10295304983",
        "bus": "yes",
        "highway": "bus_stop",
        "name": "الخروبة",
        "name:ar": "الخروبة",
        "name:fr": "ELKHAROUBA",
        "public_transport": "stop_position"
      },
      "geometry": {
        "type": "Point",
        "coordinates": [
          10.2102358,
          36.6261599
        ]
      },
      "id": "node/10295304983"
    },
    {
      "type": "Feature",
      "properties": {
        "@id": "node/10295304990",
        "bus": "yes",
        "highway": "bus_stop",
        "name": "شركة الكهرباء والغاز الخليدية",
        "name:ar": "شركة الكهرباء والغاز الخليدية",
        "name:fr": "STEG KHLIDIA",
        "public_transport": "stop_position"
      },
      "geometry": {
        "type": "Point",
        "coordinates": [
          10.1988847,
          36.6337194
        ]
      },
      "id": "node/10295304990"
    },
    {
      "type": "Feature",
      "properties": {
        "@id": "node/10295304958",
        "bus": "yes",
        "highway": "bus_stop",
        "name": "لاندور",
        "name:ar": "لاندور",
        "name:fr": "L'ANDORRE",
        "public_transport": "stop_position"
      },
      "geometry": {
        "type": "Point",
        "coordinates": [
          10.2149453,
          36.6377377
        ]
      },
      "id": "node/10295304958"
    },
    {
      "type": "Feature",
      "properties": {
        "@id": "node/10295305077",
        "bus": "yes",
        "highway": "bus_stop",
        "name": "خليدية",
        "name:ar": "خليدية",
        "name:fr": "KHLÉDIA",
        "public_transport": "stop_position"
      },
      "geometry": {
        "type": "Point",
        "coordinates": [
          10.1921635,
          36.6438647
        ]
      },
      "id": "node/10295305077"
    },
    {
      "type": "Feature",
      "properties": {
        "@id": "node/10295305078",
        "bus": "yes",
        "highway": "bus_stop",
        "name": "محطة قطار الخليدية",
        "name:ar": "محطة قطار الخليدية",
        "name:fr": "KHLÉDIA GARE",
        "public_transport": "stop_position"
      },
      "geometry": {
        "type": "Point",
        "coordinates": [
          10.1947758,
          36.6459839
        ]
      },
      "id": "node/10295305078"
    },
    {
      "type": "Feature",
      "properties": {
        "@id": "node/10295304987",
        "bus": "yes",
        "highway": "bus_stop",
        "name": "بئر الجديد 2",
        "name:ar": "بئر الجديد 2",
        "name:fr": "Bir JEDID 2",
        "public_transport": "stop_position"
      },
      "geometry": {
        "type": "Point",
        "coordinates": [
          10.2033908,
          36.6384115
        ]
      },
      "id": "node/10295304987"
    },
    {
      "type": "Feature",
      "properties": {
        "@id": "node/10295304989",
        "bus": "yes",
        "highway": "bus_stop",
        "name": "بئر الجديد 1",
        "name:ar": "بئر الجديد 1",
        "name:fr": "Bir JEDDID 1",
        "public_transport": "stop_position"
      },
      "geometry": {
        "type": "Point",
        "coordinates": [
          10.201358,
          36.6383351
        ]
      },
      "id": "node/10295304989"
    },
    {
      "type": "Feature",
      "properties": {
        "@id": "node/10295304956",
        "bus": "yes",
        "highway": "bus_stop",
        "name": "مدرسة بئر الجديد",
        "name:ar": "مدرسة بئر الجديد",
        "name:fr": "EP Bir JEDID",
        "public_transport": "stop_position"
      },
      "geometry": {
        "type": "Point",
        "coordinates": [
          10.2095594,
          36.6408369
        ]
      },
      "id": "node/10295304956"
    },
    {
      "type": "Feature",
      "properties": {
        "@id": "node/10295304954",
        "bus": "yes",
        "highway": "bus_stop",
        "name": "معهد الخليدية",
        "name:ar": "معهد الخليدية",
        "name:fr": "LYCÉE KHLEDIA",
        "public_transport": "stop_position"
      },
      "geometry": {
        "type": "Point",
        "coordinates": [
          10.2013309,
          36.6471922
        ]
      },
      "id": "node/10295304954"
    },
    {
      "type": "Feature",
      "properties": {
        "@id": "node/10295304955",
        "bus": "yes",
        "highway": "bus_stop",
        "name": "حي قويدر",
        "name:ar": "حي قويدر",
        "name:fr": "CITÉ GOUIDER",
        "public_transport": "stop_position"
      },
      "geometry": {
        "type": "Point",
        "coordinates": [
          10.2035088,
          36.6446872
        ]
      },
      "id": "node/10295304955"
    },
    {
      "type": "Feature",
      "properties": {
        "@id": "node/10295305079",
        "bus": "yes",
        "highway": "bus_stop",
        "name": "حي بريك",
        "name:ar": "حي بريك",
        "name:fr": "CITÉ BRAIEK",
        "public_transport": "stop_position"
      },
      "geometry": {
        "type": "Point",
        "coordinates": [
          10.1983375,
          36.6483973
        ]
      },
      "id": "node/10295305079"
    },
    {
      "type": "Feature",
      "properties": {
        "@id": "node/10295304957",
        "bus": "yes",
        "highway": "bus_stop",
        "name": "2 شارع بيرم التونسي",
        "name:ar": "2 شارع بيرم التونسي",
        "name:fr": "Avenue BAYREM ETTOUNSI 2",
        "public_transport": "stop_position"
      },
      "geometry": {
        "type": "Point",
        "coordinates": [
          10.2127566,
          36.638788
        ]
      },
      "id": "node/10295304957"
    },
    {
      "type": "Feature",
      "properties": {
        "@id": "node/10295304959",
        "bus": "yes",
        "highway": "bus_stop",
        "name": "نتاشا",
        "name:ar": "نتاشا",
        "name:fr": "NATACHA",
        "public_transport": "stop_position"
      },
      "geometry": {
        "type": "Point",
        "coordinates": [
          10.2208952,
          36.6385762
        ]
      },
      "id": "node/10295304959"
    },
    {
      "type": "Feature",
      "properties": {
        "@id": "node/10295305080",
        "bus": "yes",
        "highway": "bus_stop",
        "name": "وادي مليان",
        "name:ar": "وادي مليان",
        "name:fr": "OUED MELIANE",
        "public_transport": "stop_position"
      },
      "geometry": {
        "type": "Point",
        "coordinates": [
          10.1998718,
          36.6534241
        ]
      },
      "id": "node/10295305080"
    },
    {
      "type": "Feature",
      "properties": {
        "@id": "node/10295305081",
        "bus": "yes",
        "highway": "bus_stop",
        "name": "مزرعة فينوبل",
        "name:ar": "مزرعة فينوبل",
        "name:fr": "FERME VIGNOBLE",
        "public_transport": "stop_position"
      },
      "geometry": {
        "type": "Point",
        "coordinates": [
          10.2023179,
          36.6574609
        ]
      },
      "id": "node/10295305081"
    },
    {
      "type": "Feature",
      "properties": {
        "@id": "node/10295305082",
        "bus": "yes",
        "highway": "bus_stop",
        "name": "معصرة سديرا",
        "name:ar": "معصرة سديرا",
        "name:fr": "HUILERIE SADIRA",
        "public_transport": "stop_position"
      },
      "geometry": {
        "type": "Point",
        "coordinates": [
          10.2056388,
          36.6614254
        ]
      },
      "id": "node/10295305082"
    },
    {
      "type": "Feature",
      "properties": {
        "@id": "node/10295304985",
        "bus": "yes",
        "highway": "bus_stop",
        "name": "كنجل",
        "name:ar": "كنجل",
        "name:fr": "KONGEL",
        "public_transport": "stop_position"
      },
      "geometry": {
        "type": "Point",
        "coordinates": [
          10.2283032,
          36.631877
        ]
      },
      "id": "node/10295304985"
    },
    {
      "type": "Feature",
      "properties": {
        "@id": "node/10295304960",
        "bus": "yes",
        "highway": "bus_stop",
        "name": "سونداج",
        "name:ar": "سونداج",
        "name:fr": "SONDAGE 1",
        "public_transport": "stop_position"
      },
      "geometry": {
        "type": "Point",
        "coordinates": [
          10.2301158,
          36.6396145
        ]
      },
      "id": "node/10295304960"
    },
    {
      "type": "Feature",
      "properties": {
        "@id": "node/10295304986",
        "bus": "yes",
        "highway": "bus_stop",
        "name": "حي سالم",
        "name:ar": "حي سالم",
        "name:fr": "CITÉ SALEM",
        "public_transport": "stop_position"
      },
      "geometry": {
        "type": "Point",
        "coordinates": [
          10.2299665,
          36.6384046
        ]
      },
      "id": "node/10295304986"
    },
    {
      "type": "Feature",
      "properties": {
        "@id": "node/10295304961",
        "bus": "yes",
        "highway": "bus_stop",
        "name": "قنال خط 21",
        "name:ar": "قنال خط 21",
        "name:fr": "CANAL L21",
        "public_transport": "stop_position"
      },
      "geometry": {
        "type": "Point",
        "coordinates": [
          10.236639,
          36.6400277
        ]
      },
      "id": "node/10295304961"
    },
    {
      "type": "Feature",
      "properties": {
        "@id": "node/10295304962",
        "bus": "yes",
        "highway": "bus_stop",
        "name": "حي البرط",
        "name:ar": "حي البرط",
        "name:fr": "CITÉ LA BORTE",
        "public_transport": "stop_position"
      },
      "geometry": {
        "type": "Point",
        "coordinates": [
          10.240695,
          36.6435681
        ]
      },
      "id": "node/10295304962"
    },
    {
      "type": "Feature",
      "properties": {
        "@id": "node/10295304963",
        "bus": "yes",
        "highway": "bus_stop",
        "name": "ديوان الكروم",
        "name:ar": "ديوان الكروم",
        "name:fr": "OFFICE de la VIGNE",
        "public_transport": "stop_position"
      },
      "geometry": {
        "type": "Point",
        "coordinates": [
          10.2452121,
          36.6463799
        ]
      },
      "id": "node/10295304963"
    },
    {
      "type": "Feature",
      "properties": {
        "@id": "node/10295304964",
        "bus": "yes",
        "highway": "bus_stop",
        "name": "المحول الكهربائي أوزرة",
        "name:ar": "المحول الكهربائي أوزرة",
        "name:fr": "TRANSFORMATEUR OUZRA",
        "public_transport": "stop_position"
      },
      "geometry": {
        "type": "Point",
        "coordinates": [
          10.2475824,
          36.6483089
        ]
      },
      "id": "node/10295304964"
    },
    {
      "type": "Feature",
      "properties": {
        "@id": "node/10295304965",
        "bus": "yes",
        "highway": "bus_stop",
        "name": "أوزرة",
        "name:ar": "أوزرة",
        "name:fr": "OUZRA (SECTION)",
        "public_transport": "stop_position"
      },
      "geometry": {
        "type": "Point",
        "coordinates": [
          10.2446003,
          36.6553521
        ]
      },
      "id": "node/10295304965"
    },
    {
      "type": "Feature",
      "properties": {
        "@id": "node/10295304966",
        "bus": "yes",
        "highway": "bus_stop",
        "name": "بن يوسف",
        "name:ar": "بن يوسف",
        "name:fr": "BEN YOUSEF",
        "public_transport": "stop_position"
      },
      "geometry": {
        "type": "Point",
        "coordinates": [
          10.2503709,
          36.6584954
        ]
      },
      "id": "node/10295304966"
    },
    {
      "type": "Feature",
      "properties": {
        "@id": "node/10295305464",
        "bus": "yes",
        "highway": "bus_stop",
        "name": "جامع الرحمة",
        "name:ar": "جامع الرحمة",
        "name:fr": "MOSQUÉE RAHMA",
        "public_transport": "stop_position"
      },
      "geometry": {
        "type": "Point",
        "coordinates": [
          10.1954832,
          36.6898394
        ]
      },
      "id": "node/10295305464"
    },
    {
      "type": "Feature",
      "properties": {
        "@id": "node/10295305083",
        "bus": "yes",
        "highway": "bus_stop",
        "name": "مقهي الرباعي",
        "name:ar": "مقهي الرباعي",
        "name:fr": "CAFÉ REBAI",
        "public_transport": "stop_position"
      },
      "geometry": {
        "type": "Point",
        "coordinates": [
          10.2147155,
          36.67245
        ]
      },
      "id": "node/10295305083"
    },
    {
      "type": "Feature",
      "properties": {
        "@id": "node/10295305084",
        "bus": "yes",
        "highway": "bus_stop",
        "name": "النسيج",
        "name:ar": "النسيج",
        "name:fr": "TEXTILE",
        "public_transport": "stop_position"
      },
      "geometry": {
        "type": "Point",
        "coordinates": [
          10.2167379,
          36.6758016
        ]
      },
      "id": "node/10295305084"
    },
    {
      "type": "Feature",
      "properties": {
        "@id": "node/10295304412",
        "bus": "yes",
        "highway": "bus_stop",
        "name": "دوار الحوش",
        "name:ar": "دوار الحوش",
        "name:fr": "DOUAR HOUCH",
        "public_transport": "stop_position"
      },
      "geometry": {
        "type": "Point",
        "coordinates": [
          10.2192827,
          36.6801722
        ]
      },
      "id": "node/10295304412"
    },
    {
      "type": "Feature",
      "properties": {
        "@id": "node/10295305461",
        "bus": "yes",
        "highway": "bus_stop",
        "name": "دوار الحوش خط 24 د",
        "name:ar": "دوار الحوش خط 24 د",
        "name:fr": "DOUAR HOUCH L(24D)",
        "public_transport": "stop_position"
      },
      "geometry": {
        "type": "Point",
        "coordinates": [
          10.218379,
          36.6803087
        ]
      },
      "id": "node/10295305461"
    },
    {
      "type": "Feature",
      "properties": {
        "@id": "node/10295305085",
        "bus": "yes",
        "highway": "bus_stop",
        "name": "حي بونوارة",
        "name:ar": "حي بونوارة",
        "name:fr": "CITÉ BOUNAWARA",
        "public_transport": "stop_position"
      },
      "geometry": {
        "type": "Point",
        "coordinates": [
          10.2217067,
          36.6842934
        ]
      },
      "id": "node/10295305085"
    },
    {
      "type": "Feature",
      "properties": {
        "@id": "node/10295305366",
        "bus": "yes",
        "highway": "bus_stop",
        "name": "حي الوفاق",
        "name:ar": "حي الوفاق",
        "name:fr": "CITE OUIFAK",
        "public_transport": "stop_position"
      },
      "geometry": {
        "type": "Point",
        "coordinates": [
          10.1723517,
          36.7024691
        ]
      },
      "id": "node/10295305366"
    },
    {
      "type": "Feature",
      "properties": {
        "@id": "node/10295305506",
        "bus": "yes",
        "highway": "bus_stop",
        "name": "حي الوفاق (ج ن)",
        "name:ar": "حي الوفاق (ج ن)",
        "name:fr": "CITÉ EL OUIFAK (GN)",
        "public_transport": "stop_position"
      },
      "geometry": {
        "type": "Point",
        "coordinates": [
          10.1721377,
          36.7026939
        ]
      },
      "id": "node/10295305506"
    },
    {
      "type": "Feature",
      "properties": {
        "@id": "node/10779596865",
        "public_transport": "station"
      },
      "geometry": {
        "type": "Point",
        "coordinates": [
          10.1856196,
          36.6929703
        ]
      },
      "id": "node/10779596865"
    },
    {
      "type": "Feature",
      "properties": {
        "@id": "node/10295305465",
        "bus": "yes",
        "highway": "bus_stop",
        "name": "معمل الطوب",
        "name:ar": "معمل الطوب",
        "name:fr": "BRIQUETERIE TUNISIENNE",
        "public_transport": "stop_position"
      },
      "geometry": {
        "type": "Point",
        "coordinates": [
          10.1909127,
          36.6909407
        ]
      },
      "id": "node/10295305465"
    },
    {
      "type": "Feature",
      "properties": {
        "@id": "node/10295305362",
        "bus": "yes",
        "highway": "bus_stop",
        "name": "المسلخ البلدي (إياب)",
        "name:ar": "المسلخ البلدي (اياب)",
        "name:fr": "ABATOIR (Retour)",
        "public_transport": "stop_position"
      },
      "geometry": {
        "type": "Point",
        "coordinates": [
          10.1719234,
          36.7085057
        ]
      },
      "id": "node/10295305362"
    },
    {
      "type": "Feature",
      "properties": {
        "@id": "node/10295305363",
        "bus": "yes",
        "highway": "bus_stop",
        "name": "المسلخ البلدي (ذهاب)",
        "name:ar": "المسلخ البلدي (ذهاب)",
        "name:fr": "ABATOIR (Aller)",
        "public_transport": "stop_position"
      },
      "geometry": {
        "type": "Point",
        "coordinates": [
          10.1720519,
          36.7085693
        ]
      },
      "id": "node/10295305363"
    },
    {
      "type": "Feature",
      "properties": {
        "@id": "node/10295305364",
        "bus": "yes",
        "highway": "bus_stop",
        "name": "قارتكس (إياب)",
        "name:ar": "قارتكس (إياب)",
        "name:fr": "GARTEX (Retour)",
        "public_transport": "stop_position"
      },
      "geometry": {
        "type": "Point",
        "coordinates": [
          10.1743052,
          36.706493
        ]
      },
      "id": "node/10295305364"
    },
    {
      "type": "Feature",
      "properties": {
        "@id": "node/10295305365",
        "bus": "yes",
        "highway": "bus_stop",
        "name": "قارتكس (ذهاب)",
        "name:ar": "قارتكس (ذهاب)",
        "name:fr": "GARTEX (Aller)",
        "public_transport": "stop_position"
      },
      "geometry": {
        "type": "Point",
        "coordinates": [
          10.1743264,
          36.7066598
        ]
      },
      "id": "node/10295305365"
    },
    {
      "type": "Feature",
      "properties": {
        "@id": "node/10295305507",
        "bus": "yes",
        "highway": "bus_stop",
        "name": "المغيرة",
        "name:ar": "المغيرة",
        "name:fr": "MGHIRA",
        "public_transport": "stop_position"
      },
      "geometry": {
        "type": "Point",
        "coordinates": [
          10.1748521,
          36.70647
        ]
      },
      "id": "node/10295305507"
    },
    {
      "type": "Feature",
      "properties": {
        "@id": "node/10295305030",
        "bus": "yes",
        "highway": "bus_stop",
        "name": "بروماد تاك",
        "name:ar": "بروماد تاك",
        "name:fr": "PROMED TECH",
        "public_transport": "stop_position"
      },
      "geometry": {
        "type": "Point",
        "coordinates": [
          10.1716442,
          36.7159482
        ]
      },
      "id": "node/10295305030"
    },
    {
      "type": "Feature",
      "properties": {
        "@id": "node/10295305017",
        "bus": "yes",
        "highway": "bus_stop",
        "name": "بنك الأمان",
        "name:ar": "بنك الأمان",
        "name:fr": "AMEN BANK",
        "public_transport": "stop_position"
      },
      "geometry": {
        "type": "Point",
        "coordinates": [
          10.1822336,
          36.7152601
        ]
      },
      "id": "node/10295305017"
    },
    {
      "type": "Feature",
      "properties": {
        "@id": "node/10295305023",
        "bus": "yes",
        "highway": "bus_stop",
        "name": "البنك التونسي الكويتي",
        "name:ar": "البنك التونسي الكويتي",
        "name:fr": "BTK",
        "public_transport": "stop_position"
      },
      "geometry": {
        "type": "Point",
        "coordinates": [
          10.1812844,
          36.716223
        ]
      },
      "id": "node/10295305023"
    },
    {
      "type": "Feature",
      "properties": {
        "@id": "node/10295305508",
        "bus": "yes",
        "highway": "bus_stop",
        "name": "حي الهضاب",
        "name:ar": "حي الهضاب",
        "name:fr": "CITÉ EL HIDHAB",
        "public_transport": "stop_position"
      },
      "geometry": {
        "type": "Point",
        "coordinates": [
          10.1780156,
          36.7101875
        ]
      },
      "id": "node/10295305508"
    },
    {
      "type": "Feature",
      "properties": {
        "@id": "node/11143567143",
        "amenity": "bus_station",
        "bus": "yes",
        "name": "hattab radiateur",
        "public_transport": "station"
      },
      "geometry": {
        "type": "Point",
        "coordinates": [
          10.1837204,
          36.7161529
        ]
      },
      "id": "node/11143567143"
    },
    {
      "type": "Feature",
      "properties": {
        "@id": "node/10295305463",
        "bus": "yes",
        "highway": "bus_stop",
        "name": "دربيقوم",
        "name:ar": "دربيقوم",
        "name:fr": "DERBIGUM",
        "public_transport": "stop_position"
      },
      "geometry": {
        "type": "Point",
        "coordinates": [
          10.2003709,
          36.692084
        ]
      },
      "id": "node/10295305463"
    },
    {
      "type": "Feature",
      "properties": {
        "@id": "node/10295305009",
        "bus": "yes",
        "highway": "bus_stop",
        "name": "بورسلان تونس",
        "name:ar": "بورسلان تونس",
        "name:fr": "TUNISIE PORCELAINE",
        "public_transport": "stop_position"
      },
      "geometry": {
        "type": "Point",
        "coordinates": [
          10.210102,
          36.69411
        ]
      },
      "id": "node/10295305009"
    },
    {
      "type": "Feature",
      "properties": {
        "@id": "node/10295305011",
        "bus": "yes",
        "highway": "bus_stop",
        "name": "شبدة 25 أ",
        "name:ar": "شبدة 25 أ",
        "name:fr": "CHEBEDDA 25 A",
        "public_transport": "stop_position"
      },
      "geometry": {
        "type": "Point",
        "coordinates": [
          10.207629,
          36.6932454
        ]
      },
      "id": "node/10295305011"
    },
    {
      "type": "Feature",
      "properties": {
        "@id": "node/10295305462",
        "bus": "yes",
        "highway": "bus_stop",
        "name": "شبدة",
        "name:ar": "شبدة",
        "name:fr": "CHEBEDDA",
        "public_transport": "stop_position"
      },
      "geometry": {
        "type": "Point",
        "coordinates": [
          10.206726,
          36.6923642
        ]
      },
      "id": "node/10295305462"
    },
    {
      "type": "Feature",
      "properties": {
        "@id": "node/10295305005",
        "bus": "yes",
        "highway": "bus_stop",
        "name": "مركز التكوين الفلاحي نعسان",
        "name:ar": "مركز التكوين الفلاحي نعسان",
        "name:fr": "CENTRE DE FORMATION AGRICOLE NAASEN",
        "public_transport": "stop_position"
      },
      "geometry": {
        "type": "Point",
        "coordinates": [
          10.2145805,
          36.6958109
        ]
      },
      "id": "node/10295305005"
    },
    {
      "type": "Feature",
      "properties": {
        "@id": "node/10295305003",
        "bus": "yes",
        "highway": "bus_stop",
        "name": "معهد نعسان",
        "name:ar": "معهد نعسان",
        "name:fr": "LYCÉE NASSEN",
        "public_transport": "stop_position"
      },
      "geometry": {
        "type": "Point",
        "coordinates": [
          10.2221126,
          36.6993821
        ]
      },
      "id": "node/10295305003"
    },
    {
      "type": "Feature",
      "properties": {
        "@id": "node/10295305188",
        "bus": "yes",
        "highway": "bus_stop",
        "name": "شارع البرهان",
        "name:ar": "شارع البرهان",
        "name:fr": "Avenue EL BORHENE",
        "public_transport": "stop_position"
      },
      "geometry": {
        "type": "Point",
        "coordinates": [
          10.2003541,
          36.7096072
        ]
      },
      "id": "node/10295305188"
    },
    {
      "type": "Feature",
      "properties": {
        "@id": "node/10295305190",
        "bus": "yes",
        "highway": "bus_stop",
        "name": "حي الوكالة العقارية للسكنى",
        "name:ar": "حي الوكالة العقارية للسكنى",
        "name:fr": "CITÉ AFH",
        "public_transport": "stop_position"
      },
      "geometry": {
        "type": "Point",
        "coordinates": [
          10.2040238,
          36.7086031
        ]
      },
      "id": "node/10295305190"
    },
    {
      "type": "Feature",
      "properties": {
        "@id": "node/10295305187",
        "bus": "yes",
        "highway": "bus_stop",
        "name": "مروج 5",
        "name:ar": "مروج 5",
        "name:fr": "MOUROUJ 5",
        "public_transport": "stop_position"
      },
      "geometry": {
        "type": "Point",
        "coordinates": [
          10.2012553,
          36.7101921
        ]
      },
      "id": "node/10295305187"
    },
    {
      "type": "Feature",
      "properties": {
        "@id": "node/10295305192",
        "bus": "yes",
        "highway": "bus_stop",
        "name": "رياض اطفال المروج 5",
        "name:ar": "رياض اطفال المروج 5",
        "name:fr": "JARDIN D'ENFANTS MOUROUJ 5",
        "public_transport": "stop_position"
      },
      "geometry": {
        "type": "Point",
        "coordinates": [
          10.206212,
          36.7105017
        ]
      },
      "id": "node/10295305192"
    },
    {
      "type": "Feature",
      "properties": {
        "@id": "node/10295305193",
        "bus": "yes",
        "highway": "bus_stop",
        "name": "حي الفوز",
        "name:ar": "حي الفوز",
        "name:fr": "CITÉ EL FAOUZ",
        "public_transport": "stop_position"
      },
      "geometry": {
        "type": "Point",
        "coordinates": [
          10.2088199,
          36.7160786
        ]
      },
      "id": "node/10295305193"
    },
    {
      "type": "Feature",
      "properties": {
        "@id": "node/10295304280",
        "bus": "yes",
        "highway": "bus_stop",
        "name": "معهد المروج 6",
        "name:ar": "معهد المروج 6",
        "name:fr": "LYCÉE MOUROUJ 6",
        "public_transport": "stop_position"
      },
      "geometry": {
        "type": "Point",
        "coordinates": [
          10.2215097,
          36.7087538
        ]
      },
      "id": "node/10295304280"
    },
    {
      "type": "Feature",
      "properties": {
        "@id": "node/10295304281",
        "bus": "yes",
        "highway": "bus_stop",
        "name": "شركة الكهرباء والغاز المروج 4",
        "name:ar": "شركة الكهرباء والغاز المروج 4",
        "name:fr": "STEG MOUROUJ4",
        "public_transport": "stop_position"
      },
      "geometry": {
        "type": "Point",
        "coordinates": [
          10.2202652,
          36.7118415
        ]
      },
      "id": "node/10295304281"
    },
    {
      "type": "Feature",
      "properties": {
        "@id": "node/10295304967",
        "bus": "yes",
        "highway": "bus_stop",
        "name": "جامع العايب",
        "name:ar": "جامع العايب",
        "name:fr": "MOSQUÉE EL AYEB",
        "public_transport": "stop_position"
      },
      "geometry": {
        "type": "Point",
        "coordinates": [
          10.2593634,
          36.6644634
        ]
      },
      "id": "node/10295304967"
    },
    {
      "type": "Feature",
      "properties": {
        "@id": "node/10295304968",
        "bus": "yes",
        "highway": "bus_stop",
        "name": "التعاونية",
        "name:ar": "التعاونية",
        "name:fr": "LA COOPÉRATIVE",
        "public_transport": "stop_position"
      },
      "geometry": {
        "type": "Point",
        "coordinates": [
          10.2652964,
          36.6681467
        ]
      },
      "id": "node/10295304968"
    },
    {
      "type": "Feature",
      "properties": {
        "@id": "node/10295304969",
        "bus": "yes",
        "highway": "bus_stop",
        "name": "سيدي سعد",
        "name:ar": "سيدي سعد",
        "name:fr": "SIDI SAAD",
        "public_transport": "stop_position"
      },
      "geometry": {
        "type": "Point",
        "coordinates": [
          10.2685251,
          36.6703764
        ]
      },
      "id": "node/10295304969"
    },
    {
      "type": "Feature",
      "properties": {
        "@id": "node/10295305086",
        "bus": "yes",
        "highway": "bus_stop",
        "name": "مزرعة عمر الطويل",
        "name:ar": "مزرعة عمر الطويل",
        "name:fr": "FERME AMOR TOUIL",
        "public_transport": "stop_position"
      },
      "geometry": {
        "type": "Point",
        "coordinates": [
          10.2253083,
          36.6907124
        ]
      },
      "id": "node/10295305086"
    },
    {
      "type": "Feature",
      "properties": {
        "@id": "node/10295305087",
        "bus": "yes",
        "highway": "bus_stop",
        "name": "حي مكي",
        "name:ar": "حي مكي",
        "name:fr": "CITÉ MEKKI",
        "public_transport": "stop_position"
      },
      "geometry": {
        "type": "Point",
        "coordinates": [
          10.2283679,
          36.6956418
        ]
      },
      "id": "node/10295305087"
    },
    {
      "type": "Feature",
      "properties": {
        "@id": "node/8231384504",
        "name": "محطة نعسان",
        "name:fr": "Nassen",
        "public_transport": "station",
        "railway": "station",
        "stop_id": "90",
        "train": "yes"
      },
      "geometry": {
        "type": "Point",
        "coordinates": [
          10.2326979,
          36.7031003
        ]
      },
      "id": "node/8231384504"
    },
    {
      "type": "Feature",
      "properties": {
        "@id": "node/10295305088",
        "bus": "yes",
        "highway": "bus_stop",
        "name": "نعسان 2",
        "name:ar": "نعسان 2",
        "name:fr": "NAASSEN 2",
        "public_transport": "stop_position"
      },
      "geometry": {
        "type": "Point",
        "coordinates": [
          10.2319809,
          36.7016268
        ]
      },
      "id": "node/10295305088"
    },
    {
      "type": "Feature",
      "properties": {
        "@id": "node/10295305089",
        "bus": "yes",
        "highway": "bus_stop",
        "name": "نعسان 1",
        "name:ar": "نعسان 1",
        "name:fr": "NAASSEN 1",
        "public_transport": "stop_position"
      },
      "geometry": {
        "type": "Point",
        "coordinates": [
          10.2328624,
          36.7031045
        ]
      },
      "id": "node/10295305089"
    },
    {
      "type": "Feature",
      "properties": {
        "@id": "node/10295305090",
        "bus": "yes",
        "highway": "bus_stop",
        "name": "حي بالليل",
        "name:ar": "حي بالليل",
        "name:fr": "CITÉ BELILE",
        "public_transport": "stop_position"
      },
      "geometry": {
        "type": "Point",
        "coordinates": [
          10.2275624,
          36.7096932
        ]
      },
      "id": "node/10295305090"
    },
    {
      "type": "Feature",
      "properties": {
        "@id": "node/10295305001",
        "bus": "yes",
        "highway": "bus_stop",
        "name": "مكتب بريد نعسان",
        "name:ar": "مكتب بريد نعسان",
        "name:fr": "PTT NAASSEN",
        "public_transport": "stop_position"
      },
      "geometry": {
        "type": "Point",
        "coordinates": [
          10.2321336,
          36.7040799
        ]
      },
      "id": "node/10295305001"
    },
    {
      "type": "Feature",
      "properties": {
        "@id": "node/10295305092",
        "bus": "yes",
        "highway": "bus_stop",
        "name": "شركة الكهرباء والغاز نعسان",
        "name:ar": "شركة الكهرباء والغاز نعسان",
        "name:fr": "STEG NASSEN",
        "public_transport": "stop_position"
      },
      "geometry": {
        "type": "Point",
        "coordinates": [
          10.2242881,
          36.7154051
        ]
      },
      "id": "node/10295305092"
    },
    {
      "type": "Feature",
      "properties": {
        "@id": "node/10295304999",
        "bus": "yes",
        "highway": "bus_stop",
        "name": "نعسان 1 خط 85 قسم",
        "name:ar": "نعسان 1 خط 85 قسم",
        "name:fr": "NASSEN 1 L 85-SECTION",
        "public_transport": "stop_position"
      },
      "geometry": {
        "type": "Point",
        "coordinates": [
          10.2410812,
          36.7091708
        ]
      },
      "id": "node/10295304999"
    },
    {
      "type": "Feature",
      "properties": {
        "@id": "node/10295305115",
        "bus": "yes",
        "highway": "bus_stop",
        "name": "الزاوية مرناق",
        "name:ar": "الزاوية مرناق",
        "name:fr": "EZZAOUIA MORNAG",
        "public_transport": "stop_position"
      },
      "geometry": {
        "type": "Point",
        "coordinates": [
          10.2749578,
          36.6990865
        ]
      },
      "id": "node/10295305115"
    },
    {
      "type": "Feature",
      "properties": {
        "@id": "node/10295305116",
        "bus": "yes",
        "highway": "bus_stop",
        "name": "مجزرة الزاوية",
        "name:ar": "مجزرة الزاوية",
        "name:fr": "BOUCHERIE EZZAOUIA",
        "public_transport": "stop_position"
      },
      "geometry": {
        "type": "Point",
        "coordinates": [
          10.2730731,
          36.701586
        ]
      },
      "id": "node/10295305116"
    },
    {
      "type": "Feature",
      "properties": {
        "@id": "node/10295305117",
        "bus": "yes",
        "highway": "bus_stop",
        "name": "الدزيري",
        "name:ar": "الدزيري",
        "name:fr": "DZIRI",
        "public_transport": "stop_position"
      },
      "geometry": {
        "type": "Point",
        "coordinates": [
          10.269319,
          36.7065796
        ]
      },
      "id": "node/10295305117"
    },
    {
      "type": "Feature",
      "properties": {
        "@id": "node/10295305103",
        "bus": "yes",
        "highway": "bus_stop",
        "name": "بوجردقة (إياب) 75 /26",
        "name:ar": "بوجردقة (إياب) 75 /26",
        "name:fr": "BOUJERDGA (Retour) 26. 75",
        "public_transport": "stop_position"
      },
      "geometry": {
        "type": "Point",
        "coordinates": [
          10.2639658,
          36.7153978
        ]
      },
      "id": "node/10295305103"
    },
    {
      "type": "Feature",
      "properties": {
        "@id": "node/10295305118",
        "bus": "yes",
        "highway": "bus_stop",
        "name": "تواتي",
        "name:ar": "تواتي",
        "name:fr": "TOUATI",
        "public_transport": "stop_position"
      },
      "geometry": {
        "type": "Point",
        "coordinates": [
          10.2651777,
          36.7132023
        ]
      },
      "id": "node/10295305118"
    },
    {
      "type": "Feature",
      "properties": {
        "@id": "node/10295305119",
        "bus": "yes",
        "highway": "bus_stop",
        "name": "بوجردقة 75 26 37",
        "name:ar": "بوجردقة 75 26 37",
        "name:fr": "BOUJERDGA 75 26A 37",
        "public_transport": "stop_position"
      },
      "geometry": {
        "type": "Point",
        "coordinates": [
          10.2646742,
          36.7148915
        ]
      },
      "id": "node/10295305119"
    },
    {
      "type": "Feature",
      "properties": {
        "@id": "node/10295305120",
        "bus": "yes",
        "highway": "bus_stop",
        "name": "بوجردقة",
        "name:ar": "بوجردقة",
        "name:fr": "BOUJERDGA",
        "public_transport": "stop_position"
      },
      "geometry": {
        "type": "Point",
        "coordinates": [
          10.2643306,
          36.7144861
        ]
      },
      "id": "node/10295305120"
    },
    {
      "type": "Feature",
      "properties": {
        "@id": "node/10295305121",
        "bus": "yes",
        "highway": "bus_stop",
        "name": "جسر الطريق السيارة رقم 1",
        "name:ar": "جسر الطريق السيارة رقم 1",
        "name:fr": "PONT AUTOROUTE SUD",
        "public_transport": "stop_position"
      },
      "geometry": {
        "type": "Point",
        "coordinates": [
          10.2750594,
          36.7160428
        ]
      },
      "id": "node/10295305121"
    },
    {
      "type": "Feature",
      "properties": {
        "@id": "node/10295304936",
        "bus": "yes",
        "highway": "bus_stop",
        "name": "عين شرشارة",
        "name:ar": "عين شرشارة",
        "name:fr": "AIN CHARCHARA",
        "public_transport": "stop_position"
      },
      "geometry": {
        "type": "Point",
        "coordinates": [
          10.3031568,
          36.6094212
        ]
      },
      "id": "node/10295304936"
    },
    {
      "type": "Feature",
      "properties": {
        "@id": "node/10295304939",
        "bus": "yes",
        "highway": "bus_stop",
        "name": "جبل الرصاص",
        "name:ar": "جبل الرصاص",
        "name:fr": "JEBEL RASSAS",
        "public_transport": "stop_position"
      },
      "geometry": {
        "type": "Point",
        "coordinates": [
          10.3199545,
          36.6092441
        ]
      },
      "id": "node/10295304939"
    },
    {
      "type": "Feature",
      "properties": {
        "@id": "node/10295304938",
        "bus": "yes",
        "highway": "bus_stop",
        "name": "الرياحي",
        "name:ar": "الرياحي",
        "name:fr": "ERRIAHI",
        "public_transport": "stop_position"
      },
      "geometry": {
        "type": "Point",
        "coordinates": [
          10.3022351,
          36.6275783
        ]
      },
      "id": "node/10295304938"
    },
    {
      "type": "Feature",
      "properties": {
        "@id": "node/10295304937",
        "bus": "yes",
        "highway": "bus_stop",
        "name": "مطحنة",
        "name:ar": "مطحنة",
        "name:fr": "MINOTERIE",
        "public_transport": "stop_position"
      },
      "geometry": {
        "type": "Point",
        "coordinates": [
          10.3037985,
          36.6186783
        ]
      },
      "id": "node/10295304937"
    },
    {
      "type": "Feature",
      "properties": {
        "@id": "node/10295304942",
        "bus": "yes",
        "highway": "bus_stop",
        "name": "نويجي",
        "name:ar": "نويجي",
        "name:fr": "NUIJI",
        "public_transport": "stop_position"
      },
      "geometry": {
        "type": "Point",
        "coordinates": [
          10.3032865,
          36.631935
        ]
      },
      "id": "node/10295304942"
    },
    {
      "type": "Feature",
      "properties": {
        "@id": "node/10295304943",
        "bus": "yes",
        "highway": "bus_stop",
        "name": "مفترق احمد زايد خط 21 أ",
        "name:ar": "مفترق احمد زايد خط 21 أ",
        "name:fr": "Croisement AHMED ZAIED L21A",
        "public_transport": "stop_position"
      },
      "geometry": {
        "type": "Point",
        "coordinates": [
          10.3026213,
          36.6373944
        ]
      },
      "id": "node/10295304943"
    },
    {
      "type": "Feature",
      "properties": {
        "@id": "node/10295304889",
        "bus": "yes",
        "highway": "bus_stop",
        "name": "علاقا 2",
        "name:ar": "علاقا 2",
        "name:fr": "ALLALGA 2",
        "public_transport": "stop_position"
      },
      "geometry": {
        "type": "Point",
        "coordinates": [
          10.3000464,
          36.6506158
        ]
      },
      "id": "node/10295304889"
    },
    {
      "type": "Feature",
      "properties": {
        "@id": "node/10295304890",
        "bus": "yes",
        "highway": "bus_stop",
        "name": "علاقا 1",
        "name:ar": "علاقا 1",
        "name:fr": "ALLALGA 1",
        "public_transport": "stop_position"
      },
      "geometry": {
        "type": "Point",
        "coordinates": [
          10.2955403,
          36.6575533
        ]
      },
      "id": "node/10295304890"
    },
    {
      "type": "Feature",
      "properties": {
        "@id": "node/10295304891",
        "bus": "yes",
        "highway": "bus_stop",
        "name": "القنال",
        "name:ar": "القنال",
        "name:fr": "CANAL L(21B)",
        "public_transport": "stop_position"
      },
      "geometry": {
        "type": "Point",
        "coordinates": [
          10.2929439,
          36.6622697
        ]
      },
      "id": "node/10295304891"
    },
    {
      "type": "Feature",
      "properties": {
        "@id": "node/10295304888",
        "bus": "yes",
        "highway": "bus_stop",
        "name": "مفترق احمد زايد",
        "name:ar": "مفترق احمد زايد",
        "name:fr": "Croisement AHMED ZAIED",
        "public_transport": "stop_position"
      },
      "geometry": {
        "type": "Point",
        "coordinates": [
          10.3026418,
          36.6422441
        ]
      },
      "id": "node/10295304888"
    },
    {
      "type": "Feature",
      "properties": {
        "@id": "node/10295304944",
        "bus": "yes",
        "highway": "bus_stop",
        "name": "المحطة القديمة أحمد زايد",
        "name:ar": "المحطة القديمة أحمد زايد",
        "name:fr": "ANCIENNE GARE AHMED ZAIED",
        "public_transport": "stop_position"
      },
      "geometry": {
        "type": "Point",
        "coordinates": [
          10.3034188,
          36.6404363
        ]
      },
      "id": "node/10295304944"
    },
    {
      "type": "Feature",
      "properties": {
        "@id": "node/10295304945",
        "bus": "yes",
        "highway": "bus_stop",
        "name": "الحوامد 2",
        "name:ar": "الحوامد 2",
        "name:fr": "EL HOUEMED 2",
        "public_transport": "stop_position"
      },
      "geometry": {
        "type": "Point",
        "coordinates": [
          10.3071387,
          36.6443945
        ]
      },
      "id": "node/10295304945"
    },
    {
      "type": "Feature",
      "properties": {
        "@id": "node/10295304946",
        "bus": "yes",
        "highway": "bus_stop",
        "name": "الحوامد 1",
        "name:ar": "الحوامد 1",
        "name:fr": "EL HOUEMED 1",
        "public_transport": "stop_position"
      },
      "geometry": {
        "type": "Point",
        "coordinates": [
          10.3127072,
          36.6500726
        ]
      },
      "id": "node/10295304946"
    },
    {
      "type": "Feature",
      "properties": {
        "@id": "node/10295304947",
        "bus": "yes",
        "highway": "bus_stop",
        "name": "ملاح",
        "name:ar": "ملاح",
        "name:fr": "MAALLAH",
        "public_transport": "stop_position"
      },
      "geometry": {
        "type": "Point",
        "coordinates": [
          10.3175885,
          36.6551886
        ]
      },
      "id": "node/10295304947"
    },
    {
      "type": "Feature",
      "properties": {
        "@id": "node/10295304948",
        "bus": "yes",
        "highway": "bus_stop",
        "name": "الرسالة",
        "name:ar": "الرسالة",
        "name:fr": "ERRISSALA",
        "public_transport": "stop_position"
      },
      "geometry": {
        "type": "Point",
        "coordinates": [
          10.3221049,
          36.6623213
        ]
      },
      "id": "node/10295304948"
    },
    {
      "type": "Feature",
      "properties": {
        "@id": "node/10295304897",
        "bus": "yes",
        "highway": "bus_stop",
        "name": "مفترق السجن المدني",
        "name:ar": "مفترق السجن المدني",
        "name:fr": "Croisement PRISON CIVILE",
        "public_transport": "stop_position"
      },
      "geometry": {
        "type": "Point",
        "coordinates": [
          10.3506441,
          36.6482251
        ]
      },
      "id": "node/10295304897"
    },
    {
      "type": "Feature",
      "properties": {
        "@id": "node/10295304899",
        "bus": "yes",
        "highway": "bus_stop",
        "name": "السجن المدني",
        "name:ar": "السجن المدني",
        "name:fr": "PRISON CIVILE",
        "public_transport": "stop_position"
      },
      "geometry": {
        "type": "Point",
        "coordinates": [
          10.3521733,
          36.648425
        ]
      },
      "id": "node/10295304899"
    },
    {
      "type": "Feature",
      "properties": {
        "@id": "node/10295304898",
        "bus": "yes",
        "highway": "bus_stop",
        "name": "حي الوصفان",
        "name:ar": "حي الوصفان",
        "name:fr": "CITÉ OUSFANE",
        "public_transport": "stop_position"
      },
      "geometry": {
        "type": "Point",
        "coordinates": [
          10.3288641,
          36.65955
        ]
      },
      "id": "node/10295304898"
    },
    {
      "type": "Feature",
      "properties": {
        "@id": "node/10295304895",
        "bus": "yes",
        "highway": "bus_stop",
        "name": "طرهونة",
        "name:ar": "طرهونة",
        "name:fr": "TARHOUNA",
        "public_transport": "stop_position"
      },
      "geometry": {
        "type": "Point",
        "coordinates": [
          10.3603854,
          36.6453822
        ]
      },
      "id": "node/10295304895"
    },
    {
      "type": "Feature",
      "properties": {
        "@id": "node/10295304896",
        "bus": "yes",
        "highway": "bus_stop",
        "name": "دوار سالم",
        "name:ar": "دوار سالم",
        "name:fr": "DOUAR SALEM",
        "public_transport": "stop_position"
      },
      "geometry": {
        "type": "Point",
        "coordinates": [
          10.3569526,
          36.6458321
        ]
      },
      "id": "node/10295304896"
    },
    {
      "type": "Feature",
      "properties": {
        "@id": "node/10295304970",
        "bus": "yes",
        "highway": "bus_stop",
        "name": "مزرعة البحري",
        "name:ar": "مزرعة البحري",
        "name:fr": "FERME BAHRI",
        "public_transport": "stop_position"
      },
      "geometry": {
        "type": "Point",
        "coordinates": [
          10.2775588,
          36.6759181
        ]
      },
      "id": "node/10295304970"
    },
    {
      "type": "Feature",
      "properties": {
        "@id": "node/10295304892",
        "bus": "yes",
        "highway": "bus_stop",
        "name": "شركة الحلوى",
        "name:ar": "شركة الحلوى",
        "name:fr": "STÉ CONFECTION",
        "public_transport": "stop_position"
      },
      "geometry": {
        "type": "Point",
        "coordinates": [
          10.2910342,
          36.6692061
        ]
      },
      "id": "node/10295304892"
    },
    {
      "type": "Feature",
      "properties": {
        "@id": "node/10295304893",
        "bus": "yes",
        "highway": "bus_stop",
        "name": "حي مزيان",
        "name:ar": "حي مزيان",
        "name:fr": "CITÉ MEZIANE",
        "public_transport": "stop_position"
      },
      "geometry": {
        "type": "Point",
        "coordinates": [
          10.2896614,
          36.674449
        ]
      },
      "id": "node/10295304893"
    },
    {
      "type": "Feature",
      "properties": {
        "@id": "node/10295304951",
        "bus": "yes",
        "highway": "bus_stop",
        "name": "حي عبعب",
        "name:ar": "حي عبعب",
        "name:fr": "CITÉ ABAAB",
        "public_transport": "stop_position"
      },
      "geometry": {
        "type": "Point",
        "coordinates": [
          10.2977298,
          36.6755629
        ]
      },
      "id": "node/10295304951"
    },
    {
      "type": "Feature",
      "properties": {
        "@id": "node/10295304410",
        "bus": "yes",
        "highway": "bus_stop",
        "name": "مقهي رويال مرناق",
        "name:ar": "مقهي رويال مرناق",
        "name:fr": "CAFÉ ROYAL MORNAG",
        "public_transport": "stop_position"
      },
      "geometry": {
        "type": "Point",
        "coordinates": [
          10.2886876,
          36.681158
        ]
      },
      "id": "node/10295304410"
    },
    {
      "type": "Feature",
      "properties": {
        "@id": "node/10295304411",
        "bus": "yes",
        "highway": "bus_stop",
        "name": "مركز شرطة مرناق",
        "name:ar": "مركز شرطة مرناق",
        "name:fr": "POSTE POLICE MORNAG",
        "public_transport": "stop_position"
      },
      "geometry": {
        "type": "Point",
        "coordinates": [
          10.2863701,
          36.6825257
        ]
      },
      "id": "node/10295304411"
    },
    {
      "type": "Feature",
      "properties": {
        "@id": "node/10295304894",
        "bus": "yes",
        "highway": "bus_stop",
        "name": "حي السنيت مرناق",
        "name:ar": "حي السنيت مرناق",
        "name:fr": "CITÉ SNIT MORNAG",
        "public_transport": "stop_position"
      },
      "geometry": {
        "type": "Point",
        "coordinates": [
          10.2887602,
          36.6772627
        ]
      },
      "id": "node/10295304894"
    },
    {
      "type": "Feature",
      "properties": {
        "@id": "node/10295304971",
        "bus": "yes",
        "highway": "bus_stop",
        "name": "حي السنيت خط 21",
        "name:ar": "حي السنيت خط 21",
        "name:fr": "CITÉ SNIT MORNAG L21",
        "public_transport": "stop_position"
      },
      "geometry": {
        "type": "Point",
        "coordinates": [
          10.2841888,
          36.678194
        ]
      },
      "id": "node/10295304971"
    },
    {
      "type": "Feature",
      "properties": {
        "@id": "node/10295305112",
        "bus": "yes",
        "highway": "bus_stop",
        "name": "دوكالي",
        "name:ar": "دوكالي",
        "name:fr": "DOUKALI",
        "public_transport": "stop_position"
      },
      "geometry": {
        "type": "Point",
        "coordinates": [
          10.2820604,
          36.6883422
        ]
      },
      "id": "node/10295305112"
    },
    {
      "type": "Feature",
      "properties": {
        "@id": "node/10295305111",
        "bus": "yes",
        "highway": "bus_stop",
        "name": "حي جابر",
        "name:ar": "حي جابر",
        "name:fr": "CITÉ JABER",
        "public_transport": "stop_position"
      },
      "geometry": {
        "type": "Point",
        "coordinates": [
          10.2850475,
          36.6842471
        ]
      },
      "id": "node/10295305111"
    },
    {
      "type": "Feature",
      "properties": {
        "@id": "node/10295304463",
        "bus": "yes",
        "highway": "bus_stop",
        "name": "محطة الحافلات مرناق",
        "name:ar": "محطة الحافلات مرناق",
        "name:fr": "STATION DE BUS MORNAG",
        "public_transport": "stop_position"
      },
      "geometry": {
        "type": "Point",
        "coordinates": [
          10.2893849,
          36.6799098
        ]
      },
      "id": "node/10295304463"
    },
    {
      "type": "Feature",
      "properties": {
        "@id": "node/10295304952",
        "bus": "yes",
        "highway": "bus_stop",
        "name": "معهد مرناق",
        "name:ar": "معهد مرناق",
        "name:fr": "LYCÉE MORNAG",
        "public_transport": "stop_position"
      },
      "geometry": {
        "type": "Point",
        "coordinates": [
          10.2937169,
          36.6785792
        ]
      },
      "id": "node/10295304952"
    },
    {
      "type": "Feature",
      "properties": {
        "@id": "node/10295304953",
        "bus": "yes",
        "highway": "bus_stop",
        "name": "الحرس الوطني مرناق",
        "name:ar": "الحرس الوطني مرناق",
        "name:fr": "GARDE NATIONAL MORNAG",
        "public_transport": "stop_position"
      },
      "geometry": {
        "type": "Point",
        "coordinates": [
          10.2924509,
          36.679586
        ]
      },
      "id": "node/10295304953"
    },
    {
      "type": "Feature",
      "properties": {
        "@id": "node/10295305099",
        "bus": "yes",
        "highway": "bus_stop",
        "name": "حي الشيخ (1)",
        "name:ar": "حي الشيخ (1)",
        "name:fr": "CITÉ ECHIKH 1",
        "public_transport": "stop_position"
      },
      "geometry": {
        "type": "Point",
        "coordinates": [
          10.2939851,
          36.6826835
        ]
      },
      "id": "node/10295305099"
    },
    {
      "type": "Feature",
      "properties": {
        "@id": "node/10295305098",
        "bus": "yes",
        "highway": "bus_stop",
        "name": "حي الشيخ (2)",
        "name:ar": "حي الشيخ (2)",
        "name:fr": "CITÉ ECHIKH 2",
        "public_transport": "stop_position"
      },
      "geometry": {
        "type": "Point",
        "coordinates": [
          10.2995534,
          36.6849893
        ]
      },
      "id": "node/10295305098"
    },
    {
      "type": "Feature",
      "properties": {
        "@id": "node/10295304949",
        "bus": "yes",
        "highway": "bus_stop",
        "name": "تعاونية الرسالة",
        "name:ar": "تعاونية الرسالة",
        "name:fr": "COOPÉRATIVE ERRISSALA",
        "public_transport": "stop_position"
      },
      "geometry": {
        "type": "Point",
        "coordinates": [
          10.3076754,
          36.6696527
        ]
      },
      "id": "node/10295304949"
    },
    {
      "type": "Feature",
      "properties": {
        "@id": "node/10295304950",
        "bus": "yes",
        "highway": "bus_stop",
        "name": "المدرسة الاعدادية محمود المسعدي",
        "name:ar": "المدرسة الاعدادية محمود المسعدي",
        "name:fr": "COLLÈGE MAHMOUD ELMESSAADI MORNEG",
        "public_transport": "stop_position"
      },
      "geometry": {
        "type": "Point",
        "coordinates": [
          10.3034027,
          36.6722585
        ]
      },
      "id": "node/10295304950"
    },
    {
      "type": "Feature",
      "properties": {
        "@id": "node/10295305097",
        "bus": "yes",
        "highway": "bus_stop",
        "name": "مقاطع مرناق",
        "name:ar": "مقاطع مرناق",
        "name:fr": "CARRIÈRE MORNAG",
        "public_transport": "stop_position"
      },
      "geometry": {
        "type": "Point",
        "coordinates": [
          10.3065481,
          36.6894609
        ]
      },
      "id": "node/10295305097"
    },
    {
      "type": "Feature",
      "properties": {
        "@id": "node/10295305132",
        "bus": "yes",
        "highway": "bus_stop",
        "name": "حي بال اير",
        "name:ar": "حي بال اير",
        "name:fr": "CITÉ BEL AIR",
        "public_transport": "stop_position"
      },
      "geometry": {
        "type": "Point",
        "coordinates": [
          10.3202373,
          36.6869633
        ]
      },
      "id": "node/10295305132"
    },
    {
      "type": "Feature",
      "properties": {
        "@id": "node/10295305113",
        "bus": "yes",
        "highway": "bus_stop",
        "name": "سوماق",
        "name:ar": "سوماق",
        "name:fr": "SOMAG",
        "public_transport": "stop_position"
      },
      "geometry": {
        "type": "Point",
        "coordinates": [
          10.278954,
          36.6924915
        ]
      },
      "id": "node/10295305113"
    },
    {
      "type": "Feature",
      "properties": {
        "@id": "node/10295305114",
        "bus": "yes",
        "highway": "bus_stop",
        "name": "بئر الزنقة",
        "name:ar": "بئر الزنقة",
        "name:fr": "Bir EZZANGA",
        "public_transport": "stop_position"
      },
      "geometry": {
        "type": "Point",
        "coordinates": [
          10.2769579,
          36.6956206
        ]
      },
      "id": "node/10295305114"
    },
    {
      "type": "Feature",
      "properties": {
        "@id": "node/10295305094",
        "bus": "yes",
        "highway": "bus_stop",
        "name": "فضاء شريف",
        "name:ar": "فضاء شريف",
        "name:fr": "ESPACE CHRIF",
        "public_transport": "stop_position"
      },
      "geometry": {
        "type": "Point",
        "coordinates": [
          10.2950028,
          36.7021365
        ]
      },
      "id": "node/10295305094"
    },
    {
      "type": "Feature",
      "properties": {
        "@id": "node/10295305095",
        "bus": "yes",
        "highway": "bus_stop",
        "name": "القنال",
        "name:ar": "القنال",
        "name:fr": "LE CANAL",
        "public_transport": "stop_position"
      },
      "geometry": {
        "type": "Point",
        "coordinates": [
          10.3000254,
          36.6990644
        ]
      },
      "id": "node/10295305095"
    },
    {
      "type": "Feature",
      "properties": {
        "@id": "node/10295305122",
        "bus": "yes",
        "highway": "bus_stop",
        "name": "معصرة بيرم",
        "name:ar": "معصرة بيرم",
        "name:fr": "HUILERIE BAYREM",
        "public_transport": "stop_position"
      },
      "geometry": {
        "type": "Point",
        "coordinates": [
          10.2821721,
          36.7157309
        ]
      },
      "id": "node/10295305122"
    },
    {
      "type": "Feature",
      "properties": {
        "@id": "node/10295305093",
        "bus": "yes",
        "highway": "bus_stop",
        "name": "فضاء رنين",
        "name:ar": "فضاء رنين",
        "name:fr": "ESPACE RANINE",
        "public_transport": "stop_position"
      },
      "geometry": {
        "type": "Point",
        "coordinates": [
          10.2952297,
          36.7060055
        ]
      },
      "id": "node/10295305093"
    },
    {
      "type": "Feature",
      "properties": {
        "@id": "node/10295305096",
        "bus": "yes",
        "highway": "bus_stop",
        "name": "مدرسة شالا",
        "name:ar": "مدرسة شالا",
        "name:fr": "EP CHALA",
        "public_transport": "stop_position"
      },
      "geometry": {
        "type": "Point",
        "coordinates": [
          10.3040917,
          36.6933174
        ]
      },
      "id": "node/10295305096"
    },
    {
      "type": "Feature",
      "properties": {
        "@id": "node/10295305145",
        "bus": "yes",
        "highway": "bus_stop",
        "name": "مبيت حمام الشط",
        "name:ar": "مبيت حمام الشط",
        "name:fr": "FOYER HAMMAM CHATT",
        "public_transport": "stop_position"
      },
      "geometry": {
        "type": "Point",
        "coordinates": [
          10.363001,
          36.7157412
        ]
      },
      "id": "node/10295305145"
    },
    {
      "type": "Feature",
      "properties": {
        "@id": "node/5227817787",
        "gtfs_id": "30",
        "name": "حمام الشط",
        "name:ar": "حمام الشط",
        "name:fr": "Hammam Chatt",
        "operator": "الشركة الوطنية للسكك الحديدية التونسية",
        "operator:ar": "الشركة الوطنية للسكك الحديدية التونسية",
        "operator:website": "http://www.sncft.com.tn/Ar/",
        "operator:wikidata": "Q2297197",
        "operator:wikipedia": "ar:الشركة الوطنية للسكك الحديدية التونسية",
        "operator:wikipedia:ar": "الشركة الوطنية للسكك الحديدية التونسية",
        "public_transport": "station",
        "railway": "station",
        "route_ref": "19",
        "stop_id": "156K",
        "train": "yes"
      },
      "geometry": {
        "type": "Point",
        "coordinates": [
          10.3693677,
          36.7136657
        ]
      },
      "id": "node/5227817787"
    },
    {
      "type": "Feature",
      "properties": {
        "@id": "node/8231384564",
        "bus": "yes",
        "name": "Hammam Chat",
        "public_transport": "stop_position",
        "shelter": "yes",
        "stop_id": "30"
      },
      "geometry": {
        "type": "Point",
        "coordinates": [
          10.3680842,
          36.7139855
        ]
      },
      "id": "node/8231384564"
    },
    {
      "type": "Feature",
      "properties": {
        "@id": "node/10295305144",
        "bus": "yes",
        "highway": "bus_stop",
        "name": "كيوسك طوطال حمام الشط",
        "name:ar": "كيوسك طوطال حمام الشط",
        "name:fr": "KIOSQUE TOTAL H-CHATT",
        "public_transport": "stop_position"
      },
      "geometry": {
        "type": "Point",
        "coordinates": [
          10.3693342,
          36.7134449
        ]
      },
      "id": "node/10295305144"
    },
    {
      "type": "Feature",
      "properties": {
        "@id": "node/5227817776",
        "gtfs_id": "29",
        "name": "بئر الباي",
        "name:ar": "بئر الباي",
        "name:fr": "Bir El Bey",
        "operator": "الشركة الوطنية للسكك الحديدية التونسية",
        "operator:ar": "الشركة الوطنية للسكك الحديدية التونسية",
        "operator:website": "http://www.sncft.com.tn/Ar/",
        "operator:wikidata": "Q2297197",
        "operator:wikipedia": "ar:الشركة الوطنية للسكك الحديدية التونسية",
        "operator:wikipedia:ar": "الشركة الوطنية للسكك الحديدية التونسية",
        "public_transport": "station",
        "railway": "station",
        "route_ref": "19",
        "stop_id": "159N",
        "train": "yes"
      },
      "geometry": {
        "type": "Point",
        "coordinates": [
          10.3784936,
          36.7103426
        ]
      },
      "id": "node/5227817776"
    },
    {
      "type": "Feature",
      "properties": {
        "@id": "node/8231384565",
        "bus": "yes",
        "highway": "bus_stop",
        "name": "Bir El Bey",
        "public_transport": "platform",
        "stop_id": "29"
      },
      "geometry": {
        "type": "Point",
        "coordinates": [
          10.3786474,
          36.7102806
        ]
      },
      "id": "node/8231384565"
    },
    {
      "type": "Feature",
      "properties": {
        "@id": "node/10295305142",
        "bus": "yes",
        "highway": "bus_stop",
        "name": "بئر الباي",
        "name:ar": "بئر الباي",
        "name:fr": "Bir EL BEY",
        "public_transport": "stop_position"
      },
      "geometry": {
        "type": "Point",
        "coordinates": [
          10.3786172,
          36.7101077
        ]
      },
      "id": "node/10295305142"
    },
    {
      "type": "Feature",
      "properties": {
        "@id": "node/10295305143",
        "bus": "yes",
        "highway": "bus_stop",
        "name": "المعهد العالي للتنشيط الشبابي والثقافي بئر الباي",
        "name:ar": "المعهد العالي للتنشيط الشبابي والثقافي بئر الباي",
        "name:fr": "INSTITUT SUPÉRIEUR DE L'ANIMATION POUR LA JEUNESSE ET LA CULTURE BIR EL BEY",
        "public_transport": "stop_position"
      },
      "geometry": {
        "type": "Point",
        "coordinates": [
          10.3744985,
          36.7115924
        ]
      },
      "id": "node/10295305143"
    },
    {
      "type": "Feature",
      "properties": {
        "@id": "node/7831546097",
        "name": "Khanguet",
        "name:fr": "Khanguet",
        "public_transport": "station",
        "railway": "station",
        "stop_id": "162S",
        "train": "yes"
      },
      "geometry": {
        "type": "Point",
        "coordinates": [
          10.4611447,
          36.6251766
        ]
      },
      "id": "node/7831546097"
    },
    {
      "type": "Feature",
      "properties": {
        "@id": "node/10295305137",
        "bus": "yes",
        "highway": "bus_stop",
        "name": "برج السدرية",
        "name:ar": "برج السدرية",
        "name:fr": "Borj CEDRIA VILLAGE",
        "public_transport": "stop_position"
      },
      "geometry": {
        "type": "Point",
        "coordinates": [
          10.3874547,
          36.6955455
        ]
      },
      "id": "node/10295305137"
    },
    {
      "type": "Feature",
      "properties": {
        "@id": "node/10295305136",
        "bus": "yes",
        "highway": "bus_stop",
        "name": "نهاية خط برج السدرية",
        "name:ar": "نهاية خط برج السدرية",
        "name:fr": "Terminus Borj CEDRIA",
        "public_transport": "stop_position"
      },
      "geometry": {
        "type": "Point",
        "coordinates": [
          10.3886406,
          36.69593
        ]
      },
      "id": "node/10295305136"
    },
    {
      "type": "Feature",
      "properties": {
        "@id": "node/10295305138",
        "bus": "yes",
        "highway": "bus_stop",
        "name": "سنا",
        "name:ar": "سنا",
        "name:fr": "SNA",
        "public_transport": "stop_position"
      },
      "geometry": {
        "type": "Point",
        "coordinates": [
          10.384515,
          36.6983585
        ]
      },
      "id": "node/10295305138"
    },
    {
      "type": "Feature",
      "properties": {
        "@id": "node/10295305139",
        "bus": "yes",
        "highway": "bus_stop",
        "name": "هنكل",
        "name:ar": "هنكل",
        "name:fr": "HENKEL",
        "public_transport": "stop_position"
      },
      "geometry": {
        "type": "Point",
        "coordinates": [
          10.3832674,
          36.7020569
        ]
      },
      "id": "node/10295305139"
    },
    {
      "type": "Feature",
      "properties": {
        "@id": "node/14079180500",
        "bus": "yes",
        "highway": "bus_stop",
        "public_transport": "platform",
        "shelter": "yes"
      },
      "geometry": {
        "type": "Point",
        "coordinates": [
          10.3989407,
          36.7029105
        ]
      },
      "id": "node/14079180500"
    },
    {
      "type": "Feature",
      "properties": {
        "@id": "node/10295305140",
        "bus": "yes",
        "highway": "bus_stop",
        "name": "المنطقة الصناعية برج السدرية",
        "name:ar": "المنطقة الصناعية برج السدرية",
        "name:fr": "Z.I Borj CEDRIA",
        "public_transport": "stop_position"
      },
      "geometry": {
        "type": "Point",
        "coordinates": [
          10.3821783,
          36.7051907
        ]
      },
      "id": "node/10295305140"
    },
    {
      "type": "Feature",
      "properties": {
        "@id": "node/10295305141",
        "bus": "yes",
        "highway": "bus_stop",
        "name": "شركة ثالجة",
        "name:ar": "شركة ثالجة",
        "name:fr": "SOCIÉTÉ THALJA",
        "public_transport": "stop_position"
      },
      "geometry": {
        "type": "Point",
        "coordinates": [
          10.3809467,
          36.7086195
        ]
      },
      "id": "node/10295305141"
    },
    {
      "type": "Feature",
      "properties": {
        "@id": "node/5227817780",
        "gtfs_id": "133",
        "name": "الرياض",
        "name:ar": "الرياض",
        "name:en": "Erriadh",
        "name:fr": "Erriadh",
        "operator": "الشركة الوطنية للسكك الحديدية التونسية",
        "operator:ar": "الشركة الوطنية للسكك الحديدية التونسية",
        "operator:website": "http://www.sncft.com.tn/Ar/",
        "operator:wikidata": "Q2297197",
        "operator:wikipedia": "ar:الشركة الوطنية للسكك الحديدية التونسية",
        "operator:wikipedia:ar": "الشركة الوطنية للسكك الحديدية التونسية",
        "public_transport": "station",
        "railway": "station",
        "route_ref": "19",
        "stop_id": "160P",
        "train": "yes"
      },
      "geometry": {
        "type": "Point",
        "coordinates": [
          10.4148001,
          36.6995361
        ]
      },
      "id": "node/5227817780"
    },
    {
      "type": "Feature",
      "properties": {
        "@id": "node/7831546092",
        "name": "فندق الجديد",
        "name:ar": "فندق الجديد",
        "name:fr": "Fondouk Jedid",
        "public_transport": "station",
        "railway": "station",
        "stop_id": "161R",
        "train": "yes"
      },
      "geometry": {
        "type": "Point",
        "coordinates": [
          10.4467066,
          36.6689499
        ]
      },
      "id": "node/7831546092"
    },
    {
      "type": "Feature",
      "properties": {
        "@id": "node/10295360688",
        "bus": "yes",
        "highway": "bus_stop",
        "name": "FOND. EJDID",
        "public_transport": "stop_position"
      },
      "geometry": {
        "type": "Point",
        "coordinates": [
          10.4467,
          36.669
        ]
      },
      "id": "node/10295360688"
    },
    {
      "type": "Feature",
      "properties": {
        "@id": "node/10295305292",
        "bus": "yes",
        "highway": "bus_stop",
        "name": "مفترق بيرين/عطار خط34 (إياب)",
        "name:ar": "مفترق بيرين/عطار خط34 (إياب)",
        "name:fr": "CROISEMENT BIRINE/ATTAR L34 (Retour)",
        "public_transport": "stop_position"
      },
      "geometry": {
        "type": "Point",
        "coordinates": [
          10.0750524,
          36.7238262
        ]
      },
      "id": "node/10295305292"
    },
    {
      "type": "Feature",
      "properties": {
        "@id": "node/10295305293",
        "bus": "yes",
        "highway": "bus_stop",
        "name": "مفترق بيرين/عطار خط34 (ذهاب)",
        "name:ar": "مفترق بيرين/عطار خط34 (ذهاب)",
        "name:fr": "CROISEMENT BIRINE/ATTAR L34 (Aller)",
        "public_transport": "stop_position"
      },
      "geometry": {
        "type": "Point",
        "coordinates": [
          10.0746979,
          36.7238159
        ]
      },
      "id": "node/10295305293"
    },
    {
      "type": "Feature",
      "properties": {
        "@id": "node/10295305321",
        "bus": "yes",
        "highway": "bus_stop",
        "name": "مدرسة العطار (إياب)",
        "name:ar": "مدرسة العطار (إياب)",
        "name:fr": "ECOLE ATTAR (Retour)",
        "public_transport": "stop_position"
      },
      "geometry": {
        "type": "Point",
        "coordinates": [
          10.0681928,
          36.7303762
        ]
      },
      "id": "node/10295305321"
    },
    {
      "type": "Feature",
      "properties": {
        "@id": "node/10295305322",
        "bus": "yes",
        "highway": "bus_stop",
        "name": "مدرسة العطار (ذهاب)",
        "name:ar": "مدرسة العطار (ذهاب)",
        "name:fr": "ECOLE ATTAR (Aller)",
        "public_transport": "stop_position"
      },
      "geometry": {
        "type": "Point",
        "coordinates": [
          10.0682812,
          36.7304684
        ]
      },
      "id": "node/10295305322"
    },
    {
      "type": "Feature",
      "properties": {
        "@id": "node/10295305323",
        "bus": "yes",
        "highway": "bus_stop",
        "name": "العطار (إياب)",
        "name:ar": "العطار (اياب)",
        "name:fr": "ATTAR (Retour)",
        "public_transport": "stop_position"
      },
      "geometry": {
        "type": "Point",
        "coordinates": [
          10.0711715,
          36.7321146
        ]
      },
      "id": "node/10295305323"
    },
    {
      "type": "Feature",
      "properties": {
        "@id": "node/10295305324",
        "bus": "yes",
        "highway": "bus_stop",
        "name": "العطار (ذهاب)",
        "name:ar": "العطار (ذهاب)",
        "name:fr": "ATTAR (Aller)",
        "public_transport": "stop_position"
      },
      "geometry": {
        "type": "Point",
        "coordinates": [
          10.0712641,
          36.732183
        ]
      },
      "id": "node/10295305324"
    },
    {
      "type": "Feature",
      "properties": {
        "@id": "node/10295305325",
        "bus": "yes",
        "highway": "bus_stop",
        "name": "مدخل العطار (إياب)",
        "name:ar": "مدخل العطار-اياب",
        "name:fr": "ENTREE ATTAR (Retour)",
        "public_transport": "stop_position"
      },
      "geometry": {
        "type": "Point",
        "coordinates": [
          10.0837964,
          36.7374638
        ]
      },
      "id": "node/10295305325"
    },
    {
      "type": "Feature",
      "properties": {
        "@id": "node/10295305326",
        "bus": "yes",
        "highway": "bus_stop",
        "name": "مدخل العطار (ذهاب)",
        "name:ar": "مدخل العطار (ذهاب)",
        "name:fr": "ENTREE ATTAR (Aller)",
        "public_transport": "stop_position"
      },
      "geometry": {
        "type": "Point",
        "coordinates": [
          10.0837213,
          36.7377475
        ]
      },
      "id": "node/10295305326"
    },
    {
      "type": "Feature",
      "properties": {
        "@id": "node/10295305348",
        "bus": "yes",
        "highway": "bus_stop",
        "name": "مدرسة بيرين (إياب)",
        "name:ar": "مدرسة بيرين (إياب)",
        "name:fr": "ECOLE BIRINE (Retour)",
        "public_transport": "stop_position"
      },
      "geometry": {
        "type": "Point",
        "coordinates": [
          10.1072666,
          36.7171121
        ]
      },
      "id": "node/10295305348"
    },
    {
      "type": "Feature",
      "properties": {
        "@id": "node/10295305349",
        "bus": "yes",
        "highway": "bus_stop",
        "name": "مدرسة بيرين (ذهاب)",
        "name:ar": "مدرسة بيرين (ذهاب)",
        "name:fr": "ECOLE BIRINE (Aller)",
        "public_transport": "stop_position"
      },
      "geometry": {
        "type": "Point",
        "coordinates": [
          10.1073177,
          36.7172189
        ]
      },
      "id": "node/10295305349"
    },
    {
      "type": "Feature",
      "properties": {
        "@id": "node/10295305350",
        "bus": "yes",
        "highway": "bus_stop",
        "name": "مدخل بيرين (إياب)",
        "name:ar": "مدخل بيرين (إياب)",
        "name:fr": "ENTREE BIRINE (Retour)",
        "public_transport": "stop_position"
      },
      "geometry": {
        "type": "Point",
        "coordinates": [
          10.1102766,
          36.7227532
        ]
      },
      "id": "node/10295305350"
    },
    {
      "type": "Feature",
      "properties": {
        "@id": "node/10295305351",
        "bus": "yes",
        "highway": "bus_stop",
        "name": "مدخل بيرين (ذهاب)",
        "name:ar": "مدخل بيرين (ذهاب)",
        "name:fr": "ENTREE BIRINE (Aller)",
        "public_transport": "stop_position"
      },
      "geometry": {
        "type": "Point",
        "coordinates": [
          10.1103153,
          36.7228572
        ]
      },
      "id": "node/10295305351"
    },
    {
      "type": "Feature",
      "properties": {
        "@id": "node/10295305352",
        "bus": "yes",
        "highway": "bus_stop",
        "name": "حويج (إياب)",
        "name:ar": "حويج (إياب)",
        "name:fr": "HOUIJ (Retour)",
        "public_transport": "stop_position"
      },
      "geometry": {
        "type": "Point",
        "coordinates": [
          10.110522,
          36.7315912
        ]
      },
      "id": "node/10295305352"
    },
    {
      "type": "Feature",
      "properties": {
        "@id": "node/10295305353",
        "bus": "yes",
        "highway": "bus_stop",
        "name": "حويج (ذهاب)",
        "name:ar": "حويج (ذهاب)",
        "name:fr": "HOUIJ (Aller)",
        "public_transport": "stop_position"
      },
      "geometry": {
        "type": "Point",
        "coordinates": [
          10.1103289,
          36.7317115
        ]
      },
      "id": "node/10295305353"
    },
    {
      "type": "Feature",
      "properties": {
        "@id": "node/10295305355",
        "bus": "yes",
        "highway": "bus_stop",
        "name": "معمل الجليز طريق بيرين (ذهاب)",
        "name:ar": "معمل الجليز طريق بيرين (ذهاب)",
        "name:fr": "USINE CARRELAGE RTE BIRINE (Aller)",
        "public_transport": "stop_position"
      },
      "geometry": {
        "type": "Point",
        "coordinates": [
          10.111884,
          36.7339798
        ]
      },
      "id": "node/10295305355"
    },
    {
      "type": "Feature",
      "properties": {
        "@id": "node/10295305354",
        "bus": "yes",
        "highway": "bus_stop",
        "name": "معمل الجليز طريق بيرين (إياب)",
        "name:ar": "معمل الجليز طريق بيرين (إياب)",
        "name:fr": "USINE CARRELAGE RTE BIRINE (Retour)",
        "public_transport": "stop_position"
      },
      "geometry": {
        "type": "Point",
        "coordinates": [
          10.1126034,
          36.7343169
        ]
      },
      "id": "node/10295305354"
    },
    {
      "type": "Feature",
      "properties": {
        "@id": "node/10295304812",
        "bus": "yes",
        "highway": "bus_stop",
        "name": "مقبرة برج شاكير (إياب)",
        "name:ar": "مقبرة برج شاكير (إياب)",
        "name:fr": "CIMETIERE BORJ CHAKIR (Retour)",
        "public_transport": "stop_position"
      },
      "geometry": {
        "type": "Point",
        "coordinates": [
          10.0668076,
          36.7611995
        ]
      },
      "id": "node/10295304812"
    },
    {
      "type": "Feature",
      "properties": {
        "@id": "node/10295304813",
        "bus": "yes",
        "highway": "bus_stop",
        "name": "مقبرة برج شاكير (ذهاب)",
        "name:ar": "مقبرة برج شاكير (ذهاب)",
        "name:fr": "CIMETIERE BORJ CHAKIR (Aller)",
        "public_transport": "stop_position"
      },
      "geometry": {
        "type": "Point",
        "coordinates": [
          10.0666941,
          36.7612302
        ]
      },
      "id": "node/10295304813"
    },
    {
      "type": "Feature",
      "properties": {
        "@id": "node/10295304482",
        "bus": "yes",
        "highway": "bus_stop",
        "name": "المدرسة الابتدائية برج شاكير اياب",
        "name:ar": "المدرسة الابتدائية برج شاكير اياب",
        "name:fr": "E.P BORJ CHAKIR (Retour)",
        "public_transport": "stop_position"
      },
      "geometry": {
        "type": "Point",
        "coordinates": [
          10.0776787,
          36.766009
        ]
      },
      "id": "node/10295304482"
    },
    {
      "type": "Feature",
      "properties": {
        "@id": "node/10295304483",
        "bus": "yes",
        "highway": "bus_stop",
        "name": "المدرسة إبتدائية برج شاكير (ذهاب)",
        "name:ar": "المدرسة إبتدائية برج شاكير (ذهاب)",
        "name:fr": "ECOLE PRIMAIRE BORJ CHAKIR (Aller)",
        "public_transport": "stop_position"
      },
      "geometry": {
        "type": "Point",
        "coordinates": [
          10.0775742,
          36.7659298
        ]
      },
      "id": "node/10295304483"
    },
    {
      "type": "Feature",
      "properties": {
        "@id": "node/10295304484",
        "bus": "yes",
        "highway": "bus_stop",
        "name": "( برج شاكير نهاية خط( 32 ب",
        "name:ar": "( برج شاكير نهاية خط( 32 ب",
        "name:fr": "Terminus Borj CHAKIR ( L 32 B )",
        "public_transport": "stop_position"
      },
      "geometry": {
        "type": "Point",
        "coordinates": [
          10.0771011,
          36.7646522
        ]
      },
      "id": "node/10295304484"
    },
    {
      "type": "Feature",
      "properties": {
        "@id": "node/10295304814",
        "bus": "yes",
        "highway": "bus_stop",
        "name": "جامع برج شاكير (إياب)",
        "name:ar": "جامع برج شاكير (إياب)",
        "name:fr": "MOSQUÉE BORJ CHAKIR (Retour)",
        "public_transport": "stop_position"
      },
      "geometry": {
        "type": "Point",
        "coordinates": [
          10.0772,
          36.7688863
        ]
      },
      "id": "node/10295304814"
    },
    {
      "type": "Feature",
      "properties": {
        "@id": "node/10295305327",
        "bus": "yes",
        "highway": "bus_stop",
        "name": "بونوارة (إياب)",
        "name:ar": "بونوارة-اياب",
        "name:fr": "BOUNAWRA (Retour)",
        "public_transport": "stop_position"
      },
      "geometry": {
        "type": "Point",
        "coordinates": [
          10.0955762,
          36.745879
        ]
      },
      "id": "node/10295305327"
    },
    {
      "type": "Feature",
      "properties": {
        "@id": "node/10295305328",
        "bus": "yes",
        "highway": "bus_stop",
        "name": "بونوارة (ذهاب)",
        "name:ar": "بونوارة-ذهاب",
        "name:fr": "BOUNAWRA (Aller)",
        "public_transport": "stop_position"
      },
      "geometry": {
        "type": "Point",
        "coordinates": [
          10.0952441,
          36.7460612
        ]
      },
      "id": "node/10295305328"
    },
    {
      "type": "Feature",
      "properties": {
        "@id": "node/10295305329",
        "bus": "yes",
        "highway": "bus_stop",
        "name": "حي بالرحومة (إياب)",
        "name:ar": "حي بالرحومة (إياب)",
        "name:fr": "CITE BERHOUMA (Retour)",
        "public_transport": "stop_position"
      },
      "geometry": {
        "type": "Point",
        "coordinates": [
          10.1003398,
          36.7509338
        ]
      },
      "id": "node/10295305329"
    },
    {
      "type": "Feature",
      "properties": {
        "@id": "node/10295305330",
        "bus": "yes",
        "highway": "bus_stop",
        "name": "حي بالرحومة (ذهاب)",
        "name:ar": "حي بالرحومة (ذهاب)",
        "name:fr": "CITE BERHOUMA (Aller)",
        "public_transport": "stop_position"
      },
      "geometry": {
        "type": "Point",
        "coordinates": [
          10.1000614,
          36.7510301
        ]
      },
      "id": "node/10295305330"
    },
    {
      "type": "Feature",
      "properties": {
        "@id": "node/10876530819",
        "public_transport": "station"
      },
      "geometry": {
        "type": "Point",
        "coordinates": [
          10.1025554,
          36.7550788
        ]
      },
      "id": "node/10876530819"
    },
    {
      "type": "Feature",
      "properties": {
        "@id": "node/10295305338",
        "bus": "yes",
        "highway": "bus_stop",
        "name": "نهاية الخط 25 جويلية",
        "name:ar": "نهاية الخط 25 جويلية",
        "name:fr": "Terminus 25 JUILLET",
        "public_transport": "stop_position"
      },
      "geometry": {
        "type": "Point",
        "coordinates": [
          10.1171258,
          36.7446865
        ]
      },
      "id": "node/10295305338"
    },
    {
      "type": "Feature",
      "properties": {
        "@id": "node/10779655539",
        "bus": "yes",
        "highway": "bus_stop",
        "public_transport": "platform"
      },
      "geometry": {
        "type": "Point",
        "coordinates": [
          10.1103999,
          36.7519682
        ]
      },
      "id": "node/10779655539"
    },
    {
      "type": "Feature",
      "properties": {
        "@id": "node/10295305389",
        "bus": "yes",
        "highway": "bus_stop",
        "name": "شكيرة",
        "name:ar": "شكيرة",
        "name:fr": "CHAKIRA",
        "public_transport": "stop_position"
      },
      "geometry": {
        "type": "Point",
        "coordinates": [
          10.1173133,
          36.7556462
        ]
      },
      "id": "node/10295305389"
    },
    {
      "type": "Feature",
      "properties": {
        "@id": "node/10295305390",
        "bus": "yes",
        "highway": "bus_stop",
        "name": "المعهد المختلط سيدي حسين",
        "name:ar": "المعهد المختلط سيدي حسين",
        "name:fr": "LYCEE MIXTE SIDI HSIN",
        "public_transport": "stop_position"
      },
      "geometry": {
        "type": "Point",
        "coordinates": [
          10.1169695,
          36.7556273
        ]
      },
      "id": "node/10295305390"
    },
    {
      "type": "Feature",
      "properties": {
        "@id": "node/10295305331",
        "bus": "yes",
        "highway": "bus_stop",
        "name": "معهد الامتياز (إياب)",
        "name:ar": "معهد الامتياز-اياب",
        "name:fr": "LYCEE EMTIEZ (Retour)",
        "public_transport": "stop_position"
      },
      "geometry": {
        "type": "Point",
        "coordinates": [
          10.1053829,
          36.7586547
        ]
      },
      "id": "node/10295305331"
    },
    {
      "type": "Feature",
      "properties": {
        "@id": "node/10295305332",
        "bus": "yes",
        "highway": "bus_stop",
        "name": "معهد الامتياز (ذهاب)",
        "name:ar": "معهد الامتياز (ذهاب)",
        "name:fr": "LYCEE EMTIEZ (Aller)",
        "public_transport": "stop_position"
      },
      "geometry": {
        "type": "Point",
        "coordinates": [
          10.1051683,
          36.7587063
        ]
      },
      "id": "node/10295305332"
    },
    {
      "type": "Feature",
      "properties": {
        "@id": "node/10295305245",
        "bus": "yes",
        "highway": "bus_stop",
        "name": "المنتزه",
        "name:ar": "المنتزه",
        "name:fr": "Montazah",
        "public_transport": "stop_position"
      },
      "geometry": {
        "type": "Point",
        "coordinates": [
          10.09805,
          36.7674097
        ]
      },
      "id": "node/10295305245"
    },
    {
      "type": "Feature",
      "properties": {
        "@id": "node/10295305246",
        "bus": "yes",
        "highway": "bus_stop",
        "name": "مدرسة حي مراد (إياب)",
        "name:ar": "مدرسة حي مراد (إياب)",
        "name:fr": "ECOLE CITE MRAD (Retour)",
        "public_transport": "stop_position"
      },
      "geometry": {
        "type": "Point",
        "coordinates": [
          10.0994449,
          36.7682996
        ]
      },
      "id": "node/10295305246"
    },
    {
      "type": "Feature",
      "properties": {
        "@id": "node/10295305247",
        "bus": "yes",
        "highway": "bus_stop",
        "name": "مدرسة حي مراد (ذهاب)",
        "name:ar": "مدرسة حي مراد (ذهاب)",
        "name:fr": "ECOLE CITE MRAD (Aller)",
        "public_transport": "stop_position"
      },
      "geometry": {
        "type": "Point",
        "coordinates": [
          10.0993,
          36.7682824
        ]
      },
      "id": "node/10295305247"
    },
    {
      "type": "Feature",
      "properties": {
        "@id": "node/10295305333",
        "bus": "yes",
        "highway": "bus_stop",
        "name": "قاعة النيل (إياب)",
        "name:ar": "قاعة النيل (إياب)",
        "name:fr": "SALLE ENNILE (Retour)",
        "public_transport": "platform"
      },
      "geometry": {
        "type": "Point",
        "coordinates": [
          10.1083011,
          36.7616459
        ]
      },
      "id": "node/10295305333"
    },
    {
      "type": "Feature",
      "properties": {
        "@id": "node/10295305334",
        "bus": "yes",
        "highway": "bus_stop",
        "name": "قاعة النيل (ذهاب)",
        "name:ar": "قاعة النيل (ذهاب)",
        "name:fr": "SALLE ENNILE (Aller)",
        "public_transport": "platform"
      },
      "geometry": {
        "type": "Point",
        "coordinates": [
          10.1081187,
          36.7617491
        ]
      },
      "id": "node/10295305334"
    },
    {
      "type": "Feature",
      "properties": {
        "@id": "node/10295305391",
        "bus": "yes",
        "highway": "bus_stop",
        "name": "معمل الكابل",
        "name:ar": "معمل الكابل",
        "name:fr": "COFAT",
        "public_transport": "platform"
      },
      "geometry": {
        "type": "Point",
        "coordinates": [
          10.1150889,
          36.7604135
        ]
      },
      "id": "node/10295305391"
    },
    {
      "type": "Feature",
      "properties": {
        "@id": "node/10295305392",
        "bus": "yes",
        "highway": "bus_stop",
        "name": "مفترق 20 مارس",
        "name:ar": "مفترق 20 مارس",
        "name:fr": "Croisement 20 MARS",
        "public_transport": "platform"
      },
      "geometry": {
        "type": "Point",
        "coordinates": [
          10.1150042,
          36.7597502
        ]
      },
      "id": "node/10295305392"
    },
    {
      "type": "Feature",
      "properties": {
        "@id": "node/10295305335",
        "bus": "yes",
        "highway": "bus_stop",
        "name": "مركز شرطة العطار (إياب)",
        "name:ar": "مركز شرطة العطار (إياب)",
        "name:fr": "POSTE POLICE ATTAR (Retour)",
        "public_transport": "platform"
      },
      "geometry": {
        "type": "Point",
        "coordinates": [
          10.1114554,
          36.7669232
        ]
      },
      "id": "node/10295305335"
    },
    {
      "type": "Feature",
      "properties": {
        "@id": "node/10295305336",
        "bus": "yes",
        "highway": "bus_stop",
        "name": "مركز شرطة العطار (ذهاب)",
        "name:ar": "مركز شرطة العطار (ذهاب)",
        "name:fr": "POSTE POLICE ATTAR (Aller)",
        "public_transport": "platform"
      },
      "geometry": {
        "type": "Point",
        "coordinates": [
          10.1112357,
          36.7669627
        ]
      },
      "id": "node/10295305336"
    },
    {
      "type": "Feature",
      "properties": {
        "@id": "node/10295305393",
        "bus": "yes",
        "highway": "bus_stop",
        "name": "معمل طماطم (إياب)",
        "name:ar": "معمل طماطم (إياب)",
        "name:fr": "USINE DE TOMATES (Retour)",
        "public_transport": "platform"
      },
      "geometry": {
        "type": "Point",
        "coordinates": [
          10.1146204,
          36.7654621
        ]
      },
      "id": "node/10295305393"
    },
    {
      "type": "Feature",
      "properties": {
        "@id": "node/10295305394",
        "bus": "yes",
        "highway": "bus_stop",
        "name": "معمل طماطم (ذهاب)",
        "name:ar": "معمل طماطم (ذهاب)",
        "name:fr": "USINE DE TOMATES (Aller)",
        "public_transport": "platform"
      },
      "geometry": {
        "type": "Point",
        "coordinates": [
          10.1144358,
          36.7655877
        ]
      },
      "id": "node/10295305394"
    },
    {
      "type": "Feature",
      "properties": {
        "@id": "node/10295305260",
        "bus": "yes",
        "highway": "bus_stop",
        "name": "حي بن نصر (إياب)",
        "name:ar": "حي بن نصر (إياب)",
        "name:fr": "CITE BEN NASR (Retour)",
        "public_transport": "stop_position"
      },
      "geometry": {
        "type": "Point",
        "coordinates": [
          10.1213476,
          36.7268197
        ]
      },
      "id": "node/10295305260"
    },
    {
      "type": "Feature",
      "properties": {
        "@id": "node/10295305261",
        "bus": "yes",
        "highway": "bus_stop",
        "name": "حي بن نصر (ذهاب)",
        "name:ar": "حي بن نصر (ذهاب)",
        "name:fr": "CITE BEN NASR (Aller)",
        "public_transport": "stop_position"
      },
      "geometry": {
        "type": "Point",
        "coordinates": [
          10.1211492,
          36.7268111
        ]
      },
      "id": "node/10295305261"
    },
    {
      "type": "Feature",
      "properties": {
        "@id": "node/10295305377",
        "bus": "yes",
        "highway": "bus_stop",
        "name": "حي الهادي نويرة (إياب)",
        "name:ar": "حي الهادي نويرة (إياب)",
        "name:fr": "CITE HEDI NOUIRA (Retour)",
        "public_transport": "stop_position"
      },
      "geometry": {
        "type": "Point",
        "coordinates": [
          10.1277632,
          36.7278335
        ]
      },
      "id": "node/10295305377"
    },
    {
      "type": "Feature",
      "properties": {
        "@id": "node/10295305378",
        "bus": "yes",
        "highway": "bus_stop",
        "name": "حي الهادي نويرة (ذهاب)",
        "name:ar": "حي الهادي نويرة (ذهاب)",
        "name:fr": "CITE HEDI NOUIRA (Aller)",
        "public_transport": "stop_position"
      },
      "geometry": {
        "type": "Point",
        "coordinates": [
          10.1273121,
          36.7277544
        ]
      },
      "id": "node/10295305378"
    },
    {
      "type": "Feature",
      "properties": {
        "@id": "node/10295305375",
        "bus": "yes",
        "highway": "bus_stop",
        "name": "الشوك (إياب)",
        "name:ar": "الشوك (إياب)",
        "name:fr": "ECHOUK (Retour)",
        "public_transport": "stop_position"
      },
      "geometry": {
        "type": "Point",
        "coordinates": [
          10.1326979,
          36.7239535
        ]
      },
      "id": "node/10295305375"
    },
    {
      "type": "Feature",
      "properties": {
        "@id": "node/10295305376",
        "bus": "yes",
        "highway": "bus_stop",
        "name": "الشوك (ذهاب)",
        "name:ar": "الشوك (ذهاب)",
        "name:fr": "ECHOUK (Aller)",
        "public_transport": "stop_position"
      },
      "geometry": {
        "type": "Point",
        "coordinates": [
          10.1321819,
          36.7238813
        ]
      },
      "id": "node/10295305376"
    },
    {
      "type": "Feature",
      "properties": {
        "@id": "node/10295305262",
        "bus": "yes",
        "highway": "bus_stop",
        "name": "سيدي عبدالله (إياب)",
        "name:ar": "سيدي عبدالله (إياب)",
        "name:fr": "SIDI ABDALLAH (Retour)",
        "public_transport": "stop_position"
      },
      "geometry": {
        "type": "Point",
        "coordinates": [
          10.1234533,
          36.7325017
        ]
      },
      "id": "node/10295305262"
    },
    {
      "type": "Feature",
      "properties": {
        "@id": "node/10295305263",
        "bus": "yes",
        "highway": "bus_stop",
        "name": "سيدي عبدالله (ذهاب)",
        "name:ar": "سيدي عبدالله (ذهاب)",
        "name:fr": "SIDI ABDALLAH (Aller)",
        "public_transport": "stop_position"
      },
      "geometry": {
        "type": "Point",
        "coordinates": [
          10.1233299,
          36.7325168
        ]
      },
      "id": "node/10295305263"
    },
    {
      "type": "Feature",
      "properties": {
        "@id": "node/10295305381",
        "bus": "yes",
        "highway": "bus_stop",
        "name": "حي عمر المختار (إياب)",
        "name:ar": "حي عمر المختار (إياب)",
        "name:fr": "CITE OMAR MOKHTAR (Retour)",
        "public_transport": "stop_position"
      },
      "geometry": {
        "type": "Point",
        "coordinates": [
          10.1244158,
          36.7322962
        ]
      },
      "id": "node/10295305381"
    },
    {
      "type": "Feature",
      "properties": {
        "@id": "node/10295305382",
        "bus": "yes",
        "highway": "bus_stop",
        "name": "حي عمر المختار (ذهاب)",
        "name:ar": "حي عمر المختار (ذهاب)",
        "name:fr": "CITE OMAR MOKHTAR (Aller)",
        "public_transport": "stop_position"
      },
      "geometry": {
        "type": "Point",
        "coordinates": [
          10.1239867,
          36.7326746
        ]
      },
      "id": "node/10295305382"
    },
    {
      "type": "Feature",
      "properties": {
        "@id": "node/10295305264",
        "bus": "yes",
        "highway": "bus_stop",
        "name": "نهاية الخط عمر المختار",
        "name:ar": "نهاية الخط عمر المختار",
        "name:fr": "Terminus OMAR MOKHTAR",
        "public_transport": "stop_position"
      },
      "geometry": {
        "type": "Point",
        "coordinates": [
          10.1265164,
          36.7330305
        ]
      },
      "id": "node/10295305264"
    },
    {
      "type": "Feature",
      "properties": {
        "@id": "node/10295305379",
        "bus": "yes",
        "highway": "bus_stop",
        "name": "معمل الدقلة",
        "name:ar": "معمل الدقلة",
        "name:fr": "USINE DATTIERS",
        "public_transport": "stop_position"
      },
      "geometry": {
        "type": "Point",
        "coordinates": [
          10.1257572,
          36.7297433
        ]
      },
      "id": "node/10295305379"
    },
    {
      "type": "Feature",
      "properties": {
        "@id": "node/10295305380",
        "bus": "yes",
        "highway": "bus_stop",
        "name": "معيو",
        "name:ar": "معيو",
        "name:fr": "MAAEOU",
        "public_transport": "stop_position"
      },
      "geometry": {
        "type": "Point",
        "coordinates": [
          10.1254458,
          36.7298026
        ]
      },
      "id": "node/10295305380"
    },
    {
      "type": "Feature",
      "properties": {
        "@id": "node/10295305356",
        "bus": "yes",
        "highway": "bus_stop",
        "name": "مفترق بيرين اتجاه بيرين",
        "name:ar": "مفترق بيرين اتجاه بيرين",
        "name:fr": "Croisement BIRINE VERS BIRINE",
        "public_transport": "stop_position"
      },
      "geometry": {
        "type": "Point",
        "coordinates": [
          10.1205859,
          36.7402761
        ]
      },
      "id": "node/10295305356"
    },
    {
      "type": "Feature",
      "properties": {
        "@id": "node/10295305383",
        "bus": "yes",
        "highway": "bus_stop",
        "name": "مفترق بيرين (إياب)",
        "name:ar": "مفترق بيرين (إياب)",
        "name:fr": "CROISEMENT BIRINE (Retour)",
        "public_transport": "stop_position"
      },
      "geometry": {
        "type": "Point",
        "coordinates": [
          10.1211384,
          36.7408564
        ]
      },
      "id": "node/10295305383"
    },
    {
      "type": "Feature",
      "properties": {
        "@id": "node/10295305384",
        "bus": "yes",
        "highway": "bus_stop",
        "name": "مفترق بيرين (ذهاب)",
        "name:ar": "مفترق بيرين (ذهاب)",
        "name:fr": "CROISEMENT BIRINE (Aller)",
        "public_transport": "stop_position"
      },
      "geometry": {
        "type": "Point",
        "coordinates": [
          10.1209826,
          36.7406535
        ]
      },
      "id": "node/10295305384"
    },
    {
      "type": "Feature",
      "properties": {
        "@id": "node/10295305025",
        "bus": "yes",
        "highway": "bus_stop",
        "name": "أريوليا نهاية الخط",
        "name:ar": "أريوليا نهاية الخط",
        "name:fr": "AEROLIA TERMINUS",
        "public_transport": "stop_position"
      },
      "geometry": {
        "type": "Point",
        "coordinates": [
          10.167742,
          36.7222279
        ]
      },
      "id": "node/10295305025"
    },
    {
      "type": "Feature",
      "properties": {
        "@id": "node/10295305026",
        "bus": "yes",
        "highway": "bus_stop",
        "name": "أريوليا 1",
        "name:ar": "أريوليا 1",
        "name:fr": "AEROLIA 1",
        "public_transport": "stop_position"
      },
      "geometry": {
        "type": "Point",
        "coordinates": [
          10.1648209,
          36.7211308
        ]
      },
      "id": "node/10295305026"
    },
    {
      "type": "Feature",
      "properties": {
        "@id": "node/10295305027",
        "bus": "yes",
        "highway": "bus_stop",
        "name": "أريوليا",
        "name:ar": "أريوليا",
        "name:fr": "MECAPROTEC AEROLIA",
        "public_transport": "stop_position"
      },
      "geometry": {
        "type": "Point",
        "coordinates": [
          10.168458,
          36.7180392
        ]
      },
      "id": "node/10295305027"
    },
    {
      "type": "Feature",
      "properties": {
        "@id": "node/10295305339",
        "bus": "yes",
        "highway": "bus_stop",
        "name": "حي 25 جويلية",
        "name:ar": "حي 25 جويلية",
        "name:fr": "CITE 25 JUILLET",
        "public_transport": "stop_position"
      },
      "geometry": {
        "type": "Point",
        "coordinates": [
          10.1207576,
          36.7464833
        ]
      },
      "id": "node/10295305339"
    },
    {
      "type": "Feature",
      "properties": {
        "@id": "node/10295305385",
        "bus": "yes",
        "highway": "bus_stop",
        "name": "25 جويلية (إياب)",
        "name:ar": "25 جويلية (اياب)",
        "name:fr": "25 JUILLET (Retour)",
        "public_transport": "stop_position"
      },
      "geometry": {
        "type": "Point",
        "coordinates": [
          10.1208431,
          36.7445051
        ]
      },
      "id": "node/10295305385"
    },
    {
      "type": "Feature",
      "properties": {
        "@id": "node/10295305386",
        "bus": "yes",
        "highway": "bus_stop",
        "name": "25 جويلية (ذهاب)",
        "name:ar": "25 جويلية (ذهاب)",
        "name:fr": "25 JUILLET (Aller)",
        "public_transport": "stop_position"
      },
      "geometry": {
        "type": "Point",
        "coordinates": [
          10.1205105,
          36.7441785
        ]
      },
      "id": "node/10295305386"
    },
    {
      "type": "Feature",
      "properties": {
        "@id": "node/10295305387",
        "bus": "yes",
        "highway": "bus_stop",
        "name": "قاعة الفردوس (إياب)",
        "name:ar": "قاعة الفردوس (إياب)",
        "name:fr": "SALLE FERDAOUES (Retour)",
        "public_transport": "stop_position"
      },
      "geometry": {
        "type": "Point",
        "coordinates": [
          10.1212457,
          36.7469518
        ]
      },
      "id": "node/10295305387"
    },
    {
      "type": "Feature",
      "properties": {
        "@id": "node/10295305388",
        "bus": "yes",
        "highway": "bus_stop",
        "name": "قاعة الفردوس (ذهاب)",
        "name:ar": "قاعة الفردوس (ذهاب)",
        "name:fr": "SALLE FERDAOUES (Aller)",
        "public_transport": "stop_position"
      },
      "geometry": {
        "type": "Point",
        "coordinates": [
          10.121047,
          36.7470241
        ]
      },
      "id": "node/10295305388"
    },
    {
      "type": "Feature",
      "properties": {
        "@id": "node/10295304815",
        "bus": "yes",
        "highway": "bus_stop",
        "name": "جامع برج شاكير (ذهاب)",
        "name:ar": "جامع برج شاكير (ذهاب)",
        "name:fr": "MOSQUÉE BORJ CHAKIR (Aller)",
        "public_transport": "stop_position"
      },
      "geometry": {
        "type": "Point",
        "coordinates": [
          10.0772416,
          36.7690217
        ]
      },
      "id": "node/10295304815"
    },
    {
      "type": "Feature",
      "properties": {
        "@id": "node/10295305172",
        "bus": "yes",
        "highway": "bus_stop",
        "name": "نهاية الخط الواحة",
        "name:ar": "نهاية الخط الواحة",
        "name:fr": "Terminus ELWAHA",
        "public_transport": "stop_position"
      },
      "geometry": {
        "type": "Point",
        "coordinates": [
          10.0772519,
          36.777872
        ]
      },
      "id": "node/10295305172"
    },
    {
      "type": "Feature",
      "properties": {
        "@id": "node/10295305173",
        "bus": "yes",
        "highway": "bus_stop",
        "name": "مفترق المنطقة الصناعية (إياب)",
        "name:ar": "مفترق المنطقة الصناعية (إياب)",
        "name:fr": "CROISEMENT Z INDUSTRIELLE (Retour)",
        "public_transport": "stop_position"
      },
      "geometry": {
        "type": "Point",
        "coordinates": [
          10.0758681,
          36.7803434
        ]
      },
      "id": "node/10295305173"
    },
    {
      "type": "Feature",
      "properties": {
        "@id": "node/10295305174",
        "bus": "yes",
        "highway": "bus_stop",
        "name": "مفترق المنطقة الصناعية (ذهاب)",
        "name:ar": "مفترق المنطقة الصناعية (ذهاب)",
        "name:fr": "CROISEMENT Z.INDUSTRIELLE (Aller)",
        "public_transport": "stop_position"
      },
      "geometry": {
        "type": "Point",
        "coordinates": [
          10.0756912,
          36.7799442
        ]
      },
      "id": "node/10295305174"
    },
    {
      "type": "Feature",
      "properties": {
        "@id": "node/10295304816",
        "bus": "yes",
        "highway": "bus_stop",
        "name": "برج شاكير 1 (ذهاب)",
        "name:ar": "برج شاكير 1 (ذهاب)",
        "name:fr": "BORJ CHAKIR 1 (Aller)",
        "public_transport": "stop_position"
      },
      "geometry": {
        "type": "Point",
        "coordinates": [
          10.0802189,
          36.7703464
        ]
      },
      "id": "node/10295304816"
    },
    {
      "type": "Feature",
      "properties": {
        "@id": "node/10295304817",
        "bus": "yes",
        "highway": "bus_stop",
        "name": "برج شاكير 1 (إياب)",
        "name:ar": "برج شاكير 1 (اياب)",
        "name:fr": "BORJ CHAKIR 1 (Retour)",
        "public_transport": "stop_position"
      },
      "geometry": {
        "type": "Point",
        "coordinates": [
          10.0804952,
          36.7704216
        ]
      },
      "id": "node/10295304817"
    },
    {
      "type": "Feature",
      "properties": {
        "@id": "node/10295304481",
        "bus": "yes",
        "highway": "bus_stop",
        "name": "مفترق جيارة (إياب)",
        "name:ar": "مفترق جيارة (إياب)",
        "name:fr": "CROISEMENT JAYARA (Retour)",
        "public_transport": "stop_position"
      },
      "geometry": {
        "type": "Point",
        "coordinates": [
          10.0876484,
          36.7751999
        ]
      },
      "id": "node/10295304481"
    },
    {
      "type": "Feature",
      "properties": {
        "@id": "node/10295304818",
        "bus": "yes",
        "highway": "bus_stop",
        "name": "مفترق جيارة (ذهاب)",
        "name:ar": "مفترق جيارة (ذهاب)",
        "name:fr": "CROISEMENT JAYARA (Aller)",
        "public_transport": "stop_position"
      },
      "geometry": {
        "type": "Point",
        "coordinates": [
          10.087337,
          36.7751213
        ]
      },
      "id": "node/10295304818"
    },
    {
      "type": "Feature",
      "properties": {
        "@id": "node/10295304480",
        "bus": "yes",
        "highway": "bus_stop",
        "name": "مستودع الزهروني (إياب)",
        "name:ar": "مستودع الزهروني (إياب)",
        "name:fr": "DEPOT ZAHROUNI (Retour)",
        "public_transport": "stop_position"
      },
      "geometry": {
        "type": "Point",
        "coordinates": [
          10.0911184,
          36.7768051
        ]
      },
      "id": "node/10295304480"
    },
    {
      "type": "Feature",
      "properties": {
        "@id": "node/10295305433",
        "bus": "yes",
        "highway": "bus_stop",
        "name": "نهاية خط 32ت-71-515",
        "name:ar": "نهاية خط 32ت-71-515",
        "name:fr": "Terminus 32C-71-515",
        "public_transport": "stop_position"
      },
      "geometry": {
        "type": "Point",
        "coordinates": [
          10.0889034,
          36.7773478
        ]
      },
      "id": "node/10295305433"
    },
    {
      "type": "Feature",
      "properties": {
        "@id": "node/10295305434",
        "bus": "yes",
        "highway": "bus_stop",
        "name": "مستودع الزهروني (ذهاب)",
        "name:ar": "مستودع الزهروني (ذهاب)",
        "name:fr": "DEPOT ZAHROUNI (Aller)",
        "public_transport": "stop_position"
      },
      "geometry": {
        "type": "Point",
        "coordinates": [
          10.0911551,
          36.7770042
        ]
      },
      "id": "node/10295305434"
    },
    {
      "type": "Feature",
      "properties": {
        "@id": "node/10295305165",
        "bus": "yes",
        "highway": "bus_stop",
        "name": "صوناد العقبة (إياب)",
        "name:ar": "صوناد العقبة (إياب)",
        "name:fr": "SONED AGBA (Retour)",
        "public_transport": "stop_position"
      },
      "geometry": {
        "type": "Point",
        "coordinates": [
          10.0701954,
          36.7821398
        ]
      },
      "id": "node/10295305165"
    },
    {
      "type": "Feature",
      "properties": {
        "@id": "node/10295305167",
        "bus": "yes",
        "highway": "bus_stop",
        "name": "صوناد العقبة (ذهاب)",
        "name:ar": "صوناد العقبة (ذهاب)",
        "name:fr": "SONEDE AGBA (Aller)",
        "public_transport": "stop_position"
      },
      "geometry": {
        "type": "Point",
        "coordinates": [
          10.0699352,
          36.7822278
        ]
      },
      "id": "node/10295305167"
    },
    {
      "type": "Feature",
      "properties": {
        "@id": "node/10295305176",
        "bus": "yes",
        "highway": "bus_stop",
        "name": "حي الواحة (إياب)",
        "name:ar": "حي الواحة (إياب)",
        "name:fr": "CITE ELWAHA (Retour)",
        "public_transport": "stop_position"
      },
      "geometry": {
        "type": "Point",
        "coordinates": [
          10.076166,
          36.7832826
        ]
      },
      "id": "node/10295305176"
    },
    {
      "type": "Feature",
      "properties": {
        "@id": "node/10295305177",
        "bus": "yes",
        "highway": "bus_stop",
        "name": "حي الواحة (ذهاب)",
        "name:ar": "حي الواحة (ذهاب)",
        "name:fr": "CITE ELWAHA (Aller)",
        "public_transport": "stop_position"
      },
      "geometry": {
        "type": "Point",
        "coordinates": [
          10.0760319,
          36.7834695
        ]
      },
      "id": "node/10295305177"
    },
    {
      "type": "Feature",
      "properties": {
        "@id": "node/10295305179",
        "bus": "yes",
        "highway": "bus_stop",
        "name": "بن محمود (إياب)",
        "name:ar": "بن محمود (اياب)",
        "name:fr": "BEN MAHMOUD (Retour)",
        "public_transport": "stop_position"
      },
      "geometry": {
        "type": "Point",
        "coordinates": [
          10.0817047,
          36.7857809
        ]
      },
      "id": "node/10295305179"
    },
    {
      "type": "Feature",
      "properties": {
        "@id": "node/10295305181",
        "bus": "yes",
        "highway": "bus_stop",
        "name": "بن محمود (ذهاب)",
        "name:ar": "بن محمود (ذهاب)",
        "name:fr": "BEN MAHMOUD (Aller)",
        "public_transport": "stop_position"
      },
      "geometry": {
        "type": "Point",
        "coordinates": [
          10.0814901,
          36.7859248
        ]
      },
      "id": "node/10295305181"
    },
    {
      "type": "Feature",
      "properties": {
        "@id": "node/10295305182",
        "bus": "yes",
        "highway": "bus_stop",
        "name": "القنال العقبة (إياب)",
        "name:ar": "القنال العقبة (إياب)",
        "name:fr": "CANAL AGBA (Retour)",
        "public_transport": "stop_position"
      },
      "geometry": {
        "type": "Point",
        "coordinates": [
          10.0857976,
          36.7884334
        ]
      },
      "id": "node/10295305182"
    },
    {
      "type": "Feature",
      "properties": {
        "@id": "node/10295305183",
        "bus": "yes",
        "highway": "bus_stop",
        "name": "القنال العقبة (ذهاب)",
        "name:ar": "القنال العقبة-ذهاب",
        "name:fr": "CANAL AGBA (Aller)",
        "public_transport": "stop_position"
      },
      "geometry": {
        "type": "Point",
        "coordinates": [
          10.0854329,
          36.7884721
        ]
      },
      "id": "node/10295305183"
    },
    {
      "type": "Feature",
      "properties": {
        "@id": "node/10295305184",
        "bus": "yes",
        "highway": "bus_stop",
        "name": "العقبة العليا (إياب)",
        "name:ar": "العقبة العليا (اياب)",
        "name:fr": "AGBA SUPERIEUR (Retour)",
        "public_transport": "stop_position"
      },
      "geometry": {
        "type": "Point",
        "coordinates": [
          10.0884423,
          36.7893313
        ]
      },
      "id": "node/10295305184"
    },
    {
      "type": "Feature",
      "properties": {
        "@id": "node/10295305185",
        "bus": "yes",
        "highway": "bus_stop",
        "name": "العقبة العليا (ذهاب)",
        "name:ar": "العقبة العليا (ذهاب)",
        "name:fr": "AGBA SUPERIEUR (Aller)",
        "public_transport": "stop_position"
      },
      "geometry": {
        "type": "Point",
        "coordinates": [
          10.0884129,
          36.7895551
        ]
      },
      "id": "node/10295305185"
    },
    {
      "type": "Feature",
      "properties": {
        "@id": "node/10295305186",
        "bus": "yes",
        "highway": "bus_stop",
        "name": "الحرس الوطني العقبة (إياب)",
        "name:ar": "الحرس الوطني العقبة (إياب)",
        "name:fr": "GARDE NATIONAL AGBA (Retour)",
        "public_transport": "stop_position"
      },
      "geometry": {
        "type": "Point",
        "coordinates": [
          10.0913097,
          36.7904723
        ]
      },
      "id": "node/10295305186"
    },
    {
      "type": "Feature",
      "properties": {
        "@id": "node/10295305189",
        "bus": "yes",
        "highway": "bus_stop",
        "name": "الحرس الوطني العقبة (ذهاب)",
        "name:ar": "الحرس الوطني العقبة (ذهاب)",
        "name:fr": "GARDE NATIONAL AGBA (Aller)",
        "public_transport": "stop_position"
      },
      "geometry": {
        "type": "Point",
        "coordinates": [
          10.0909771,
          36.7904465
        ]
      },
      "id": "node/10295305189"
    },
    {
      "type": "Feature",
      "properties": {
        "@id": "node/10295305248",
        "bus": "yes",
        "highway": "bus_stop",
        "name": "الادواش (إياب)",
        "name:ar": "الادواش (إياب)",
        "name:fr": "LADWECH (Retour)",
        "public_transport": "stop_position"
      },
      "geometry": {
        "type": "Point",
        "coordinates": [
          10.1018776,
          36.7697628
        ]
      },
      "id": "node/10295305248"
    },
    {
      "type": "Feature",
      "properties": {
        "@id": "node/10295305249",
        "bus": "yes",
        "highway": "bus_stop",
        "name": "الادواش (ذهاب)",
        "name:ar": "الادواش (ذهاب)",
        "name:fr": "LADWECH (Aller)",
        "public_transport": "stop_position"
      },
      "geometry": {
        "type": "Point",
        "coordinates": [
          10.1016014,
          36.7697693
        ]
      },
      "id": "node/10295305249"
    },
    {
      "type": "Feature",
      "properties": {
        "@id": "node/10295305251",
        "bus": "yes",
        "highway": "bus_stop",
        "name": "الزيتون (ذهاب)",
        "name:ar": "الزيتون (ذهاب)",
        "name:fr": "EZZITOUN (Aller)",
        "public_transport": "platform"
      },
      "geometry": {
        "type": "Point",
        "coordinates": [
          10.1054336,
          36.7709399
        ]
      },
      "id": "node/10295305251"
    },
    {
      "type": "Feature",
      "properties": {
        "@id": "node/10295305435",
        "bus": "yes",
        "highway": "bus_stop",
        "name": "الجيارة (إياب)",
        "name:ar": "الجيارة (إياب)",
        "name:fr": "JAYARA (Retour)",
        "public_transport": "stop_position"
      },
      "geometry": {
        "type": "Point",
        "coordinates": [
          10.0962485,
          36.7781542
        ]
      },
      "id": "node/10295305435"
    },
    {
      "type": "Feature",
      "properties": {
        "@id": "node/10295305436",
        "bus": "yes",
        "highway": "bus_stop",
        "name": "الجيارة (ذهاب)",
        "name:ar": "الجيارة (ذهاب)",
        "name:fr": "JAYARA (Aller)",
        "public_transport": "stop_position"
      },
      "geometry": {
        "type": "Point",
        "coordinates": [
          10.0962996,
          36.7784049
        ]
      },
      "id": "node/10295305436"
    },
    {
      "type": "Feature",
      "properties": {
        "@id": "node/10295305437",
        "bus": "yes",
        "highway": "bus_stop",
        "name": "محكمة تونس 2",
        "name:ar": "محكمة تونس 2",
        "name:fr": "TRIBUNAL DE TUNIS 2",
        "public_transport": "stop_position"
      },
      "geometry": {
        "type": "Point",
        "coordinates": [
          10.1022235,
          36.7797247
        ]
      },
      "id": "node/10295305437"
    },
    {
      "type": "Feature",
      "properties": {
        "@id": "node/10295305438",
        "bus": "yes",
        "highway": "bus_stop",
        "name": "مقهى زياد",
        "name:ar": "مقهى زياد",
        "name:fr": "CAFE ZIED",
        "public_transport": "stop_position"
      },
      "geometry": {
        "type": "Point",
        "coordinates": [
          10.1023415,
          36.7800555
        ]
      },
      "id": "node/10295305438"
    },
    {
      "type": "Feature",
      "properties": {
        "@id": "node/10767239310",
        "name": "بوقطفة-سيدي حسين",
        "name:ar": "بوقطفة-سيدي حسين",
        "name:en": "Bougatfa-Sidi Hassine",
        "name:fr": "Bougatfa-Sidi Hassine",
        "network": "RFR",
        "operator": "SNCFT",
        "public_transport": "stop_position",
        "train": "yes"
      },
      "geometry": {
        "type": "Point",
        "coordinates": [
          10.101814,
          36.7801207
        ]
      },
      "id": "node/10767239310"
    },
    {
      "type": "Feature",
      "properties": {
        "@id": "node/10767239311",
        "name": "بوقطفة-سيدي حسين",
        "name:ar": "بوقطفة-سيدي حسين",
        "name:en": "Bougatfa-Sidi Hassine",
        "name:fr": "Bougatfa-Sidi Hassine",
        "network": "RFR",
        "operator": "SNCFT",
        "public_transport": "stop_position",
        "train": "yes"
      },
      "geometry": {
        "type": "Point",
        "coordinates": [
          10.1018214,
          36.7800897
        ]
      },
      "id": "node/10767239311"
    },
    {
      "type": "Feature",
      "properties": {
        "@id": "node/10767239312",
        "name": "بوقطفة-سيدي حسين",
        "name:ar": "بوقطفة-سيدي حسين",
        "name:en": "Bougatfa-Sidi Hassine",
        "name:fr": "Bougatfa-Sidi Hassine",
        "network": "RFR",
        "operator": "SNCFT",
        "public_transport": "station",
        "railway": "station",
        "train": "yes"
      },
      "geometry": {
        "type": "Point",
        "coordinates": [
          10.1018181,
          36.7801031
        ]
      },
      "id": "node/10767239312"
    },
    {
      "type": "Feature",
      "properties": {
        "@id": "node/10295305250",
        "bus": "yes",
        "highway": "bus_stop",
        "name": "الزيتون (إياب)",
        "name:ar": "الزيتون (إياب)",
        "name:fr": "EZZITOUN (Retour)",
        "public_transport": "stop_position"
      },
      "geometry": {
        "type": "Point",
        "coordinates": [
          10.1059142,
          36.7710107
        ]
      },
      "id": "node/10295305250"
    },
    {
      "type": "Feature",
      "properties": {
        "@id": "node/10295305252",
        "bus": "yes",
        "highway": "bus_stop",
        "name": "جامع حي مراد (إياب)",
        "name:ar": "جامع حي مراد (إياب)",
        "name:fr": "MOSQUÉE CITE MRAD (Retour)",
        "public_transport": "platform"
      },
      "geometry": {
        "type": "Point",
        "coordinates": [
          10.1090686,
          36.7721713
        ]
      },
      "id": "node/10295305252"
    },
    {
      "type": "Feature",
      "properties": {
        "@id": "node/10295305253",
        "bus": "yes",
        "highway": "bus_stop",
        "name": "جامع حي مراد (ذهاب)",
        "name:ar": "جامع حي مراد (ذهاب)",
        "name:fr": "MOSQUÉE CITE MRAD (Aller)",
        "public_transport": "platform"
      },
      "geometry": {
        "type": "Point",
        "coordinates": [
          10.1089479,
          36.7722014
        ]
      },
      "id": "node/10295305253"
    },
    {
      "type": "Feature",
      "properties": {
        "@id": "node/10295305254",
        "bus": "yes",
        "highway": "bus_stop",
        "name": "العياري (إياب)",
        "name:ar": "العياري (اياب)",
        "name:fr": "AYARI (Retour)",
        "public_transport": "platform"
      },
      "geometry": {
        "type": "Point",
        "coordinates": [
          10.1128109,
          36.7736718
        ]
      },
      "id": "node/10295305254"
    },
    {
      "type": "Feature",
      "properties": {
        "@id": "node/10295305255",
        "bus": "yes",
        "highway": "bus_stop",
        "name": "العياري (ذهاب)",
        "name:ar": "العياري (ذهاب)",
        "name:fr": "AYARI (Aller)",
        "public_transport": "platform"
      },
      "geometry": {
        "type": "Point",
        "coordinates": [
          10.1129148,
          36.7738424
        ]
      },
      "id": "node/10295305255"
    },
    {
      "type": "Feature",
      "properties": {
        "@id": "node/10295305426",
        "bus": "yes",
        "highway": "bus_stop",
        "name": "سيدي حسين (إياب)",
        "name:ar": "سيدي حسين (إياب)",
        "name:fr": "SIDI HSIN (Retour)",
        "public_transport": "platform"
      },
      "geometry": {
        "type": "Point",
        "coordinates": [
          10.1137341,
          36.7690143
        ]
      },
      "id": "node/10295305426"
    },
    {
      "type": "Feature",
      "properties": {
        "@id": "node/10295305427",
        "bus": "yes",
        "highway": "bus_stop",
        "name": "سيدي حسين (ذهاب)",
        "name:ar": "سيدي حسين (ذهاب)",
        "name:fr": "SIDI HSIN (Aller)",
        "public_transport": "platform"
      },
      "geometry": {
        "type": "Point",
        "coordinates": [
          10.113301,
          36.7696915
        ]
      },
      "id": "node/10295305427"
    },
    {
      "type": "Feature",
      "properties": {
        "@id": "node/10295305428",
        "bus": "yes",
        "highway": "bus_stop",
        "name": "مفترق سيدي حسين (إياب)",
        "name:ar": "مفترق سيدي حسين (إياب)",
        "name:fr": "ROND-POINT SIDI HSIN (Retour)",
        "public_transport": "platform"
      },
      "geometry": {
        "type": "Point",
        "coordinates": [
          10.112727,
          36.7701942
        ]
      },
      "id": "node/10295305428"
    },
    {
      "type": "Feature",
      "properties": {
        "@id": "node/10295305429",
        "bus": "yes",
        "highway": "bus_stop",
        "name": "مفترق سيدي حسين (ذهاب)",
        "name:ar": "مفترق سيدي حسين (ذهاب)",
        "name:fr": "ROND-POINT SIDI HSIN (Aller)",
        "public_transport": "platform"
      },
      "geometry": {
        "type": "Point",
        "coordinates": [
          10.1125822,
          36.7702931
        ]
      },
      "id": "node/10295305429"
    },
    {
      "type": "Feature",
      "properties": {
        "@id": "node/10295305430",
        "bus": "yes",
        "highway": "bus_stop",
        "name": "سيدي حسين قسم-ذهاب",
        "name:ar": "سيدي حسين قسم-ذهاب",
        "name:fr": "SIDI HSIN SECTION-ALLER",
        "public_transport": "platform"
      },
      "geometry": {
        "type": "Point",
        "coordinates": [
          10.1145885,
          36.7747534
        ]
      },
      "id": "node/10295305430"
    },
    {
      "type": "Feature",
      "properties": {
        "@id": "node/10295305439",
        "bus": "yes",
        "highway": "bus_stop",
        "name": "سونوبوا",
        "name:ar": "سونوبوا",
        "name:fr": "SONOBOIS",
        "public_transport": "stop_position"
      },
      "geometry": {
        "type": "Point",
        "coordinates": [
          10.1081892,
          36.7813357
        ]
      },
      "id": "node/10295305439"
    },
    {
      "type": "Feature",
      "properties": {
        "@id": "node/10295305440",
        "bus": "yes",
        "highway": "bus_stop",
        "name": "بن دحا-32ت",
        "name:ar": "بن دحا-32ت",
        "name:fr": "BEN DAHA-32C",
        "public_transport": "stop_position"
      },
      "geometry": {
        "type": "Point",
        "coordinates": [
          10.1085834,
          36.7816579
        ]
      },
      "id": "node/10295305440"
    },
    {
      "type": "Feature",
      "properties": {
        "@id": "node/10295304677",
        "bus": "yes",
        "highway": "bus_stop",
        "name": "ادارة صيانة الحافلات",
        "name:ar": "ادارة صيانة الحافلات",
        "name:fr": "SNT SIJOUMI ENTREE PRINCIPALE",
        "public_transport": "stop_position"
      },
      "geometry": {
        "type": "Point",
        "coordinates": [
          10.1181075,
          36.7805582
        ]
      },
      "id": "node/10295304677"
    },
    {
      "type": "Feature",
      "properties": {
        "@id": "node/10295305431",
        "bus": "yes",
        "highway": "bus_stop",
        "name": "سيدي حسين قسم (إياب)",
        "name:ar": "سيدي حسين قسم (إياب)",
        "name:fr": "SIDI HSIN SECTION (Retour)",
        "public_transport": "platform"
      },
      "geometry": {
        "type": "Point",
        "coordinates": [
          10.1144597,
          36.7762057
        ]
      },
      "id": "node/10295305431"
    },
    {
      "type": "Feature",
      "properties": {
        "@id": "node/10295305432",
        "bus": "yes",
        "highway": "bus_stop",
        "name": "نهاية خط 32ث",
        "name:ar": "نهاية خط 32ث",
        "name:fr": "Terminus 32D",
        "public_transport": "platform"
      },
      "geometry": {
        "type": "Point",
        "coordinates": [
          10.1150066,
          36.7760587
        ]
      },
      "id": "node/10295305432"
    },
    {
      "type": "Feature",
      "properties": {
        "@id": "node/10295304590",
        "bus": "yes",
        "highway": "bus_stop",
        "name": "حي حواص (إياب)",
        "name:ar": "حي حواص (إياب)",
        "name:fr": "CITÉ HWASS (Retour)",
        "public_transport": "stop_position"
      },
      "geometry": {
        "type": "Point",
        "coordinates": [
          10.0995091,
          36.7868778
        ]
      },
      "id": "node/10295304590"
    },
    {
      "type": "Feature",
      "properties": {
        "@id": "node/10295304591",
        "bus": "yes",
        "highway": "bus_stop",
        "name": "حي حواص (ذهاب)",
        "name:ar": "حي حواص (ذهاب)",
        "name:fr": "CITÉ HWASS (Aller)",
        "public_transport": "stop_position"
      },
      "geometry": {
        "type": "Point",
        "coordinates": [
          10.0995897,
          36.7869558
        ]
      },
      "id": "node/10295304591"
    },
    {
      "type": "Feature",
      "properties": {
        "@id": "node/10295304592",
        "bus": "yes",
        "highway": "bus_stop",
        "name": "معهد العقبة 2 (إياب)",
        "name:ar": "معهد العقبة 2 (إياب)",
        "name:fr": "LYCÉE AGBA 2 (Retour)",
        "public_transport": "stop_position"
      },
      "geometry": {
        "type": "Point",
        "coordinates": [
          10.101848,
          36.7850992
        ]
      },
      "id": "node/10295304592"
    },
    {
      "type": "Feature",
      "properties": {
        "@id": "node/10295304593",
        "bus": "yes",
        "highway": "bus_stop",
        "name": "معهد العقبة 2 (ذهاب)",
        "name:ar": "معهد العقبة 2 (ذهاب)",
        "name:fr": "LYCÉE AGBA 2 (Aller)",
        "public_transport": "stop_position"
      },
      "geometry": {
        "type": "Point",
        "coordinates": [
          10.1013759,
          36.7850261
        ]
      },
      "id": "node/10295304593"
    },
    {
      "type": "Feature",
      "properties": {
        "@id": "node/10295304587",
        "bus": "yes",
        "highway": "bus_stop",
        "name": "حي المشتل",
        "name:ar": "حي المشتل",
        "name:fr": "CITE EL MECHTEL",
        "public_transport": "stop_position"
      },
      "geometry": {
        "type": "Point",
        "coordinates": [
          10.0959844,
          36.7925903
        ]
      },
      "id": "node/10295304587"
    },
    {
      "type": "Feature",
      "properties": {
        "@id": "node/10295304588",
        "bus": "yes",
        "highway": "bus_stop",
        "name": "معهد الحرايرية (إياب)",
        "name:ar": "معهد الحرايرية (إياب)",
        "name:fr": "LYCEE HRAIRIA (Retour)",
        "public_transport": "stop_position"
      },
      "geometry": {
        "type": "Point",
        "coordinates": [
          10.0970683,
          36.7905811
        ]
      },
      "id": "node/10295304588"
    },
    {
      "type": "Feature",
      "properties": {
        "@id": "node/10295304589",
        "bus": "yes",
        "highway": "bus_stop",
        "name": "معهد الحرايرية (ذهاب)",
        "name:ar": "معهد الحرايرية ذهاب",
        "name:fr": "LYCEE HRAIRIA (Aller)",
        "public_transport": "stop_position"
      },
      "geometry": {
        "type": "Point",
        "coordinates": [
          10.0971109,
          36.7906915
        ]
      },
      "id": "node/10295304589"
    },
    {
      "type": "Feature",
      "properties": {
        "@id": "node/10295305191",
        "bus": "yes",
        "highway": "bus_stop",
        "name": "منبت أشجار (إياب)",
        "name:ar": "منبت أشجار (إياب)",
        "name:fr": "PÉPINIÈRE (Retour)",
        "public_transport": "stop_position"
      },
      "geometry": {
        "type": "Point",
        "coordinates": [
          10.0949011,
          36.7928454
        ]
      },
      "id": "node/10295305191"
    },
    {
      "type": "Feature",
      "properties": {
        "@id": "node/10295305194",
        "bus": "yes",
        "highway": "bus_stop",
        "name": "منبت أشجار (ذهاب)",
        "name:ar": "منبت أشجار (ذهاب)",
        "name:fr": "PÉPINIÈRE (Aller)",
        "public_transport": "stop_position"
      },
      "geometry": {
        "type": "Point",
        "coordinates": [
          10.094418,
          36.7927629
        ]
      },
      "id": "node/10295305194"
    },
    {
      "type": "Feature",
      "properties": {
        "@id": "node/10295304594",
        "bus": "yes",
        "highway": "bus_stop",
        "name": "حي جلاص (إياب)",
        "name:ar": "حي جلاص (إياب)",
        "name:fr": "CITÉ JLASS (Retour)",
        "public_transport": "stop_position"
      },
      "geometry": {
        "type": "Point",
        "coordinates": [
          10.1060751,
          36.78659
        ]
      },
      "id": "node/10295304594"
    },
    {
      "type": "Feature",
      "properties": {
        "@id": "node/10295304595",
        "bus": "yes",
        "highway": "bus_stop",
        "name": "حي جلاص (ذهاب)",
        "name:ar": "حي جلاص (ذهاب)",
        "name:fr": "CITÉ JLASS (Aller)",
        "public_transport": "stop_position"
      },
      "geometry": {
        "type": "Point",
        "coordinates": [
          10.1061124,
          36.7867655
        ]
      },
      "id": "node/10295304595"
    },
    {
      "type": "Feature",
      "properties": {
        "@id": "node/10295305199",
        "bus": "yes",
        "highway": "bus_stop",
        "name": "ستاغ الزهروني",
        "name:ar": "ستاغ الزهروني",
        "name:fr": "STEG ZAHROUNI",
        "public_transport": "stop_position"
      },
      "geometry": {
        "type": "Point",
        "coordinates": [
          10.1093771,
          36.7843159
        ]
      },
      "id": "node/10295305199"
    },
    {
      "type": "Feature",
      "properties": {
        "@id": "node/10295305200",
        "bus": "yes",
        "highway": "bus_stop",
        "name": "معهد الزهروني",
        "name:ar": "معهد الزهروني",
        "name:fr": "LYCEE ZAHROUNI",
        "public_transport": "stop_position"
      },
      "geometry": {
        "type": "Point",
        "coordinates": [
          10.1088138,
          36.7850183
        ]
      },
      "id": "node/10295305200"
    },
    {
      "type": "Feature",
      "properties": {
        "@id": "node/10295305579",
        "bus": "yes",
        "highway": "bus_stop",
        "name": "بن دحا (إياب)",
        "name:ar": "بن دحا (اياب)",
        "name:fr": "BEN DAHA (Retour)",
        "public_transport": "stop_position"
      },
      "geometry": {
        "type": "Point",
        "coordinates": [
          10.1120133,
          36.7823576
        ]
      },
      "id": "node/10295305579"
    },
    {
      "type": "Feature",
      "properties": {
        "@id": "node/5079330521",
        "name": "الحرايرية",
        "name:ar": "الحرايرية",
        "name:en": "El Hraïria",
        "name:fr": "El Hraïria",
        "network": "RFR",
        "operator": "SNCFT",
        "public_transport": "stop_position",
        "train": "yes"
      },
      "geometry": {
        "type": "Point",
        "coordinates": [
          10.1154659,
          36.7837974
        ]
      },
      "id": "node/5079330521"
    },
    {
      "type": "Feature",
      "properties": {
        "@id": "node/10295305396",
        "bus": "yes",
        "highway": "bus_stop",
        "name": "العكارمة (إياب)",
        "name:ar": "العكارمة إياب",
        "name:fr": "EL AKERMA (Retour)",
        "public_transport": "stop_position"
      },
      "geometry": {
        "type": "Point",
        "coordinates": [
          10.1123048,
          36.7884693
        ]
      },
      "id": "node/10295305396"
    },
    {
      "type": "Feature",
      "properties": {
        "@id": "node/10295305397",
        "bus": "yes",
        "highway": "bus_stop",
        "name": "العكارمة (ذهاب)",
        "name:ar": "العكارمة (ذهاب)",
        "name:fr": "EL AKERMA (Aller)",
        "public_transport": "stop_position"
      },
      "geometry": {
        "type": "Point",
        "coordinates": [
          10.1122204,
          36.7885717
        ]
      },
      "id": "node/10295305397"
    },
    {
      "type": "Feature",
      "properties": {
        "@id": "node/10295305584",
        "bus": "yes",
        "highway": "bus_stop",
        "name": "مستودع الحافلات السيجومي",
        "name:ar": "مستودع الحافلات السيجومي",
        "name:fr": "DEPOT SNT SIJOUMI",
        "public_transport": "stop_position"
      },
      "geometry": {
        "type": "Point",
        "coordinates": [
          10.1173992,
          36.7837324
        ]
      },
      "id": "node/10295305584"
    },
    {
      "type": "Feature",
      "properties": {
        "@id": "node/10295305588",
        "bus": "yes",
        "highway": "bus_stop",
        "name": "حي السلامة",
        "name:ar": "حي السلامة",
        "name:fr": "CITE ESSALAMA",
        "public_transport": "stop_position"
      },
      "geometry": {
        "type": "Point",
        "coordinates": [
          10.117158,
          36.7841114
        ]
      },
      "id": "node/10295305588"
    },
    {
      "type": "Feature",
      "properties": {
        "@id": "node/10767225190",
        "name": "الحرايرية",
        "name:ar": "الحرايرية",
        "name:en": "El Hraïria",
        "name:fr": "El Hraïria",
        "network": "RFR",
        "operator": "SNCFT",
        "public_transport": "stop_position",
        "train": "yes"
      },
      "geometry": {
        "type": "Point",
        "coordinates": [
          10.1154844,
          36.7837672
        ]
      },
      "id": "node/10767225190"
    },
    {
      "type": "Feature",
      "properties": {
        "@id": "node/10767225191",
        "name": "الحرايرية",
        "name:ar": "الحرايرية",
        "name:en": "El Hraïria",
        "name:fr": "El Hraïria",
        "network": "RFR",
        "operator": "SNCFT",
        "public_transport": "station",
        "railway": "station",
        "train": "yes"
      },
      "geometry": {
        "type": "Point",
        "coordinates": [
          10.1154806,
          36.7837857
        ]
      },
      "id": "node/10767225191"
    },
    {
      "type": "Feature",
      "properties": {
        "@id": "node/10295304819",
        "bus": "yes",
        "highway": "bus_stop",
        "name": "محطة الزهروني ( نهاية خطوط :32 +65 +515 ب +515 أ )",
        "name:ar": "محطة الزهروني ( نهاية خطوط :32 +65 +515 ب +515 أ )",
        "name:fr": "Terminus ZAHROUNI ( L : 32+65+515B+515A )",
        "public_transport": "stop_position"
      },
      "geometry": {
        "type": "Point",
        "coordinates": [
          10.1077112,
          36.7924676
        ]
      },
      "id": "node/10295304819"
    },
    {
      "type": "Feature",
      "properties": {
        "@id": "node/10295305201",
        "bus": "yes",
        "highway": "bus_stop",
        "name": "جامع الزهروني (إياب)",
        "name:ar": "جامع الزهروني (إياب)",
        "name:fr": "MOSQUE ZAHROUNI (Retour)",
        "public_transport": "stop_position"
      },
      "geometry": {
        "type": "Point",
        "coordinates": [
          10.1093798,
          36.7904121
        ]
      },
      "id": "node/10295305201"
    },
    {
      "type": "Feature",
      "properties": {
        "@id": "node/10295305207",
        "bus": "yes",
        "highway": "bus_stop",
        "name": "الزهروني (إياب)",
        "name:ar": "الزهروني (إياب)",
        "name:fr": "ZAHROUNI (Retour)",
        "public_transport": "stop_position"
      },
      "geometry": {
        "type": "Point",
        "coordinates": [
          10.107958,
          36.7923775
        ]
      },
      "id": "node/10295305207"
    },
    {
      "type": "Feature",
      "properties": {
        "@id": "node/10295305209",
        "bus": "yes",
        "highway": "bus_stop",
        "name": "الزهروني (ذهاب)",
        "name:ar": "الزهروني (ذهاب)",
        "name:fr": "ZAHROUNI (Aller)",
        "public_transport": "stop_position"
      },
      "geometry": {
        "type": "Point",
        "coordinates": [
          10.1078788,
          36.7922708
        ]
      },
      "id": "node/10295305209"
    },
    {
      "type": "Feature",
      "properties": {
        "@id": "node/10295305395",
        "bus": "yes",
        "highway": "bus_stop",
        "name": "جامع الزهروني (ذهاب)",
        "name:ar": "جامع الزهروني (ذهاب)",
        "name:fr": "MOSQUÉE ZAHROUNI (Aller)",
        "public_transport": "stop_position"
      },
      "geometry": {
        "type": "Point",
        "coordinates": [
          10.1093127,
          36.7903305
        ]
      },
      "id": "node/10295305395"
    },
    {
      "type": "Feature",
      "properties": {
        "@id": "node/10295305398",
        "bus": "yes",
        "highway": "bus_stop",
        "name": "الفرقة 17 الزهروني (إياب)",
        "name:ar": "الفرقة 17 الزهروني (إياب)",
        "name:fr": "POSTE POLICE ( 17 ) ZAHROUNI (Retour)",
        "public_transport": "stop_position"
      },
      "geometry": {
        "type": "Point",
        "coordinates": [
          10.1156749,
          36.7896537
        ]
      },
      "id": "node/10295305398"
    },
    {
      "type": "Feature",
      "properties": {
        "@id": "node/10295305399",
        "bus": "yes",
        "highway": "bus_stop",
        "name": "الفرقة 17 الزهروني (ذهاب)",
        "name:ar": "الفرقة 17 الزهروني (ذهاب)",
        "name:fr": "POSTE POLICE ( 17 ) ZAHROUNI (Aller)",
        "public_transport": "stop_position"
      },
      "geometry": {
        "type": "Point",
        "coordinates": [
          10.1155556,
          36.7896902
        ]
      },
      "id": "node/10295305399"
    },
    {
      "type": "Feature",
      "properties": {
        "@id": "node/10295304835",
        "bus": "yes",
        "highway": "bus_stop",
        "name": "نهاية الخط 91",
        "name:ar": "نهاية الخط 91",
        "name:fr": "Terminus L91",
        "public_transport": "stop_position"
      },
      "geometry": {
        "type": "Point",
        "coordinates": [
          10.0772092,
          36.7998258
        ]
      },
      "id": "node/10295304835"
    },
    {
      "type": "Feature",
      "properties": {
        "@id": "node/10295304836",
        "bus": "yes",
        "highway": "bus_stop",
        "name": "سوق منوبة (إياب)",
        "name:ar": "سوق منوبة (إياب)",
        "name:fr": "MARCHÉ MANOUBA (Retour)",
        "public_transport": "stop_position"
      },
      "geometry": {
        "type": "Point",
        "coordinates": [
          10.0836036,
          36.8006162
        ]
      },
      "id": "node/10295304836"
    },
    {
      "type": "Feature",
      "properties": {
        "@id": "node/10295304837",
        "bus": "yes",
        "highway": "bus_stop",
        "name": "سوق منوبة (ذهاب)",
        "name:ar": "سوق منوبة (ذهاب)",
        "name:fr": "MARCHÉ MANOUBA (Aller)",
        "public_transport": "stop_position"
      },
      "geometry": {
        "type": "Point",
        "coordinates": [
          10.083566,
          36.8007064
        ]
      },
      "id": "node/10295304837"
    },
    {
      "type": "Feature",
      "properties": {
        "@id": "node/5241905922",
        "bus": "yes",
        "highway": "bus_stop",
        "name": "نهاية الخط 90(سليمان كاهية-حي الإذاعة)",
        "name:ar": "نهاية الخط 90(سليمان كاهية-حي الإذاعة)",
        "name:fr": "Terminus 90(Slimane Kahia-Cité La Radio)",
        "public_transport": "platform"
      },
      "geometry": {
        "type": "Point",
        "coordinates": [
          10.0893454,
          36.7956335
        ]
      },
      "id": "node/5241905922"
    },
    {
      "type": "Feature",
      "properties": {
        "@id": "node/10295304848",
        "bus": "yes",
        "highway": "bus_stop",
        "name": "نهاية خط حى بن يونس",
        "name:ar": "نهاية خط حى بن يونس",
        "name:fr": "Terminus CITE BEN YOUNES",
        "public_transport": "stop_position"
      },
      "geometry": {
        "type": "Point",
        "coordinates": [
          10.0893703,
          36.7957837
        ]
      },
      "id": "node/10295304848"
    },
    {
      "type": "Feature",
      "properties": {
        "@id": "node/10295304849",
        "bus": "yes",
        "highway": "bus_stop",
        "name": "الحرس الوطني بن يونس",
        "name:ar": "الحرس الوطني بن يونس",
        "name:fr": "GARDE NATIONAL BEN YOUNES",
        "public_transport": "stop_position"
      },
      "geometry": {
        "type": "Point",
        "coordinates": [
          10.0892927,
          36.7964864
        ]
      },
      "id": "node/10295304849"
    },
    {
      "type": "Feature",
      "properties": {
        "@id": "node/10295304850",
        "bus": "yes",
        "highway": "bus_stop",
        "name": "حي بن يونس (إياب)",
        "name:ar": "حي بن يونس (إياب)",
        "name:fr": "CITE BEN YOUNES (Retour)",
        "public_transport": "stop_position"
      },
      "geometry": {
        "type": "Point",
        "coordinates": [
          10.0886168,
          36.7982799
        ]
      },
      "id": "node/10295304850"
    },
    {
      "type": "Feature",
      "properties": {
        "@id": "node/10295304851",
        "bus": "yes",
        "highway": "bus_stop",
        "name": "حي بن يونس (ذهاب)",
        "name:ar": "حي بن يونس (ذهاب)",
        "name:fr": "CITE BEN YOUNES (Aller)",
        "public_transport": "stop_position"
      },
      "geometry": {
        "type": "Point",
        "coordinates": [
          10.0885175,
          36.7983099
        ]
      },
      "id": "node/10295304851"
    },
    {
      "type": "Feature",
      "properties": {
        "@id": "node/5625845881",
        "light_rail": "yes",
        "name": "أبو بكر الرازي",
        "name:ar": "أبو بكر الرازي",
        "name:en": "Aboubaker Errazi",
        "name:fr": "Aboubaker Errazi",
        "operator": "شركة النقل بتونس",
        "public_transport": "stop_position"
      },
      "geometry": {
        "type": "Point",
        "coordinates": [
          10.0824543,
          36.807387
        ]
      },
      "id": "node/5625845881"
    },
    {
      "type": "Feature",
      "properties": {
        "@id": "node/5625845902",
        "light_rail": "yes",
        "name": "أبو بكر الرازي",
        "name:ar": "أبو بكر الرازي",
        "name:en": "Aboubaker Errazi",
        "name:fr": "Aboubaker Errazi",
        "operator": "شركة النقل بتونس",
        "public_transport": "stop_position"
      },
      "geometry": {
        "type": "Point",
        "coordinates": [
          10.0824417,
          36.8074233
        ]
      },
      "id": "node/5625845902"
    },
    {
      "type": "Feature",
      "properties": {
        "@id": "node/5806301472",
        "light_rail": "yes",
        "name": "أبو بكر الرازي",
        "name:ar": "أبو بكر الرازي",
        "name:en": "Aboubaker Errazi",
        "operator": "شركة النقل بتونس",
        "public_transport": "station",
        "railway": "station"
      },
      "geometry": {
        "type": "Point",
        "coordinates": [
          10.0824532,
          36.8074046
        ]
      },
      "id": "node/5806301472"
    },
    {
      "type": "Feature",
      "properties": {
        "@id": "node/10295304783",
        "bus": "yes",
        "highway": "bus_stop",
        "name": "سيدي عمر منوبة (إياب)",
        "name:ar": "سيدي عمر منوبة (إياب)",
        "name:fr": "SIDI AMOR MANNOUBA (Retour)",
        "public_transport": "stop_position"
      },
      "geometry": {
        "type": "Point",
        "coordinates": [
          10.0820397,
          36.8073471
        ]
      },
      "id": "node/10295304783"
    },
    {
      "type": "Feature",
      "properties": {
        "@id": "node/10295304784",
        "bus": "yes",
        "highway": "bus_stop",
        "name": "سيدي عمر منوبة (ذهاب)",
        "name:ar": "سيدي عمر منوبة (ذهاب)",
        "name:fr": "SIDI AMOR MANNOUBA (Aller)",
        "public_transport": "stop_position"
      },
      "geometry": {
        "type": "Point",
        "coordinates": [
          10.082916,
          36.8071911
        ]
      },
      "id": "node/10295304784"
    },
    {
      "type": "Feature",
      "properties": {
        "@id": "node/5625845879",
        "light_rail": "yes",
        "name": "المنصف باي",
        "name:ar": "المنصف باي",
        "name:en": "Moncef Bey",
        "name:fr": "Moncef Bey",
        "operator": "شركة النقل بتونس",
        "public_transport": "stop_position"
      },
      "geometry": {
        "type": "Point",
        "coordinates": [
          10.090649,
          36.8052312
        ]
      },
      "id": "node/5625845879"
    },
    {
      "type": "Feature",
      "properties": {
        "@id": "node/5625845909",
        "light_rail": "yes",
        "name": "المنصف باي",
        "name:ar": "المنصف باي",
        "name:en": "Moncef Bey",
        "name:fr": "Moncef Bey",
        "operator": "شركة النقل بتونس",
        "public_transport": "stop_position"
      },
      "geometry": {
        "type": "Point",
        "coordinates": [
          10.0906605,
          36.80526
        ]
      },
      "id": "node/5625845909"
    },
    {
      "type": "Feature",
      "properties": {
        "@id": "node/5806301471",
        "light_rail": "yes",
        "name": "المنصف باي",
        "name:ar": "المنصف باي",
        "name:en": "Moncef Bey",
        "name:fr": "Moncef Bey",
        "operator": "شركة النقل بتونس",
        "public_transport": "station",
        "railway": "station"
      },
      "geometry": {
        "type": "Point",
        "coordinates": [
          10.0906561,
          36.8052465
        ]
      },
      "id": "node/5806301471"
    },
    {
      "type": "Feature",
      "properties": {
        "@id": "node/10295304312",
        "bus": "yes",
        "highway": "bus_stop",
        "name": "الرازي 104-410-460",
        "name:ar": "الرازي 104-410-460",
        "name:fr": "ERRAZI 104/410/460",
        "public_transport": "stop_position"
      },
      "geometry": {
        "type": "Point",
        "coordinates": [
          10.0885958,
          36.8075615
        ]
      },
      "id": "node/10295304312"
    },
    {
      "type": "Feature",
      "properties": {
        "@id": "node/10295304833",
        "bus": "yes",
        "highway": "bus_stop",
        "name": "حي حسان بلخوجة1 (إياب)",
        "name:ar": "حي حسان بلخوجة1 (إياب)",
        "name:fr": "CITE HASSEN BELKHOUJA1 (Retour)",
        "public_transport": "stop_position"
      },
      "geometry": {
        "type": "Point",
        "coordinates": [
          10.0896682,
          36.805073
        ]
      },
      "id": "node/10295304833"
    },
    {
      "type": "Feature",
      "properties": {
        "@id": "node/10295304834",
        "bus": "yes",
        "highway": "bus_stop",
        "name": "حي حسان بلخوجة2 (إياب)",
        "name:ar": "حي حسان بلخوجة2 (إياب)",
        "name:fr": "CITE HASSEN BELKHOUJA2 (Retour)",
        "public_transport": "stop_position"
      },
      "geometry": {
        "type": "Point",
        "coordinates": [
          10.0884317,
          36.803138
        ]
      },
      "id": "node/10295304834"
    },
    {
      "type": "Feature",
      "properties": {
        "@id": "node/10295304838",
        "bus": "yes",
        "highway": "bus_stop",
        "name": "حي حسان بلخوجة2 (ذهاب)",
        "name:ar": "حي حسان بلخوجة2 (ذهاب)",
        "name:fr": "CITE HASSEN BELKHOUJA2 (Aller)",
        "public_transport": "stop_position"
      },
      "geometry": {
        "type": "Point",
        "coordinates": [
          10.0883405,
          36.8032024
        ]
      },
      "id": "node/10295304838"
    },
    {
      "type": "Feature",
      "properties": {
        "@id": "node/10295304839",
        "bus": "yes",
        "highway": "bus_stop",
        "name": "حي حسان بلخوجة1 (ذهاب)",
        "name:ar": "حي حسان بلخوجة1 (ذهاب)",
        "name:fr": "CITE HASSEN BELKHOUJA1 (Aller)",
        "public_transport": "stop_position"
      },
      "geometry": {
        "type": "Point",
        "coordinates": [
          10.0872542,
          36.8049076
        ]
      },
      "id": "node/10295304839"
    },
    {
      "type": "Feature",
      "properties": {
        "@id": "node/10295304840",
        "bus": "yes",
        "highway": "bus_stop",
        "name": "بلدية منوبة (إياب)",
        "name:ar": "بلدية منوبة (إياب)",
        "name:fr": "MUNICIPALITE MANNOUBA (Retour)",
        "public_transport": "stop_position"
      },
      "geometry": {
        "type": "Point",
        "coordinates": [
          10.087163,
          36.8067502
        ]
      },
      "id": "node/10295304840"
    },
    {
      "type": "Feature",
      "properties": {
        "@id": "node/10295304841",
        "bus": "yes",
        "highway": "bus_stop",
        "name": "بلدية منوبة (ذهاب)",
        "name:ar": "بلدية منوبة (ذهاب)",
        "name:fr": "MUNICIPALITE MANNOUBA (Aller)",
        "public_transport": "stop_position"
      },
      "geometry": {
        "type": "Point",
        "coordinates": [
          10.0870476,
          36.8068099
        ]
      },
      "id": "node/10295304841"
    },
    {
      "type": "Feature",
      "properties": {
        "@id": "node/10295304842",
        "bus": "yes",
        "highway": "bus_stop",
        "name": "الهادي شاكر منوبة اياب",
        "name:ar": "الهادي شاكر منوبة اياب",
        "name:fr": "Hédi Chaker - Manouba (Retour)",
        "public_transport": "stop_position"
      },
      "geometry": {
        "type": "Point",
        "coordinates": [
          10.0893382,
          36.8078021
        ]
      },
      "id": "node/10295304842"
    },
    {
      "type": "Feature",
      "properties": {
        "@id": "node/10295304843",
        "bus": "yes",
        "highway": "bus_stop",
        "name": "الهادي شاكر منوبة (ذهاب)",
        "name:ar": "الهادي شاكر منوبة (ذهاب)",
        "name:fr": "Hédi Chaker - Manouba (Aller)",
        "public_transport": "stop_position"
      },
      "geometry": {
        "type": "Point",
        "coordinates": [
          10.0893006,
          36.8079266
        ]
      },
      "id": "node/10295304843"
    },
    {
      "type": "Feature",
      "properties": {
        "@id": "node/5625819235",
        "light_rail": "yes",
        "name": "قصر الوردة",
        "name:ar": "قصر الوردة",
        "name:en": "Palais Al-Warda",
        "name:fr": "Palais Al-Warda",
        "operator": "شركة النقل بتونس",
        "public_transport": "stop_position"
      },
      "geometry": {
        "type": "Point",
        "coordinates": [
          10.0679446,
          36.810276
        ]
      },
      "id": "node/5625819235"
    },
    {
      "type": "Feature",
      "properties": {
        "@id": "node/5625819239",
        "light_rail": "yes",
        "name": "قصر الوردة",
        "name:ar": "قصر الوردة",
        "name:en": "Palais Al-Warda",
        "name:fr": "Palais Al-Warda",
        "operator": "شركة النقل بتونس",
        "public_transport": "stop_position"
      },
      "geometry": {
        "type": "Point",
        "coordinates": [
          10.0679516,
          36.8103035
        ]
      },
      "id": "node/5625819239"
    },
    {
      "type": "Feature",
      "properties": {
        "@id": "node/5806301474",
        "addr:city": "منوبة",
        "light_rail": "yes",
        "name": "قصر الوردة",
        "name:ar": "قصر الوردة",
        "name:en": "Palais Al-Warda",
        "name:fr": "Palais Al-Warda",
        "operator": "شركة النقل بتونس",
        "public_transport": "station",
        "railway": "station"
      },
      "geometry": {
        "type": "Point",
        "coordinates": [
          10.0679469,
          36.8102893
        ]
      },
      "id": "node/5806301474"
    },
    {
      "type": "Feature",
      "properties": {
        "@id": "node/10295304779",
        "bus": "yes",
        "highway": "bus_stop",
        "name": "معهد صحافة وعلوم الأخبار (إياب)",
        "name:ar": "معهد صحافة وعلوم الأخبار (إياب)",
        "name:fr": "Institut de journalisme et des sciences de l'information (Retour)",
        "public_transport": "platform"
      },
      "geometry": {
        "type": "Point",
        "coordinates": [
          10.0690903,
          36.8097421
        ]
      },
      "id": "node/10295304779"
    },
    {
      "type": "Feature",
      "properties": {
        "@id": "node/10295304780",
        "bus": "yes",
        "highway": "bus_stop",
        "name": "معهد صحافة وعلوم الأخبار (ذهاب)",
        "name:ar": "معهد صحافة وعلوم الأخبار (ذهاب)",
        "name:fr": "Institut de journalisme et des sciences de l'information (Aller)",
        "public_transport": "platform"
      },
      "geometry": {
        "type": "Point",
        "coordinates": [
          10.0686636,
          36.8100495
        ]
      },
      "id": "node/10295304780"
    },
    {
      "type": "Feature",
      "properties": {
        "@id": "node/5625845872",
        "light_rail": "yes",
        "name": "القطب التكنولوجي",
        "name:ar": "القطب التكنولوجي",
        "name:en": "Technopole",
        "name:fr": "Technopole",
        "operator": "شركة النقل بتونس",
        "public_transport": "stop_position"
      },
      "geometry": {
        "type": "Point",
        "coordinates": [
          10.0754316,
          36.8090658
        ]
      },
      "id": "node/5625845872"
    },
    {
      "type": "Feature",
      "properties": {
        "@id": "node/5625845876",
        "light_rail": "yes",
        "name": "القطب التكنولوجي",
        "name:ar": "القطب التكنولوجي",
        "name:en": "Technopole",
        "name:fr": "Technopole",
        "operator": "شركة النقل بتونس",
        "public_transport": "stop_position"
      },
      "geometry": {
        "type": "Point",
        "coordinates": [
          10.075426,
          36.8090392
        ]
      },
      "id": "node/5625845876"
    },
    {
      "type": "Feature",
      "properties": {
        "@id": "node/5806301473",
        "light_rail": "yes",
        "name": "القطب التكنولوجي",
        "name:ar": "القطب التكنولوجي",
        "name:en": "Technopole",
        "operator": "شركة النقل بتونس",
        "public_transport": "station",
        "railway": "station"
      },
      "geometry": {
        "type": "Point",
        "coordinates": [
          10.0754288,
          36.8090525
        ]
      },
      "id": "node/5806301473"
    },
    {
      "type": "Feature",
      "properties": {
        "@id": "node/10295304781",
        "bus": "yes",
        "highway": "bus_stop",
        "name": "قصر الوردة (إياب)",
        "name:ar": "قصر الوردة (إياب)",
        "name:fr": "PALAIS EL WARDA (Retour)",
        "public_transport": "stop_position"
      },
      "geometry": {
        "type": "Point",
        "coordinates": [
          10.0745392,
          36.8089756
        ]
      },
      "id": "node/10295304781"
    },
    {
      "type": "Feature",
      "properties": {
        "@id": "node/10295304782",
        "bus": "yes",
        "highway": "bus_stop",
        "name": "قصر الوردة (ذهاب)",
        "name:ar": "قصر الوردة (ذهاب)",
        "name:fr": "PALAIS EL WARDA (Aller)",
        "public_transport": "stop_position"
      },
      "geometry": {
        "type": "Point",
        "coordinates": [
          10.0745112,
          36.8091589
        ]
      },
      "id": "node/10295304782"
    },
    {
      "type": "Feature",
      "properties": {
        "@id": "node/10295304820",
        "bus": "yes",
        "highway": "bus_stop",
        "name": "نهاية الخط 92",
        "name:ar": "نهاية الخط 92",
        "name:fr": "Terminus L92",
        "public_transport": "stop_position"
      },
      "geometry": {
        "type": "Point",
        "coordinates": [
          10.076721,
          36.8214032
        ]
      },
      "id": "node/10295304820"
    },
    {
      "type": "Feature",
      "properties": {
        "@id": "node/11346672208",
        "name": "Gobaâ",
        "public_transport": "stop_position",
        "train": "yes"
      },
      "geometry": {
        "type": "Point",
        "coordinates": [
          10.0754916,
          36.8199702
        ]
      },
      "id": "node/11346672208"
    },
    {
      "type": "Feature",
      "properties": {
        "@id": "node/11346672209",
        "name": "Gobaâ",
        "public_transport": "stop_position",
        "train": "yes"
      },
      "geometry": {
        "type": "Point",
        "coordinates": [
          10.0754923,
          36.8200028
        ]
      },
      "id": "node/11346672209"
    },
    {
      "type": "Feature",
      "properties": {
        "@id": "node/10295304785",
        "bus": "yes",
        "highway": "bus_stop",
        "name": "إبن الجزار منوبة (إياب)",
        "name:ar": "إبن الجزار منوبة (إياب)",
        "name:fr": "IBN JAZZAR MANNOUBA (Retour)",
        "public_transport": "stop_position"
      },
      "geometry": {
        "type": "Point",
        "coordinates": [
          10.0916645,
          36.8141838
        ]
      },
      "id": "node/10295304785"
    },
    {
      "type": "Feature",
      "properties": {
        "@id": "node/10295304786",
        "bus": "yes",
        "highway": "bus_stop",
        "name": "إبن الجزار منوبة (ذهاب)",
        "name:ar": "إبن الجزار منوبة (ذهاب)",
        "name:fr": "IBN JAZZAR MANNOUBA (Aller)",
        "public_transport": "stop_position"
      },
      "geometry": {
        "type": "Point",
        "coordinates": [
          10.0916179,
          36.8142994
        ]
      },
      "id": "node/10295304786"
    },
    {
      "type": "Feature",
      "properties": {
        "@id": "node/10295304827",
        "bus": "yes",
        "highway": "bus_stop",
        "name": "مستشفى الرازي (إياب)",
        "name:ar": "مستشفى الرازي (إياب)",
        "name:fr": "HÔPITAL ERRAZI (Retour)",
        "public_transport": "stop_position"
      },
      "geometry": {
        "type": "Point",
        "coordinates": [
          10.0862161,
          36.8112681
        ]
      },
      "id": "node/10295304827"
    },
    {
      "type": "Feature",
      "properties": {
        "@id": "node/10295304828",
        "bus": "yes",
        "highway": "bus_stop",
        "name": "مستشفى الرازي (ذهاب)",
        "name:ar": "مستشفى الرازي (ذهاب)",
        "name:fr": "HÔPITAL ERRAZI (Aller)",
        "public_transport": "stop_position"
      },
      "geometry": {
        "type": "Point",
        "coordinates": [
          10.0863877,
          36.8112853
        ]
      },
      "id": "node/10295304828"
    },
    {
      "type": "Feature",
      "properties": {
        "@id": "node/10295304829",
        "bus": "yes",
        "highway": "bus_stop",
        "name": "ولاية منوبة (إياب)",
        "name:ar": "ولاية منوبة (إياب)",
        "name:fr": "GOUVERNORAT MANOUBA (Retour)",
        "public_transport": "stop_position"
      },
      "geometry": {
        "type": "Point",
        "coordinates": [
          10.0888396,
          36.8125228
        ]
      },
      "id": "node/10295304829"
    },
    {
      "type": "Feature",
      "properties": {
        "@id": "node/10295304830",
        "bus": "yes",
        "highway": "bus_stop",
        "name": "ولاية منوبة (ذهاب)",
        "name:ar": "ولاية منوبة (ذهاب)",
        "name:fr": "GOUVERNORAT MANOUBA (Aller)",
        "public_transport": "stop_position"
      },
      "geometry": {
        "type": "Point",
        "coordinates": [
          10.0889323,
          36.8124109
        ]
      },
      "id": "node/10295304830"
    },
    {
      "type": "Feature",
      "properties": {
        "@id": "node/10295304831",
        "bus": "yes",
        "highway": "bus_stop",
        "name": "دار المسنين (إياب)",
        "name:ar": "دار المسنين (إياب)",
        "name:fr": "DAR MOCENNINE (Retour)",
        "public_transport": "stop_position"
      },
      "geometry": {
        "type": "Point",
        "coordinates": [
          10.0909582,
          36.8094514
        ]
      },
      "id": "node/10295304831"
    },
    {
      "type": "Feature",
      "properties": {
        "@id": "node/10295304832",
        "bus": "yes",
        "highway": "bus_stop",
        "name": "دار المسنين (ذهاب)",
        "name:ar": "دار المسنين (ذهاب)",
        "name:fr": "DAR MOCENNINE (Aller)",
        "public_transport": "stop_position"
      },
      "geometry": {
        "type": "Point",
        "coordinates": [
          10.0910118,
          36.8095931
        ]
      },
      "id": "node/10295304832"
    },
    {
      "type": "Feature",
      "properties": {
        "@id": "node/10295304844",
        "bus": "yes",
        "highway": "bus_stop",
        "name": "منطقة شرطة منوبة (إياب)",
        "name:ar": "منطقة شرطة منوبة (إياب)",
        "name:fr": "POSTE POLICE MANOUBA (Retour)",
        "public_transport": "stop_position"
      },
      "geometry": {
        "type": "Point",
        "coordinates": [
          10.0921841,
          36.8083909
        ]
      },
      "id": "node/10295304844"
    },
    {
      "type": "Feature",
      "properties": {
        "@id": "node/10295304845",
        "bus": "yes",
        "highway": "bus_stop",
        "name": "منطقة شرطة منوبة (ذهاب)",
        "name:ar": "منطقة شرطة منوبة (ذهاب)",
        "name:fr": "POSTE POLICE MANOUBA (Aller)",
        "public_transport": "stop_position"
      },
      "geometry": {
        "type": "Point",
        "coordinates": [
          10.0923558,
          36.8083952
        ]
      },
      "id": "node/10295304845"
    },
    {
      "type": "Feature",
      "properties": {
        "@id": "node/10295304821",
        "bus": "yes",
        "highway": "bus_stop",
        "name": "سكة القطار (إياب)",
        "name:ar": "سكة القطار (إياب)",
        "name:fr": "CHEMIN DE FER (Retour)",
        "public_transport": "stop_position"
      },
      "geometry": {
        "type": "Point",
        "coordinates": [
          10.0795951,
          36.8185367
        ]
      },
      "id": "node/10295304821"
    },
    {
      "type": "Feature",
      "properties": {
        "@id": "node/10295304822",
        "bus": "yes",
        "highway": "bus_stop",
        "name": "سكة القطار (ذهاب)",
        "name:ar": "سكة القطار (ذهاب)",
        "name:fr": "CHEMIN DE FER (Aller)",
        "public_transport": "stop_position"
      },
      "geometry": {
        "type": "Point",
        "coordinates": [
          10.0796567,
          36.8186012
        ]
      },
      "id": "node/10295304822"
    },
    {
      "type": "Feature",
      "properties": {
        "@id": "node/10295304823",
        "bus": "yes",
        "highway": "bus_stop",
        "name": "حي البرتقال 2 (إياب)",
        "name:ar": "حي البرتقال 2 (إياب)",
        "name:fr": "CITE ORANGERS 2 (Retour)",
        "public_transport": "stop_position"
      },
      "geometry": {
        "type": "Point",
        "coordinates": [
          10.0810448,
          36.8167266
        ]
      },
      "id": "node/10295304823"
    },
    {
      "type": "Feature",
      "properties": {
        "@id": "node/10295304824",
        "bus": "yes",
        "highway": "bus_stop",
        "name": "حي البرتقال 2 (ذهاب)",
        "name:ar": "حي البرتقال 2 (ذهاب)",
        "name:fr": "CITE ORANGERS 2 (Aller)",
        "public_transport": "stop_position"
      },
      "geometry": {
        "type": "Point",
        "coordinates": [
          10.0812057,
          36.8167781
        ]
      },
      "id": "node/10295304824"
    },
    {
      "type": "Feature",
      "properties": {
        "@id": "node/10295304825",
        "bus": "yes",
        "highway": "bus_stop",
        "name": "حي البرتقال 1 (إياب)",
        "name:ar": "حي البرتقال 1 (إياب)",
        "name:fr": "CITE ORANGERS 1 (Retour)",
        "public_transport": "stop_position"
      },
      "geometry": {
        "type": "Point",
        "coordinates": [
          10.0831959,
          36.8150131
        ]
      },
      "id": "node/10295304825"
    },
    {
      "type": "Feature",
      "properties": {
        "@id": "node/10295304826",
        "bus": "yes",
        "highway": "bus_stop",
        "name": "حي البرتقال 1 (ذهاب)",
        "name:ar": "حي البرتقال 1 (ذهاب)",
        "name:fr": "CITE ORANGERS 1 (Aller)",
        "public_transport": "stop_position"
      },
      "geometry": {
        "type": "Point",
        "coordinates": [
          10.0834317,
          36.8150895
        ]
      },
      "id": "node/10295304826"
    },
    {
      "type": "Feature",
      "properties": {
        "@id": "node/10295305703",
        "bus": "yes",
        "highway": "bus_stop",
        "name": "قعلول",
        "name:ar": "قعلول",
        "name:fr": "GAALOUL",
        "public_transport": "stop_position"
      },
      "geometry": {
        "type": "Point",
        "coordinates": [
          10.0852397,
          36.819625
        ]
      },
      "id": "node/10295305703"
    },
    {
      "type": "Feature",
      "properties": {
        "@id": "node/10295305704",
        "bus": "yes",
        "highway": "bus_stop",
        "name": "بودرية",
        "name:ar": "بودرية",
        "name:fr": "BOUDREYA",
        "public_transport": "stop_position"
      },
      "geometry": {
        "type": "Point",
        "coordinates": [
          10.0879069,
          36.8184959
        ]
      },
      "id": "node/10295305704"
    },
    {
      "type": "Feature",
      "properties": {
        "@id": "node/11346672035",
        "name": "Les Orangers",
        "public_transport": "stop_position",
        "train": "yes"
      },
      "geometry": {
        "type": "Point",
        "coordinates": [
          10.0861402,
          36.8184105
        ]
      },
      "id": "node/11346672035"
    },
    {
      "type": "Feature",
      "properties": {
        "@id": "node/11346672036",
        "name": "Les Orangers",
        "public_transport": "stop_position",
        "train": "yes"
      },
      "geometry": {
        "type": "Point",
        "coordinates": [
          10.0861489,
          36.8184428
        ]
      },
      "id": "node/11346672036"
    },
    {
      "type": "Feature",
      "properties": {
        "@id": "node/10295304852",
        "bus": "yes",
        "highway": "bus_stop",
        "name": "مقهى زاد بليس (إياب)",
        "name:ar": "مقهى زاد بليس-اياب",
        "name:fr": "CAFE Z PLUS (Retour)",
        "public_transport": "stop_position"
      },
      "geometry": {
        "type": "Point",
        "coordinates": [
          10.0937371,
          36.8013984
        ]
      },
      "id": "node/10295304852"
    },
    {
      "type": "Feature",
      "properties": {
        "@id": "node/10295304853",
        "bus": "yes",
        "highway": "bus_stop",
        "name": "مقهى زاد بليس (ذهاب)",
        "name:ar": "مقهى زاد بليس-ذهاب",
        "name:fr": "CAFE Z PLUS (Aller)",
        "public_transport": "stop_position"
      },
      "geometry": {
        "type": "Point",
        "coordinates": [
          10.0936754,
          36.8014757
        ]
      },
      "id": "node/10295304853"
    },
    {
      "type": "Feature",
      "properties": {
        "@id": "node/10295304807",
        "bus": "yes",
        "highway": "bus_stop",
        "name": "عبد المولى (إياب)",
        "name:ar": "عبد المولى (اياب)",
        "name:fr": "ABDELMOULA (Retour)",
        "public_transport": "stop_position"
      },
      "geometry": {
        "type": "Point",
        "coordinates": [
          10.1008287,
          36.795861
        ]
      },
      "id": "node/10295304807"
    },
    {
      "type": "Feature",
      "properties": {
        "@id": "node/10295305195",
        "bus": "yes",
        "highway": "bus_stop",
        "name": "عبد المولى (ذهاب)",
        "name:ar": "عبد المولى (ذهاب)",
        "name:fr": "ABDELMOULA (Aller)",
        "public_transport": "stop_position"
      },
      "geometry": {
        "type": "Point",
        "coordinates": [
          10.1005552,
          36.7959899
        ]
      },
      "id": "node/10295305195"
    },
    {
      "type": "Feature",
      "properties": {
        "@id": "node/10295305196",
        "bus": "yes",
        "highway": "bus_stop",
        "name": "واد قريانة خط23",
        "name:ar": "واد قريانة خط23",
        "name:fr": "OUED GUERIANA L23",
        "public_transport": "stop_position"
      },
      "geometry": {
        "type": "Point",
        "coordinates": [
          10.1051472,
          36.798529
        ]
      },
      "id": "node/10295305196"
    },
    {
      "type": "Feature",
      "properties": {
        "@id": "node/10295304149",
        "bus": "yes",
        "highway": "bus_stop",
        "name": "سليمان الكاهية",
        "name:ar": "سليمان الكاهية",
        "name:fr": "SLIMEN KAHIA",
        "public_transport": "stop_position"
      },
      "geometry": {
        "type": "Point",
        "coordinates": [
          10.0981195,
          36.8047044
        ]
      },
      "id": "node/10295304149"
    },
    {
      "type": "Feature",
      "properties": {
        "@id": "node/10295304846",
        "bus": "yes",
        "highway": "bus_stop",
        "name": "ديوان التطهيرمنوبة (إياب)",
        "name:ar": "ديوان التطهيرمنوبة (إياب)",
        "name:fr": "ONAS MANOUBA (Retour)",
        "public_transport": "stop_position"
      },
      "geometry": {
        "type": "Point",
        "coordinates": [
          10.0949468,
          36.8059578
        ]
      },
      "id": "node/10295304846"
    },
    {
      "type": "Feature",
      "properties": {
        "@id": "node/10295304847",
        "bus": "yes",
        "highway": "bus_stop",
        "name": "ديوان التطهيرمنوبة (ذهاب)",
        "name:ar": "ديوان التطهيرمنوبة (ذهاب)",
        "name:fr": "ONAS MANOUBA (Aller)",
        "public_transport": "stop_position"
      },
      "geometry": {
        "type": "Point",
        "coordinates": [
          10.0948744,
          36.8061167
        ]
      },
      "id": "node/10295304847"
    },
    {
      "type": "Feature",
      "properties": {
        "@id": "node/10295305197",
        "bus": "yes",
        "highway": "bus_stop",
        "name": "محطة ترابط سليمان كاهية",
        "name:ar": "محطة ترابط سليمان كاهية",
        "name:fr": "RABATTEMENT SLIMEN KAHIA",
        "public_transport": "stop_position"
      },
      "geometry": {
        "type": "Point",
        "coordinates": [
          10.0985919,
          36.8038639
        ]
      },
      "id": "node/10295305197"
    },
    {
      "type": "Feature",
      "properties": {
        "@id": "node/6383429945",
        "addr:city": "تونس",
        "addr:city:ar": "تونس",
        "light_rail": "yes",
        "name": "منوبة",
        "name:ar": "منوبة",
        "name:en": "Mannouba",
        "operator": "شركة النقل بتونس",
        "public_transport": "station",
        "railway": "station",
        "station": "light_rail"
      },
      "geometry": {
        "type": "Point",
        "coordinates": [
          10.102639,
          36.8020788
        ]
      },
      "id": "node/6383429945"
    },
    {
      "type": "Feature",
      "properties": {
        "@id": "node/10295304771",
        "bus": "yes",
        "highway": "bus_stop",
        "name": "إبن رشيق (إياب)",
        "name:ar": "إبن رشيق (إياب)",
        "name:fr": "RUE INB RACHIK (Retour)",
        "public_transport": "stop_position"
      },
      "geometry": {
        "type": "Point",
        "coordinates": [
          10.1031786,
          36.8076491
        ]
      },
      "id": "node/10295304771"
    },
    {
      "type": "Feature",
      "properties": {
        "@id": "node/10295304774",
        "bus": "yes",
        "highway": "bus_stop",
        "name": "ستاغ منوبة (إياب)",
        "name:ar": "ستاغ منوبة (إياب)",
        "name:fr": "STEG MANNOUBA (Retour)",
        "public_transport": "stop_position"
      },
      "geometry": {
        "type": "Point",
        "coordinates": [
          10.1013813,
          36.8076557
        ]
      },
      "id": "node/10295304774"
    },
    {
      "type": "Feature",
      "properties": {
        "@id": "node/10295304854",
        "bus": "yes",
        "highway": "bus_stop",
        "name": "مقهى بو تفاحة (إياب)",
        "name:ar": "مقهى بو تفاحة-اياب",
        "name:fr": "CAFE BOUTOFFAHA (Retour)",
        "public_transport": "stop_position"
      },
      "geometry": {
        "type": "Point",
        "coordinates": [
          10.100051,
          36.8019525
        ]
      },
      "id": "node/10295304854"
    },
    {
      "type": "Feature",
      "properties": {
        "@id": "node/10295304855",
        "bus": "yes",
        "highway": "bus_stop",
        "name": "مقهى بو تفاحة (ذهاب)",
        "name:ar": "مقهى بو تفاحة-ذهاب",
        "name:fr": "CAFE BOUTOFFAHA (Aller)",
        "public_transport": "stop_position"
      },
      "geometry": {
        "type": "Point",
        "coordinates": [
          10.0998794,
          36.8019933
        ]
      },
      "id": "node/10295304855"
    },
    {
      "type": "Feature",
      "properties": {
        "@id": "node/10295305446",
        "bus": "yes",
        "highway": "bus_stop",
        "name": "البيئة منوبة",
        "name:ar": "البيئة منوبة",
        "name:fr": "L'ENVIRONNEMENT MANNOUBA",
        "public_transport": "stop_position"
      },
      "geometry": {
        "type": "Point",
        "coordinates": [
          10.1035594,
          36.8070894
        ]
      },
      "id": "node/10295305446"
    },
    {
      "type": "Feature",
      "properties": {
        "@id": "node/10295305449",
        "bus": "yes",
        "highway": "bus_stop",
        "name": "شركة الكهرباء والغاز منوبة (ذهاب)",
        "name:ar": "شركة الكهرباء والغاز منوبة (ذهاب)",
        "name:fr": "STEG MANNOUBA (Aller)",
        "public_transport": "stop_position"
      },
      "geometry": {
        "type": "Point",
        "coordinates": [
          10.10125,
          36.8077015
        ]
      },
      "id": "node/10295305449"
    },
    {
      "type": "Feature",
      "properties": {
        "@id": "node/10295305214",
        "bus": "yes",
        "highway": "bus_stop",
        "name": "حي العنتيت (إياب)",
        "name:ar": "حي العنتيت (إياب)",
        "name:fr": "CITE EL ANTIT (Retour)",
        "public_transport": "stop_position"
      },
      "geometry": {
        "type": "Point",
        "coordinates": [
          10.1074002,
          36.7973086
        ]
      },
      "id": "node/10295305214"
    },
    {
      "type": "Feature",
      "properties": {
        "@id": "node/10295305215",
        "bus": "yes",
        "highway": "bus_stop",
        "name": "حي العنتيت (ذهاب)",
        "name:ar": "حي العنتيت (ذهاب)",
        "name:fr": "CITE EL ANTIT (Aller)",
        "public_transport": "stop_position"
      },
      "geometry": {
        "type": "Point",
        "coordinates": [
          10.1073519,
          36.7971196
        ]
      },
      "id": "node/10295305215"
    },
    {
      "type": "Feature",
      "properties": {
        "@id": "node/10295305216",
        "bus": "yes",
        "highway": "bus_stop",
        "name": "واد قريانة خط71 (ذهاب)",
        "name:ar": "واد قريانة خط71 (ذهاب)",
        "name:fr": "OUED GUERIANA L71 (Aller)",
        "public_transport": "stop_position"
      },
      "geometry": {
        "type": "Point",
        "coordinates": [
          10.106279,
          36.7984513
        ]
      },
      "id": "node/10295305216"
    },
    {
      "type": "Feature",
      "properties": {
        "@id": "node/10295305217",
        "bus": "yes",
        "highway": "bus_stop",
        "name": "واد قريانة خط71 (إياب)",
        "name:ar": "واد قريانة خط71 (إياب)",
        "name:fr": "OUED GUERIANA L71 (Retour)",
        "public_transport": "stop_position"
      },
      "geometry": {
        "type": "Point",
        "coordinates": [
          10.1064665,
          36.7992408
        ]
      },
      "id": "node/10295305217"
    },
    {
      "type": "Feature",
      "properties": {
        "@id": "node/10295305218",
        "bus": "yes",
        "highway": "bus_stop",
        "name": "الدندان (إياب)",
        "name:ar": "الدندان (إياب)",
        "name:fr": "DENDEN (Retour)",
        "public_transport": "stop_position"
      },
      "geometry": {
        "type": "Point",
        "coordinates": [
          10.1111123,
          36.8017287
        ]
      },
      "id": "node/10295305218"
    },
    {
      "type": "Feature",
      "properties": {
        "@id": "node/10295305219",
        "bus": "yes",
        "highway": "bus_stop",
        "name": "الدندان (ذهاب)",
        "name:ar": "الدندان (ذهاب)",
        "name:fr": "DENDEN (Aller)",
        "public_transport": "stop_position"
      },
      "geometry": {
        "type": "Point",
        "coordinates": [
          10.1095729,
          36.8010998
        ]
      },
      "id": "node/10295305219"
    },
    {
      "type": "Feature",
      "properties": {
        "@id": "node/5807318673",
        "addr:city": "الدندان",
        "light_rail": "yes",
        "name": "الدندان",
        "name:ar": "الدندان",
        "name:en": "Den Den",
        "name:fr": "Den Den",
        "operator": "شركة النقل بتونس",
        "public_transport": "station",
        "railway": "station",
        "station": "light_rail"
      },
      "geometry": {
        "type": "Point",
        "coordinates": [
          10.1107696,
          36.8022121
        ]
      },
      "id": "node/5807318673"
    },
    {
      "type": "Feature",
      "properties": {
        "@id": "node/10295304308",
        "bus": "yes",
        "highway": "bus_stop",
        "name": "دندان",
        "name:ar": "دندان",
        "name:fr": "DENDEN",
        "public_transport": "stop_position"
      },
      "geometry": {
        "type": "Point",
        "coordinates": [
          10.1102174,
          36.8023678
        ]
      },
      "id": "node/10295304308"
    },
    {
      "type": "Feature",
      "properties": {
        "@id": "node/5807318672",
        "light_rail": "yes",
        "name": "صناعات تقليدية",
        "name:ar": "صناعات تقليدية",
        "name:fr": "L'Artisanat",
        "public_transport": "station",
        "railway": "station"
      },
      "geometry": {
        "type": "Point",
        "coordinates": [
          10.1160199,
          36.802899
        ]
      },
      "id": "node/5807318672"
    },
    {
      "type": "Feature",
      "properties": {
        "@id": "node/10295305220",
        "bus": "yes",
        "highway": "bus_stop",
        "name": "الصناعات التقليدية (إياب)",
        "name:ar": "الصناعات التقليدية (إياب)",
        "name:fr": "L'ARTISANAT (Retour)",
        "public_transport": "stop_position"
      },
      "geometry": {
        "type": "Point",
        "coordinates": [
          10.1175386,
          36.8029864
        ]
      },
      "id": "node/10295305220"
    },
    {
      "type": "Feature",
      "properties": {
        "@id": "node/10295305221",
        "bus": "yes",
        "highway": "bus_stop",
        "name": "الصناعات التقليدية (ذهاب)",
        "name:ar": "الصناعات التقليدية (ذهاب)",
        "name:fr": "L'ARTISANAT (Aller)",
        "public_transport": "stop_position"
      },
      "geometry": {
        "type": "Point",
        "coordinates": [
          10.1167074,
          36.8031118
        ]
      },
      "id": "node/10295305221"
    },
    {
      "type": "Feature",
      "properties": {
        "@id": "node/10295304147",
        "bus": "yes",
        "highway": "bus_stop",
        "name": "مكتب بريد منوبة",
        "name:ar": "مكتب بريد منوبة",
        "name:fr": "P.T.T MANOUBA",
        "public_transport": "stop_position"
      },
      "geometry": {
        "type": "Point",
        "coordinates": [
          10.0951425,
          36.8117276
        ]
      },
      "id": "node/10295304147"
    },
    {
      "type": "Feature",
      "properties": {
        "@id": "node/10295304148",
        "bus": "yes",
        "highway": "bus_stop",
        "name": "جامع منوبة",
        "name:ar": "جامع منوبة",
        "name:fr": "MOSQUÉE MANOUBA",
        "public_transport": "stop_position"
      },
      "geometry": {
        "type": "Point",
        "coordinates": [
          10.0928302,
          36.8093087
        ]
      },
      "id": "node/10295304148"
    },
    {
      "type": "Feature",
      "properties": {
        "@id": "node/10295304775",
        "bus": "yes",
        "highway": "bus_stop",
        "name": "ثكنة منوبة (إياب)",
        "name:ar": "ثكنة منوبة إياب",
        "name:fr": "CASERNE MANNOUBA (Retour)",
        "public_transport": "stop_position"
      },
      "geometry": {
        "type": "Point",
        "coordinates": [
          10.0983933,
          36.8133724
        ]
      },
      "id": "node/10295304775"
    },
    {
      "type": "Feature",
      "properties": {
        "@id": "node/10295305448",
        "bus": "yes",
        "highway": "bus_stop",
        "name": "ثكنة منوبة (ذهاب)",
        "name:ar": "ثكنة منوبة ذهاب",
        "name:fr": "CASERNE MANNOUBA - (Aller)",
        "public_transport": "stop_position"
      },
      "geometry": {
        "type": "Point",
        "coordinates": [
          10.0981465,
          36.8134495
        ]
      },
      "id": "node/10295305448"
    },
    {
      "type": "Feature",
      "properties": {
        "@id": "node/10295304306",
        "bus": "yes",
        "highway": "bus_stop",
        "name": "إتصالات منوبة اياب",
        "name:ar": "إتصالات منوبة اياب",
        "name:fr": "TÉLÉCOM MANOUBA (Retour)",
        "public_transport": "stop_position"
      },
      "geometry": {
        "type": "Point",
        "coordinates": [
          10.1008857,
          36.8085966
        ]
      },
      "id": "node/10295304306"
    },
    {
      "type": "Feature",
      "properties": {
        "@id": "node/10295304307",
        "bus": "yes",
        "highway": "bus_stop",
        "name": "إتصالات منوبة (ذهاب)",
        "name:ar": "إتصالات منوبة (ذهاب)",
        "name:fr": "TÉLÉCOM MANOUBA (Aller)",
        "public_transport": "stop_position"
      },
      "geometry": {
        "type": "Point",
        "coordinates": [
          10.1007516,
          36.8086353
        ]
      },
      "id": "node/10295304307"
    },
    {
      "type": "Feature",
      "properties": {
        "@id": "node/10295304491",
        "bus": "yes",
        "highway": "bus_stop",
        "name": "الفرابي منوبة (ذهاب)",
        "name:ar": "الفرابي منوبة ذهاب",
        "name:fr": "EL FARABI MANNOUBA - (Aller)",
        "public_transport": "stop_position"
      },
      "geometry": {
        "type": "Point",
        "coordinates": [
          10.0992464,
          36.8113565
        ]
      },
      "id": "node/10295304491"
    },
    {
      "type": "Feature",
      "properties": {
        "@id": "node/10295304772",
        "bus": "yes",
        "highway": "bus_stop",
        "name": "الضمان الإجتماعي منوبة (إياب)",
        "name:ar": "الضمان الإجتماعي منوبة (إياب)",
        "name:fr": "CNSS MANNOUBA (Retour)",
        "public_transport": "stop_position"
      },
      "geometry": {
        "type": "Point",
        "coordinates": [
          10.1052787,
          36.8100228
        ]
      },
      "id": "node/10295304772"
    },
    {
      "type": "Feature",
      "properties": {
        "@id": "node/10295304773",
        "bus": "yes",
        "highway": "bus_stop",
        "name": "الضمان الإجتماعي منوبة",
        "name:ar": "الضمان الإجتماعي منوبة",
        "name:fr": "CNSS MANNOUBA (Aller)",
        "public_transport": "stop_position"
      },
      "geometry": {
        "type": "Point",
        "coordinates": [
          10.1054852,
          36.8100185
        ]
      },
      "id": "node/10295304773"
    },
    {
      "type": "Feature",
      "properties": {
        "@id": "node/10295305445",
        "bus": "yes",
        "highway": "bus_stop",
        "name": "معهد بن أبي الضياف منوبة",
        "name:ar": "معهد بن أبي الضياف منوبة",
        "name:fr": "LYCEE IBN ABI DHIEF MANNOUBA",
        "public_transport": "stop_position"
      },
      "geometry": {
        "type": "Point",
        "coordinates": [
          10.1037523,
          36.8083515
        ]
      },
      "id": "node/10295305445"
    },
    {
      "type": "Feature",
      "properties": {
        "@id": "node/10295305447",
        "bus": "yes",
        "highway": "bus_stop",
        "name": "الفرابي منوبة (إياب)",
        "name:ar": "الفرابي منوبة (إياب)",
        "name:fr": "EL FARABI MANNOUBA - (Retour)",
        "public_transport": "stop_position"
      },
      "geometry": {
        "type": "Point",
        "coordinates": [
          10.0993857,
          36.8113279
        ]
      },
      "id": "node/10295305447"
    },
    {
      "type": "Feature",
      "properties": {
        "@id": "node/10295304464",
        "bus": "yes",
        "highway": "bus_stop",
        "name": "معتمدية دوار هيشر",
        "name:ar": "معتمدية دوار هيشر",
        "name:fr": "DÉLÉGATION DAOUAR HICHER",
        "public_transport": "stop_position"
      },
      "geometry": {
        "type": "Point",
        "coordinates": [
          10.0952015,
          36.8177484
        ]
      },
      "id": "node/10295304464"
    },
    {
      "type": "Feature",
      "properties": {
        "@id": "node/10295304552",
        "bus": "yes",
        "highway": "bus_stop",
        "name": "مقهى الحمام",
        "name:ar": "مقهى الحمام",
        "name:fr": "CAFÉ HAMMEM",
        "public_transport": "stop_position"
      },
      "geometry": {
        "type": "Point",
        "coordinates": [
          10.0927178,
          36.8205913
        ]
      },
      "id": "node/10295304552"
    },
    {
      "type": "Feature",
      "properties": {
        "@id": "node/10295304787",
        "bus": "yes",
        "highway": "bus_stop",
        "name": "البودرية (ذهاب)",
        "name:ar": "البودرية (ذهاب)",
        "name:fr": "BOUDRIA (Aller)",
        "public_transport": "stop_position"
      },
      "geometry": {
        "type": "Point",
        "coordinates": [
          10.0961132,
          36.8161882
        ]
      },
      "id": "node/10295304787"
    },
    {
      "type": "Feature",
      "properties": {
        "@id": "node/10295304788",
        "bus": "yes",
        "highway": "bus_stop",
        "name": "البودرية (إياب)",
        "name:ar": "البودرية (اياب)",
        "name:fr": "BOUDRIA (Retour)",
        "public_transport": "stop_position"
      },
      "geometry": {
        "type": "Point",
        "coordinates": [
          10.0955231,
          36.816171
        ]
      },
      "id": "node/10295304788"
    },
    {
      "type": "Feature",
      "properties": {
        "@id": "node/10295304378",
        "bus": "yes",
        "highway": "bus_stop",
        "name": "مغازة كرفور",
        "name:ar": "مغازة كرفور",
        "name:fr": "MAGAZIN CARREFOUR",
        "public_transport": "stop_position"
      },
      "geometry": {
        "type": "Point",
        "coordinates": [
          10.1044989,
          36.8174515
        ]
      },
      "id": "node/10295304378"
    },
    {
      "type": "Feature",
      "properties": {
        "@id": "node/10295304567",
        "bus": "yes",
        "highway": "bus_stop",
        "name": "مقهى السلام",
        "name:ar": "مقهى السلام",
        "name:fr": "CAFÉ LA PAIX",
        "public_transport": "stop_position"
      },
      "geometry": {
        "type": "Point",
        "coordinates": [
          10.1045455,
          36.8198793
        ]
      },
      "id": "node/10295304567"
    },
    {
      "type": "Feature",
      "properties": {
        "@id": "node/10295304789",
        "bus": "yes",
        "highway": "bus_stop",
        "name": "مستشفى القصاب (إياب)",
        "name:ar": "مستشفى القصاب (إياب)",
        "name:fr": "HÔPITAL KASSAB (Retour)",
        "public_transport": "stop_position"
      },
      "geometry": {
        "type": "Point",
        "coordinates": [
          10.1018729,
          36.8154024
        ]
      },
      "id": "node/10295304789"
    },
    {
      "type": "Feature",
      "properties": {
        "@id": "node/10295305674",
        "bus": "yes",
        "highway": "bus_stop",
        "name": "محطة القصاب (ذهاب)",
        "name:ar": "محطة القصاب (ذهاب)",
        "name:fr": "HÔPITAL KASSAB (Aller)",
        "public_transport": "stop_position"
      },
      "geometry": {
        "type": "Point",
        "coordinates": [
          10.1008136,
          36.8156072
        ]
      },
      "id": "node/10295305674"
    },
    {
      "type": "Feature",
      "properties": {
        "@id": "node/10295305705",
        "bus": "yes",
        "highway": "bus_stop",
        "name": "المعهد العالي للرياضة و التربية البدنية",
        "name:ar": "المعهد العالي للرياضة و التربية البدنية",
        "name:fr": "INEPS",
        "public_transport": "stop_position"
      },
      "geometry": {
        "type": "Point",
        "coordinates": [
          10.1016119,
          36.8164772
        ]
      },
      "id": "node/10295305705"
    },
    {
      "type": "Feature",
      "properties": {
        "@id": "node/11346672002",
        "name": "Mannouba",
        "public_transport": "stop_position",
        "train": "yes"
      },
      "geometry": {
        "type": "Point",
        "coordinates": [
          10.1002299,
          36.8162243
        ]
      },
      "id": "node/11346672002"
    },
    {
      "type": "Feature",
      "properties": {
        "@id": "node/11346672003",
        "name": "Mannouba",
        "public_transport": "stop_position",
        "train": "yes"
      },
      "geometry": {
        "type": "Point",
        "coordinates": [
          10.1002491,
          36.8163015
        ]
      },
      "id": "node/11346672003"
    },
    {
      "type": "Feature",
      "properties": {
        "@id": "node/11346672004",
        "name": "Mannouba",
        "public_transport": "stop_position",
        "train": "yes"
      },
      "geometry": {
        "type": "Point",
        "coordinates": [
          10.1002552,
          36.816334
        ]
      },
      "id": "node/11346672004"
    },
    {
      "type": "Feature",
      "properties": {
        "@id": "node/10295304766",
        "bus": "yes",
        "highway": "bus_stop",
        "name": "نهاية خط 4 أ حي الأمل منوبة",
        "name:ar": "نهاية خط 4 أ حي الأمل منوبة",
        "name:fr": "TERMINUS L 4A CITÉ EL AMAL MANNOUBA",
        "public_transport": "stop_position"
      },
      "geometry": {
        "type": "Point",
        "coordinates": [
          10.1116194,
          36.8117021
        ]
      },
      "id": "node/10295304766"
    },
    {
      "type": "Feature",
      "properties": {
        "@id": "node/10295304767",
        "bus": "yes",
        "highway": "bus_stop",
        "name": "شارع البيئة منوبة (إياب)",
        "name:ar": "شارع البيئة منوبة (اياب)",
        "name:fr": "AVENUE DE L'ENVIRONNEMENT MANNOUBA (Retour)",
        "public_transport": "stop_position"
      },
      "geometry": {
        "type": "Point",
        "coordinates": [
          10.110902,
          36.8095775
        ]
      },
      "id": "node/10295304767"
    },
    {
      "type": "Feature",
      "properties": {
        "@id": "node/10295304768",
        "bus": "yes",
        "highway": "bus_stop",
        "name": "شارع البيئة (ذهاب)",
        "name:ar": "شارع البيئة (ذهاب)",
        "name:fr": "AVENUE DE L'ENVIRONNEMENT MANNOUBA (Aller)",
        "public_transport": "stop_position"
      },
      "geometry": {
        "type": "Point",
        "coordinates": [
          10.1107813,
          36.8094777
        ]
      },
      "id": "node/10295304768"
    },
    {
      "type": "Feature",
      "properties": {
        "@id": "node/10295304769",
        "bus": "yes",
        "highway": "bus_stop",
        "name": "نهج قبلي (ذهاب)",
        "name:ar": "نهج قبلي (ذهاب)",
        "name:fr": "RUE DE KEBILLI (Aller)",
        "public_transport": "stop_position"
      },
      "geometry": {
        "type": "Point",
        "coordinates": [
          10.1061142,
          36.8092307
        ]
      },
      "id": "node/10295304769"
    },
    {
      "type": "Feature",
      "properties": {
        "@id": "node/10295304770",
        "bus": "yes",
        "highway": "bus_stop",
        "name": "نهج قبلي (إياب)",
        "name:ar": "نهج قبلي (إياب)",
        "name:fr": "RUE DE KEBILLI (Retour)",
        "public_transport": "stop_position"
      },
      "geometry": {
        "type": "Point",
        "coordinates": [
          10.1061672,
          36.8092588
        ]
      },
      "id": "node/10295304770"
    },
    {
      "type": "Feature",
      "properties": {
        "@id": "node/10295304764",
        "bus": "yes",
        "highway": "bus_stop",
        "name": "مونوبري منوبة (ذهاب)",
        "name:ar": "مونوبري منوبة (ذهاب)",
        "name:fr": "MONOPRIX MANNOUBA (Aller)",
        "public_transport": "stop_position"
      },
      "geometry": {
        "type": "Point",
        "coordinates": [
          10.1134796,
          36.8115521
        ]
      },
      "id": "node/10295304764"
    },
    {
      "type": "Feature",
      "properties": {
        "@id": "node/10295304765",
        "bus": "yes",
        "highway": "bus_stop",
        "name": "مونوبري منوبة (ذهاب)",
        "name:ar": "مونوبري منوبة (ذهاب)",
        "name:fr": "MONOPRIX MANNOUBA (Retour)",
        "public_transport": "stop_position"
      },
      "geometry": {
        "type": "Point",
        "coordinates": [
          10.113387,
          36.8114995
        ]
      },
      "id": "node/10295304765"
    },
    {
      "type": "Feature",
      "properties": {
        "@id": "node/10295304790",
        "bus": "yes",
        "highway": "bus_stop",
        "name": "سباق الخيل قصر السعيد (إياب)",
        "name:ar": "سباق الخيل قصر السعيد (إياب)",
        "name:fr": "CHAMP DE COURSE KSAR SAID (Retour)",
        "public_transport": "stop_position"
      },
      "geometry": {
        "type": "Point",
        "coordinates": [
          10.1127082,
          36.8130716
        ]
      },
      "id": "node/10295304790"
    },
    {
      "type": "Feature",
      "properties": {
        "@id": "node/10295304791",
        "bus": "yes",
        "highway": "bus_stop",
        "name": "بورطال (إياب)",
        "name:ar": "بورطال إياب",
        "name:fr": "BOURTAL (Retour)",
        "public_transport": "stop_position"
      },
      "geometry": {
        "type": "Point",
        "coordinates": [
          10.1184681,
          36.8112735
        ]
      },
      "id": "node/10295304791"
    },
    {
      "type": "Feature",
      "properties": {
        "@id": "node/10295305706",
        "bus": "yes",
        "highway": "bus_stop",
        "name": "سباق الخيل قصر السعيد (ذهاب)",
        "name:ar": "سباق الخيل قصر السعيد ذهاب",
        "name:fr": "CHAMP DE COURSE KSAR SAID (Aller)",
        "public_transport": "stop_position"
      },
      "geometry": {
        "type": "Point",
        "coordinates": [
          10.1127772,
          36.8132353
        ]
      },
      "id": "node/10295305706"
    },
    {
      "type": "Feature",
      "properties": {
        "@id": "node/10295305707",
        "bus": "yes",
        "highway": "bus_stop",
        "name": "بورطال (ذهاب)",
        "name:ar": "بورطال ذهاب",
        "name:fr": "BOURTAL (Aller)",
        "public_transport": "stop_position"
      },
      "geometry": {
        "type": "Point",
        "coordinates": [
          10.1174078,
          36.8120871
        ]
      },
      "id": "node/10295305707"
    },
    {
      "type": "Feature",
      "properties": {
        "@id": "node/11346672008",
        "name": "El Bortal",
        "public_transport": "stop_position",
        "train": "yes"
      },
      "geometry": {
        "type": "Point",
        "coordinates": [
          10.1159858,
          36.8119119
        ]
      },
      "id": "node/11346672008"
    },
    {
      "type": "Feature",
      "properties": {
        "@id": "node/10295304276",
        "bus": "yes",
        "highway": "bus_stop",
        "name": "نهج حسن النوري",
        "name:ar": "نهج حسن النوري",
        "name:fr": "RUE HASEN ENNOURI",
        "public_transport": "stop_position"
      },
      "geometry": {
        "type": "Point",
        "coordinates": [
          10.1171799,
          36.8203176
        ]
      },
      "id": "node/10295304276"
    },
    {
      "type": "Feature",
      "properties": {
        "@id": "node/10295304572",
        "bus": "yes",
        "highway": "bus_stop",
        "name": "برطال 3أ",
        "name:ar": "برطال 3أ",
        "name:fr": "BORTAL 3A",
        "public_transport": "stop_position"
      },
      "geometry": {
        "type": "Point",
        "coordinates": [
          10.117555,
          36.816722
        ]
      },
      "id": "node/10295304572"
    },
    {
      "type": "Feature",
      "properties": {
        "@id": "node/10295304416",
        "bus": "yes",
        "highway": "bus_stop",
        "name": "نهاية خط 15 أ",
        "name:ar": "نهاية خط 15 أ",
        "name:fr": "Terminus L 15 A",
        "public_transport": "stop_position"
      },
      "geometry": {
        "type": "Point",
        "coordinates": [
          10.1208968,
          36.7883379
        ]
      },
      "id": "node/10295304416"
    },
    {
      "type": "Feature",
      "properties": {
        "@id": "node/10295305597",
        "bus": "yes",
        "highway": "bus_stop",
        "name": "عمارات الحرايرية (إياب)",
        "name:ar": "عمارات الحرايرية (إياب)",
        "name:fr": "IMMEUBLES HRAIRIA (Retour)",
        "public_transport": "stop_position"
      },
      "geometry": {
        "type": "Point",
        "coordinates": [
          10.1243195,
          36.7873465
        ]
      },
      "id": "node/10295305597"
    },
    {
      "type": "Feature",
      "properties": {
        "@id": "node/10295305599",
        "bus": "yes",
        "highway": "bus_stop",
        "name": "عمارات الحرايرية (ذهاب)",
        "name:ar": "عمارات الحرايرية (ذهاب)",
        "name:fr": "IMMEUBLES HRAIRIA (Aller)",
        "public_transport": "stop_position"
      },
      "geometry": {
        "type": "Point",
        "coordinates": [
          10.1238794,
          36.7870148
        ]
      },
      "id": "node/10295305599"
    },
    {
      "type": "Feature",
      "properties": {
        "@id": "node/10761009587",
        "name": "الزهور 2",
        "name:ar": "الزهور 2",
        "name:en": "Ezzouhour 2",
        "name:fr": "Ezzouhour 2",
        "network": "RFR",
        "operator": "SNCFT",
        "public_transport": "stop_position",
        "railway": "station",
        "train": "yes"
      },
      "geometry": {
        "type": "Point",
        "coordinates": [
          10.1277122,
          36.7876963
        ]
      },
      "id": "node/10761009587"
    },
    {
      "type": "Feature",
      "properties": {
        "@id": "node/10761009588",
        "name": "الزهور 2",
        "name:ar": "الزهور 2",
        "name:en": "Ezzouhour 2",
        "name:fr": "Ezzouhour 2",
        "network": "RFR",
        "operator": "SNCFT",
        "public_transport": "stop_position",
        "train": "yes"
      },
      "geometry": {
        "type": "Point",
        "coordinates": [
          10.1276924,
          36.7877252
        ]
      },
      "id": "node/10761009588"
    },
    {
      "type": "Feature",
      "properties": {
        "@id": "node/10767225192",
        "name": "الزهور 2",
        "name:ar": "الزهور 2",
        "name:en": "Ezzouhour 2",
        "name:fr": "Ezzouhour 2",
        "network": "RFR",
        "operator": "SNCFT",
        "public_transport": "station",
        "railway": "station",
        "train": "yes"
      },
      "geometry": {
        "type": "Point",
        "coordinates": [
          10.1277088,
          36.7877125
        ]
      },
      "id": "node/10767225192"
    },
    {
      "type": "Feature",
      "properties": {
        "@id": "node/10295304414",
        "bus": "yes",
        "highway": "bus_stop",
        "name": "مقهى رابعة (إياب)",
        "name:ar": "مقهى رابعة إياب",
        "name:fr": "CAFE RABAA (Retour)",
        "public_transport": "stop_position"
      },
      "geometry": {
        "type": "Point",
        "coordinates": [
          10.1207966,
          36.7908687
        ]
      },
      "id": "node/10295304414"
    },
    {
      "type": "Feature",
      "properties": {
        "@id": "node/10295304415",
        "bus": "yes",
        "highway": "bus_stop",
        "name": "مقهى رابعة (ذهاب)",
        "name:ar": "مقهى رابعة ذهاب",
        "name:fr": "CAFE RABAA (Aller)",
        "public_transport": "stop_position"
      },
      "geometry": {
        "type": "Point",
        "coordinates": [
          10.1207309,
          36.7907879
        ]
      },
      "id": "node/10295304415"
    },
    {
      "type": "Feature",
      "properties": {
        "@id": "node/10295304489",
        "bus": "yes",
        "highway": "bus_stop",
        "name": "حي الزهور الرابع اياب",
        "name:ar": "حي الزهور الرابع اياب",
        "name:fr": "EZZOUHOUR 4 (Retour)",
        "public_transport": "stop_position"
      },
      "geometry": {
        "type": "Point",
        "coordinates": [
          10.1204546,
          36.7908353
        ]
      },
      "id": "node/10295304489"
    },
    {
      "type": "Feature",
      "properties": {
        "@id": "node/10295305400",
        "bus": "yes",
        "highway": "bus_stop",
        "name": "حي الزهور الرابع (ذهاب)",
        "name:ar": "حي الزهور الرابع (ذهاب)",
        "name:fr": "EZZOUHOUR 4 (Aller)",
        "public_transport": "stop_position"
      },
      "geometry": {
        "type": "Point",
        "coordinates": [
          10.1201905,
          36.7908249
        ]
      },
      "id": "node/10295305400"
    },
    {
      "type": "Feature",
      "properties": {
        "@id": "node/10295304413",
        "bus": "yes",
        "highway": "bus_stop",
        "name": "نهاية خط 15 ب",
        "name:ar": "نهاية خط 15 ب",
        "name:fr": "Terminus 15 B",
        "public_transport": "stop_position"
      },
      "geometry": {
        "type": "Point",
        "coordinates": [
          10.1268462,
          36.7939276
        ]
      },
      "id": "node/10295304413"
    },
    {
      "type": "Feature",
      "properties": {
        "@id": "node/10295304425",
        "bus": "yes",
        "highway": "bus_stop",
        "name": "سوق الزهور 2 (إياب)",
        "name:ar": "سوق الزهور 2 (إياب)",
        "name:fr": "SOUK EZZOUHOUR 2 (Retour)",
        "public_transport": "stop_position"
      },
      "geometry": {
        "type": "Point",
        "coordinates": [
          10.1308531,
          36.7942399
        ]
      },
      "id": "node/10295304425"
    },
    {
      "type": "Feature",
      "properties": {
        "@id": "node/10295304426",
        "bus": "yes",
        "highway": "bus_stop",
        "name": "سوق الزهور 2 (ذهاب)",
        "name:ar": "سوق الزهور 2 (ذهاب)",
        "name:fr": "SOUK EZZOUHOUR 2 (Aller)",
        "public_transport": "stop_position"
      },
      "geometry": {
        "type": "Point",
        "coordinates": [
          10.1308991,
          36.7944931
        ]
      },
      "id": "node/10295304426"
    },
    {
      "type": "Feature",
      "properties": {
        "@id": "node/10295305441",
        "bus": "yes",
        "highway": "bus_stop",
        "name": "ثكنة الزهور (إياب)",
        "name:ar": "ثكنة الزهور إياب",
        "name:fr": "CASERNE EZZOUHOUR (Retour)",
        "public_transport": "stop_position"
      },
      "geometry": {
        "type": "Point",
        "coordinates": [
          10.1276027,
          36.7928886
        ]
      },
      "id": "node/10295305441"
    },
    {
      "type": "Feature",
      "properties": {
        "@id": "node/10295305442",
        "bus": "yes",
        "highway": "bus_stop",
        "name": "ثكنة حي الزهور (ذهاب)",
        "name:ar": "ثكنة حي الزهور (ذهاب)",
        "name:fr": "CASERNE EZZOUHOUR (Aller)",
        "public_transport": "stop_position"
      },
      "geometry": {
        "type": "Point",
        "coordinates": [
          10.1275034,
          36.7929466
        ]
      },
      "id": "node/10295305442"
    },
    {
      "type": "Feature",
      "properties": {
        "@id": "node/10295305602",
        "bus": "yes",
        "highway": "bus_stop",
        "name": "مدرسة الزهور4 (إياب)",
        "name:ar": "مدرسة الزهور4 (إياب)",
        "name:fr": "ECOLE ZOUHOUR4 (Retour)",
        "public_transport": "stop_position"
      },
      "geometry": {
        "type": "Point",
        "coordinates": [
          10.1273826,
          36.7909852
        ]
      },
      "id": "node/10295305602"
    },
    {
      "type": "Feature",
      "properties": {
        "@id": "node/10295305605",
        "bus": "yes",
        "highway": "bus_stop",
        "name": "مدرسة الزهور4 (ذهاب)",
        "name:ar": "مدرسة الزهور4 (ذهاب)",
        "name:fr": "ECOLE ZOUHOUR4 (Aller)",
        "public_transport": "stop_position"
      },
      "geometry": {
        "type": "Point",
        "coordinates": [
          10.1272053,
          36.7910359
        ]
      },
      "id": "node/10295305605"
    },
    {
      "type": "Feature",
      "properties": {
        "@id": "node/10295305610",
        "bus": "yes",
        "highway": "bus_stop",
        "name": "ميزناط (إياب)",
        "name:ar": "ميزناط (إياب)",
        "name:fr": "MIZANETTA (Retour)",
        "public_transport": "stop_position"
      },
      "geometry": {
        "type": "Point",
        "coordinates": [
          10.130588,
          36.7937715
        ]
      },
      "id": "node/10295305610"
    },
    {
      "type": "Feature",
      "properties": {
        "@id": "node/10295305613",
        "bus": "yes",
        "highway": "bus_stop",
        "name": "ميزناط (ذهاب)",
        "name:ar": "ميزناط (ذهاب)",
        "name:fr": "MIZANETTA (Aller)",
        "public_transport": "stop_position"
      },
      "geometry": {
        "type": "Point",
        "coordinates": [
          10.1316662,
          36.7943601
        ]
      },
      "id": "node/10295305613"
    },
    {
      "type": "Feature",
      "properties": {
        "@id": "node/10767225176",
        "name": "الطيران-الزهور 1",
        "name:ar": "الطيران-الزهور 1",
        "name:en": "Ettayaran-Ezzouhour 1",
        "name:fr": "Ettayaran-Ezzouhour 1",
        "network": "RFR",
        "operator": "SNCFT",
        "public_transport": "stop_position",
        "train": "yes"
      },
      "geometry": {
        "type": "Point",
        "coordinates": [
          10.1389244,
          36.7920941
        ]
      },
      "id": "node/10767225176"
    },
    {
      "type": "Feature",
      "properties": {
        "@id": "node/10767225177",
        "name": "الطيران-الزهور 1",
        "name:ar": "الطيران-الزهور 1",
        "name:en": "Ettayaran-Ezzouhour 1",
        "name:fr": "Ettayaran-Ezzouhour 1",
        "network": "RFR",
        "operator": "SNCFT",
        "public_transport": "stop_position",
        "train": "yes"
      },
      "geometry": {
        "type": "Point",
        "coordinates": [
          10.1389116,
          36.7921252
        ]
      },
      "id": "node/10767225177"
    },
    {
      "type": "Feature",
      "properties": {
        "@id": "node/10767225183",
        "name": "الطيران-الزهور 1",
        "name:ar": "الطيران-الزهور 1",
        "name:en": "Ettayaran-Ezzouhour 1",
        "name:fr": "Ettayaran-Ezzouhour 1",
        "network": "RFR",
        "operator": "SNCFT",
        "public_transport": "station",
        "railway": "station",
        "train": "yes"
      },
      "geometry": {
        "type": "Point",
        "coordinates": [
          10.1389191,
          36.7921105
        ]
      },
      "id": "node/10767225183"
    },
    {
      "type": "Feature",
      "properties": {
        "@id": "node/10295304400",
        "bus": "yes",
        "highway": "bus_stop",
        "name": "حي هلال",
        "name:ar": "حي هلال",
        "name:fr": "Hay Hlel",
        "public_transport": "platform"
      },
      "geometry": {
        "type": "Point",
        "coordinates": [
          10.1675393,
          36.7813515
        ]
      },
      "id": "node/10295304400"
    },
    {
      "type": "Feature",
      "properties": {
        "@id": "node/10295304401",
        "bus": "yes",
        "highway": "bus_stop",
        "name": "بريد حي هلال",
        "name:ar": "بريد حي هلال",
        "name:fr": "CITÉ HELLAL PTT",
        "public_transport": "platform"
      },
      "geometry": {
        "type": "Point",
        "coordinates": [
          10.1692477,
          36.7785906
        ]
      },
      "id": "node/10295304401"
    },
    {
      "type": "Feature",
      "properties": {
        "@id": "node/10295304402",
        "bus": "yes",
        "highway": "bus_stop",
        "name": "حي الشهداء 69",
        "name:ar": "حي الشهداء 69",
        "name:fr": "Cité des Martyrs 69",
        "public_transport": "platform"
      },
      "geometry": {
        "type": "Point",
        "coordinates": [
          10.1706222,
          36.7767173
        ]
      },
      "id": "node/10295304402"
    },
    {
      "type": "Feature",
      "properties": {
        "@id": "node/10767225169",
        "name": "النجاح",
        "name:ar": "النجاح",
        "name:en": "Ennajah",
        "name:fr": "Ennajah",
        "network": "RFR",
        "operator": "SNCFT",
        "public_transport": "stop_position",
        "train": "yes"
      },
      "geometry": {
        "type": "Point",
        "coordinates": [
          10.1547429,
          36.7932246
        ]
      },
      "id": "node/10767225169"
    },
    {
      "type": "Feature",
      "properties": {
        "@id": "node/10767225170",
        "name": "النجاح",
        "name:ar": "النجاح",
        "name:en": "Ennajah",
        "name:fr": "Ennajah",
        "network": "RFR",
        "operator": "SNCFT",
        "public_transport": "stop_position",
        "train": "yes"
      },
      "geometry": {
        "type": "Point",
        "coordinates": [
          10.1547227,
          36.7931985
        ]
      },
      "id": "node/10767225170"
    },
    {
      "type": "Feature",
      "properties": {
        "@id": "node/10767225171",
        "name": "النجاح",
        "name:ar": "النجاح",
        "name:en": "Ennajah",
        "name:fr": "Ennajah",
        "network": "RFR",
        "operator": "SNCFT",
        "public_transport": "station",
        "railway": "station",
        "train": "yes"
      },
      "geometry": {
        "type": "Point",
        "coordinates": [
          10.1547337,
          36.7932111
        ]
      },
      "id": "node/10767225171"
    },
    {
      "type": "Feature",
      "properties": {
        "@id": "node/10295304398",
        "bus": "yes",
        "highway": "bus_stop",
        "name": "التنظيم العائلي حي هلال",
        "name:ar": "التنظيم العائلي حي هلال",
        "name:fr": "Planning familial Hay Hlel",
        "public_transport": "platform"
      },
      "geometry": {
        "type": "Point",
        "coordinates": [
          10.1648552,
          36.7870024
        ]
      },
      "id": "node/10295304398"
    },
    {
      "type": "Feature",
      "properties": {
        "@id": "node/10295304399",
        "bus": "yes",
        "highway": "bus_stop",
        "name": "سوق حي هلال",
        "name:ar": "سوق حي هلال",
        "name:fr": "MARCHÉ HAY HLEL",
        "public_transport": "platform"
      },
      "geometry": {
        "type": "Point",
        "coordinates": [
          10.1665074,
          36.7836685
        ]
      },
      "id": "node/10295304399"
    },
    {
      "type": "Feature",
      "properties": {
        "@id": "node/10295304521",
        "bus": "yes",
        "highway": "bus_stop",
        "name": "قرجاني (إياب)",
        "name:ar": "قرجاني (إياب)",
        "name:fr": "GORJANI (Retour)",
        "public_transport": "platform"
      },
      "geometry": {
        "type": "Point",
        "coordinates": [
          10.1671166,
          36.7880109
        ]
      },
      "id": "node/10295304521"
    },
    {
      "type": "Feature",
      "properties": {
        "@id": "node/10295304804",
        "bus": "yes",
        "highway": "bus_stop",
        "name": "السيدة (إياب)",
        "name:ar": "السيدة (إياب)",
        "name:fr": "ESSAYDA (Retour)",
        "public_transport": "stop_position"
      },
      "geometry": {
        "type": "Point",
        "coordinates": [
          10.1707433,
          36.7854736
        ]
      },
      "id": "node/10295304804"
    },
    {
      "type": "Feature",
      "properties": {
        "@id": "node/10295304805",
        "bus": "yes",
        "highway": "bus_stop",
        "name": "محطة السيدة (ذهاب)",
        "name:ar": "محطة السيدة (ذهاب)",
        "name:fr": "ARRET ESSAYDA (Aller)",
        "public_transport": "stop_position"
      },
      "geometry": {
        "type": "Point",
        "coordinates": [
          10.1711724,
          36.7852839
        ]
      },
      "id": "node/10295304805"
    },
    {
      "type": "Feature",
      "properties": {
        "@id": "node/10295304806",
        "bus": "yes",
        "highway": "bus_stop",
        "name": "قرجاني (ذهاب)",
        "name:ar": "قرجاني (ذهاب)",
        "name:fr": "GORJANI (Aller)",
        "public_transport": "stop_position"
      },
      "geometry": {
        "type": "Point",
        "coordinates": [
          10.1675136,
          36.7879938
        ]
      },
      "id": "node/10295304806"
    },
    {
      "type": "Feature",
      "properties": {
        "@id": "node/10767225143",
        "name": "السيدة المنوبية",
        "name:ar": "السيدة المنوبية",
        "name:en": "Saida Mannoubia",
        "name:fr": "Saïda Mannoubia",
        "network": "RFR",
        "operator": "SNCFT",
        "public_transport": "stop_position",
        "train": "yes"
      },
      "geometry": {
        "type": "Point",
        "coordinates": [
          10.1654709,
          36.7870718
        ]
      },
      "id": "node/10767225143"
    },
    {
      "type": "Feature",
      "properties": {
        "@id": "node/10295304397",
        "bus": "yes",
        "highway": "bus_stop",
        "name": "حي هلال (نهاية خط 69)",
        "name:ar": "حي هلال (نهاية خط 69)",
        "name:fr": "CITÉ HELLAL (TERMINUS 69)",
        "public_transport": "stop_position"
      },
      "geometry": {
        "type": "Point",
        "coordinates": [
          10.1622607,
          36.7905712
        ]
      },
      "id": "node/10295304397"
    },
    {
      "type": "Feature",
      "properties": {
        "@id": "node/10295304494",
        "bus": "yes",
        "highway": "bus_stop",
        "name": "جامع الهواء (ذهاب)",
        "name:ar": "جامع الهواء (ذهاب)",
        "name:fr": "MOSQUÉE AL HAWA (Aller)",
        "public_transport": "stop_position"
      },
      "geometry": {
        "type": "Point",
        "coordinates": [
          10.1631446,
          36.7932602
        ]
      },
      "id": "node/10295304494"
    },
    {
      "type": "Feature",
      "properties": {
        "@id": "node/10295304495",
        "bus": "yes",
        "highway": "bus_stop",
        "name": "جامع الهواء (إياب)",
        "name:ar": "جامع الهواء (إياب)",
        "name:fr": "MOSQUÉE AL HAWA (Retour)",
        "public_transport": "stop_position"
      },
      "geometry": {
        "type": "Point",
        "coordinates": [
          10.1629207,
          36.7931059
        ]
      },
      "id": "node/10295304495"
    },
    {
      "type": "Feature",
      "properties": {
        "@id": "node/10295304802",
        "bus": "yes",
        "highway": "bus_stop",
        "name": "كلية 9 أفريل (ذهاب)",
        "name:ar": "كلية 9 أفريل (ذهاب)",
        "name:fr": "FACULTE 9 AVRIL (Aller)",
        "public_transport": "stop_position"
      },
      "geometry": {
        "type": "Point",
        "coordinates": [
          10.1633135,
          36.795139
        ]
      },
      "id": "node/10295304802"
    },
    {
      "type": "Feature",
      "properties": {
        "@id": "node/10295305235",
        "bus": "yes",
        "highway": "bus_stop",
        "name": "باب منارة (ذهاب)",
        "name:ar": "باب منارة (ذهاب)",
        "name:fr": "BAB MNARA (Aller)",
        "public_transport": "stop_position"
      },
      "geometry": {
        "type": "Point",
        "coordinates": [
          10.1700674,
          36.7932496
        ]
      },
      "id": "node/10295305235"
    },
    {
      "type": "Feature",
      "properties": {
        "@id": "node/10295304427",
        "bus": "yes",
        "highway": "bus_stop",
        "name": "صابرا و شتيلا (إياب)",
        "name:ar": "صابرا و شتيلا (إياب)",
        "name:fr": "SABRA & CHATILA (Retour)",
        "public_transport": "stop_position"
      },
      "geometry": {
        "type": "Point",
        "coordinates": [
          10.1308455,
          36.7986641
        ]
      },
      "id": "node/10295304427"
    },
    {
      "type": "Feature",
      "properties": {
        "@id": "node/10295304428",
        "bus": "yes",
        "highway": "bus_stop",
        "name": "صابرا و شتيلا (ذهاب)",
        "name:ar": "صابرا و شتيلا (ذهاب)",
        "name:fr": "SABRA & CHATILA (Aller)",
        "public_transport": "stop_position"
      },
      "geometry": {
        "type": "Point",
        "coordinates": [
          10.1309368,
          36.7987274
        ]
      },
      "id": "node/10295304428"
    },
    {
      "type": "Feature",
      "properties": {
        "@id": "node/10295304429",
        "bus": "yes",
        "highway": "bus_stop",
        "name": "السعيدية (إياب)",
        "name:ar": "السعيدية (إياب)",
        "name:fr": "SAIDIA (Retour)",
        "public_transport": "stop_position"
      },
      "geometry": {
        "type": "Point",
        "coordinates": [
          10.1317843,
          36.8008119
        ]
      },
      "id": "node/10295304429"
    },
    {
      "type": "Feature",
      "properties": {
        "@id": "node/10295304430",
        "bus": "yes",
        "highway": "bus_stop",
        "name": "السعيدية (ذهاب)",
        "name:ar": "السعيدية (ذهاب)",
        "name:fr": "SAIDIA (Aller)",
        "public_transport": "stop_position"
      },
      "geometry": {
        "type": "Point",
        "coordinates": [
          10.1315607,
          36.800741
        ]
      },
      "id": "node/10295304430"
    },
    {
      "type": "Feature",
      "properties": {
        "@id": "node/5807318010",
        "light_rail": "yes",
        "name": "خزندار",
        "name:ar": "خزندار",
        "name:fr": "Khasnadar",
        "public_transport": "station",
        "railway": "station"
      },
      "geometry": {
        "type": "Point",
        "coordinates": [
          10.1217355,
          36.8041832
        ]
      },
      "id": "node/5807318010"
    },
    {
      "type": "Feature",
      "properties": {
        "@id": "node/5807318012",
        "light_rail": "yes",
        "name": "خزندار",
        "name:ar": "خزندار",
        "name:fr": "Khasnadar",
        "public_transport": "stop_position"
      },
      "geometry": {
        "type": "Point",
        "coordinates": [
          10.1217261,
          36.8041993
        ]
      },
      "id": "node/5807318012"
    },
    {
      "type": "Feature",
      "properties": {
        "@id": "node/10295305222",
        "bus": "yes",
        "highway": "bus_stop",
        "name": "خزندار (إياب)",
        "name:ar": "خزندار (إياب)",
        "name:fr": "KHAZNADAR (Retour)",
        "public_transport": "stop_position"
      },
      "geometry": {
        "type": "Point",
        "coordinates": [
          10.122667,
          36.804378
        ]
      },
      "id": "node/10295305222"
    },
    {
      "type": "Feature",
      "properties": {
        "@id": "node/10295305223",
        "bus": "yes",
        "highway": "bus_stop",
        "name": "خزندار (ذهاب)",
        "name:ar": "خزندار (ذهاب)",
        "name:fr": "KHAZNADAR (Aller)",
        "public_transport": "stop_position"
      },
      "geometry": {
        "type": "Point",
        "coordinates": [
          10.1209185,
          36.8039665
        ]
      },
      "id": "node/10295305223"
    },
    {
      "type": "Feature",
      "properties": {
        "@id": "node/10295305225",
        "bus": "yes",
        "highway": "bus_stop",
        "name": "معهد خزندار",
        "name:ar": "معهد خزندار",
        "name:fr": "LYCEE KHAZNADAR",
        "public_transport": "stop_position"
      },
      "geometry": {
        "type": "Point",
        "coordinates": [
          10.1243088,
          36.8049673
        ]
      },
      "id": "node/10295305225"
    },
    {
      "type": "Feature",
      "properties": {
        "@id": "node/5807318001",
        "light_rail": "yes",
        "name": "السعيدية",
        "name:ar": "السعيدية",
        "name:en": "Essaida",
        "name:fr": "Essaida",
        "network": "المترو الخفيف لمدينة تونس",
        "public_transport": "station",
        "railway": "station"
      },
      "geometry": {
        "type": "Point",
        "coordinates": [
          10.1267056,
          36.8054116
        ]
      },
      "id": "node/5807318001"
    },
    {
      "type": "Feature",
      "properties": {
        "@id": "node/5807318004",
        "light_rail": "yes",
        "name": "السعيدية",
        "name:ar": "السعيدية",
        "name:en": "Essaida",
        "name:fr": "Essaida",
        "network": "المترو الخفيف لمدينة تونس",
        "public_transport": "stop_position"
      },
      "geometry": {
        "type": "Point",
        "coordinates": [
          10.1266982,
          36.8054283
        ]
      },
      "id": "node/5807318004"
    },
    {
      "type": "Feature",
      "properties": {
        "@id": "node/10295305224",
        "bus": "yes",
        "highway": "bus_stop",
        "name": "السعيدية",
        "name:ar": "السعيدية",
        "name:fr": "SAIDIA",
        "public_transport": "stop_position"
      },
      "geometry": {
        "type": "Point",
        "coordinates": [
          10.1258642,
          36.8051168
        ]
      },
      "id": "node/10295305224"
    },
    {
      "type": "Feature",
      "properties": {
        "@id": "node/10295305226",
        "bus": "yes",
        "highway": "bus_stop",
        "name": "معهد الصواب (إياب)",
        "name:ar": "معهد الصواب (إياب)",
        "name:fr": "LYCEE SAOUEB (Retour)",
        "public_transport": "stop_position"
      },
      "geometry": {
        "type": "Point",
        "coordinates": [
          10.1298931,
          36.8059896
        ]
      },
      "id": "node/10295305226"
    },
    {
      "type": "Feature",
      "properties": {
        "@id": "node/10295305227",
        "bus": "yes",
        "highway": "bus_stop",
        "name": "معهد الصواب (ذهاب)",
        "name:ar": "معهد الصواب-ذهاب",
        "name:fr": "LYCEE SAOUEB (Aller)",
        "public_transport": "stop_position"
      },
      "geometry": {
        "type": "Point",
        "coordinates": [
          10.1288632,
          36.8059724
        ]
      },
      "id": "node/10295305227"
    },
    {
      "type": "Feature",
      "properties": {
        "@id": "node/10295305620",
        "bus": "yes",
        "highway": "bus_stop",
        "name": "ديوان الزيت (إياب)",
        "name:ar": "ديوان الزيت (إياب)",
        "name:fr": "OFFICE DE L'HUILE (Retour)",
        "public_transport": "stop_position"
      },
      "geometry": {
        "type": "Point",
        "coordinates": [
          10.1375482,
          36.7955302
        ]
      },
      "id": "node/10295305620"
    },
    {
      "type": "Feature",
      "properties": {
        "@id": "node/10295305621",
        "bus": "yes",
        "highway": "bus_stop",
        "name": "ديوان الزيت (ذهاب)",
        "name:ar": "ديوان الزيت (ذهاب)",
        "name:fr": "OFFICE DE L'HUILE (Aller)",
        "public_transport": "stop_position"
      },
      "geometry": {
        "type": "Point",
        "coordinates": [
          10.1386318,
          36.7960371
        ]
      },
      "id": "node/10295305621"
    },
    {
      "type": "Feature",
      "properties": {
        "@id": "node/10295305623",
        "bus": "yes",
        "highway": "bus_stop",
        "name": "الخروبة (إياب)",
        "name:ar": "الخروبة (إياب)",
        "name:fr": "KHAROUBA (Retour)",
        "public_transport": "stop_position"
      },
      "geometry": {
        "type": "Point",
        "coordinates": [
          10.1445434,
          36.7966084
        ]
      },
      "id": "node/10295305623"
    },
    {
      "type": "Feature",
      "properties": {
        "@id": "node/10295305624",
        "bus": "yes",
        "highway": "bus_stop",
        "name": "الخروبة (ذهاب)",
        "name:ar": "الخروبة (ذهاب)",
        "name:fr": "KHAROUBA (Aller)",
        "public_transport": "stop_position"
      },
      "geometry": {
        "type": "Point",
        "coordinates": [
          10.1437226,
          36.7967029
        ]
      },
      "id": "node/10295305624"
    },
    {
      "type": "Feature",
      "properties": {
        "@id": "node/5807317992",
        "light_rail": "yes",
        "name": "باردو",
        "name:ar": "باردو",
        "name:en": "Le Bardo",
        "name:fr": "Le Bardo",
        "public_transport": "station",
        "railway": "station"
      },
      "geometry": {
        "type": "Point",
        "coordinates": [
          10.1352293,
          36.8072108
        ]
      },
      "id": "node/5807317992"
    },
    {
      "type": "Feature",
      "properties": {
        "@id": "node/5807317993",
        "light_rail": "yes",
        "name": "باردو",
        "name:ar": "باردو",
        "name:en": "Le Bardo",
        "name:fr": "Le Bardo",
        "public_transport": "stop_position"
      },
      "geometry": {
        "type": "Point",
        "coordinates": [
          10.1352341,
          36.8072237
        ]
      },
      "id": "node/5807317993"
    },
    {
      "type": "Feature",
      "properties": {
        "@id": "node/10295304501",
        "bus": "yes",
        "highway": "bus_stop",
        "name": "كنام باردو (إياب)",
        "name:ar": "كنام باردو (إياب)",
        "name:fr": "CNAM-BARDO (Retour)",
        "public_transport": "stop_position"
      },
      "geometry": {
        "type": "Point",
        "coordinates": [
          10.1381595,
          36.8067402
        ]
      },
      "id": "node/10295304501"
    },
    {
      "type": "Feature",
      "properties": {
        "@id": "node/10295304503",
        "bus": "yes",
        "highway": "bus_stop",
        "name": "ملتقى باردو",
        "name:ar": "ملتقى باردو",
        "name:fr": "RELAIS BARDO",
        "public_transport": "stop_position"
      },
      "geometry": {
        "type": "Point",
        "coordinates": [
          10.1342276,
          36.8080339
        ]
      },
      "id": "node/10295304503"
    },
    {
      "type": "Feature",
      "properties": {
        "@id": "node/10295304793",
        "bus": "yes",
        "highway": "bus_stop",
        "name": "كنام باردو (ذهاب)",
        "name:ar": "كنام باردو (ذهاب)",
        "name:fr": "CNAM-BARDO (Aller)",
        "public_transport": "stop_position"
      },
      "geometry": {
        "type": "Point",
        "coordinates": [
          10.1383771,
          36.8068875
        ]
      },
      "id": "node/10295304793"
    },
    {
      "type": "Feature",
      "properties": {
        "@id": "node/10295305228",
        "bus": "yes",
        "highway": "bus_stop",
        "name": "بلدية باردو",
        "name:ar": "بلدية باردو",
        "name:fr": "Municipalité du Bardo",
        "public_transport": "stop_position"
      },
      "geometry": {
        "type": "Point",
        "coordinates": [
          10.1336858,
          36.8071673
        ]
      },
      "id": "node/10295305228"
    },
    {
      "type": "Feature",
      "properties": {
        "@id": "node/11348349762",
        "building": "construction",
        "construction": "train_station",
        "name": "Le Bardo",
        "name:ar": "باردو",
        "name:en": "Le Bardo",
        "name:fr": "Le Bardo",
        "public_transport": "stop_position",
        "train": "yes"
      },
      "geometry": {
        "type": "Point",
        "coordinates": [
          10.1357521,
          36.807206
        ]
      },
      "id": "node/11348349762"
    },
    {
      "type": "Feature",
      "properties": {
        "@id": "node/11348349763",
        "building": "construction",
        "construction": "train_station",
        "name": "Le Bardo",
        "name:en": "Le Bardo",
        "name:fr": "Le Bardo",
        "public_transport": "stop_position",
        "train": "yes"
      },
      "geometry": {
        "type": "Point",
        "coordinates": [
          10.1357648,
          36.8072404
        ]
      },
      "id": "node/11348349763"
    },
    {
      "type": "Feature",
      "properties": {
        "@id": "node/11366077828",
        "building": "construction",
        "construction": "train_station",
        "name": "Le Bardo",
        "name:en": "Le Bardo",
        "name:fr": "Le Bardo",
        "public_transport": "stop_position",
        "train": "yes"
      },
      "geometry": {
        "type": "Point",
        "coordinates": [
          10.1357379,
          36.8071713
        ]
      },
      "id": "node/11366077828"
    },
    {
      "type": "Feature",
      "properties": {
        "@id": "node/5807318671",
        "addr:city": "تونس",
        "addr:city:ar": "تونس",
        "light_rail": "yes",
        "name": "شارع 20 مارس",
        "name:ar": "شارع 20 مارس",
        "name:fr": "Boulevard 20 Mars",
        "public_transport": "station",
        "railway": "station",
        "station": "light_rail"
      },
      "geometry": {
        "type": "Point",
        "coordinates": [
          10.1428837,
          36.8082866
        ]
      },
      "id": "node/5807318671"
    },
    {
      "type": "Feature",
      "properties": {
        "@id": "node/8231372195",
        "fixme": "Cette station existe-elle réellement ou est-elle en construction? Elle n'est pas référencée sur RFR ou SNCFT.",
        "name": "Cité Erraoudha",
        "public_transport": "halt",
        "railway": "halt",
        "stop_id": "199",
        "train": "yes"
      },
      "geometry": {
        "type": "Point",
        "coordinates": [
          10.1392309,
          36.8062583
        ]
      },
      "id": "node/8231372195"
    },
    {
      "type": "Feature",
      "properties": {
        "@id": "node/10295304387",
        "bus": "yes",
        "highway": "bus_stop",
        "name": "مجلس النواب",
        "name:ar": "مجلس النواب",
        "name:fr": "CHAMBRE des DÉPUTÉS",
        "public_transport": "stop_position"
      },
      "geometry": {
        "type": "Point",
        "coordinates": [
          10.1395344,
          36.8077179
        ]
      },
      "id": "node/10295304387"
    },
    {
      "type": "Feature",
      "properties": {
        "@id": "node/10295304794",
        "bus": "yes",
        "highway": "bus_stop",
        "name": "بوشوشة - باردو (إياب)",
        "name:ar": "بوشوشة - باردو (اياب)",
        "name:fr": "BOUCHOUCHA - BARDO (Retour)",
        "public_transport": "stop_position"
      },
      "geometry": {
        "type": "Point",
        "coordinates": [
          10.1405091,
          36.8057735
        ]
      },
      "id": "node/10295304794"
    },
    {
      "type": "Feature",
      "properties": {
        "@id": "node/10295304795",
        "bus": "yes",
        "highway": "bus_stop",
        "name": "بوشوشة - باردو (ذهاب)",
        "name:ar": "بوشوشة - باردو (ذهاب)",
        "name:fr": "BOUCHOUCHA - BARDO (Aller)",
        "public_transport": "stop_position"
      },
      "geometry": {
        "type": "Point",
        "coordinates": [
          10.1407589,
          36.8058803
        ]
      },
      "id": "node/10295304795"
    },
    {
      "type": "Feature",
      "properties": {
        "@id": "node/10295304796",
        "bus": "yes",
        "highway": "bus_stop",
        "name": "ثكنة بوشوشة (إياب)",
        "name:ar": "ثكنة بوشوشة إياب",
        "name:fr": "CASERNE BOUCHOUCHA (Retour)",
        "public_transport": "stop_position"
      },
      "geometry": {
        "type": "Point",
        "coordinates": [
          10.1447657,
          36.803981
        ]
      },
      "id": "node/10295304796"
    },
    {
      "type": "Feature",
      "properties": {
        "@id": "node/10295305229",
        "bus": "yes",
        "highway": "bus_stop",
        "name": "باردو (إياب)",
        "name:ar": "باردو (اياب)",
        "name:fr": "BARDO (Retour)",
        "public_transport": "stop_position"
      },
      "geometry": {
        "type": "Point",
        "coordinates": [
          10.1389805,
          36.8076002
        ]
      },
      "id": "node/10295305229"
    },
    {
      "type": "Feature",
      "properties": {
        "@id": "node/10295305230",
        "bus": "yes",
        "highway": "bus_stop",
        "name": "20 مارس (إياب)",
        "name:ar": "20 مارس (إياب)",
        "name:fr": "20 MARS (Retour)",
        "public_transport": "stop_position"
      },
      "geometry": {
        "type": "Point",
        "coordinates": [
          10.1416949,
          36.8080254
        ]
      },
      "id": "node/10295305230"
    },
    {
      "type": "Feature",
      "properties": {
        "@id": "node/10295305710",
        "bus": "yes",
        "highway": "bus_stop",
        "name": "20 مارس",
        "name:ar": "20 مارس",
        "name:fr": "20 MARS (Aller)",
        "public_transport": "stop_position"
      },
      "geometry": {
        "type": "Point",
        "coordinates": [
          10.141421,
          36.8082515
        ]
      },
      "id": "node/10295305710"
    },
    {
      "type": "Feature",
      "properties": {
        "@id": "node/10295305722",
        "bus": "yes",
        "highway": "bus_stop",
        "name": "باردو (ذهاب)",
        "name:ar": "باردو (ذهاب)",
        "name:fr": "BARDO (Aller)",
        "public_transport": "stop_position"
      },
      "geometry": {
        "type": "Point",
        "coordinates": [
          10.1387231,
          36.8077723
        ]
      },
      "id": "node/10295305722"
    },
    {
      "type": "Feature",
      "properties": {
        "@id": "node/10295304505",
        "bus": "yes",
        "highway": "bus_stop",
        "name": "الشابي (إياب)",
        "name:ar": "الشابي إياب",
        "name:fr": "CHEBBI (Retour)",
        "public_transport": "stop_position"
      },
      "geometry": {
        "type": "Point",
        "coordinates": [
          10.1311002,
          36.8093952
        ]
      },
      "id": "node/10295304505"
    },
    {
      "type": "Feature",
      "properties": {
        "@id": "node/10295304792",
        "bus": "yes",
        "highway": "bus_stop",
        "name": "سان كليمان (ذهاب)",
        "name:ar": "سان كليمان (ذهاب)",
        "name:fr": "SAINT CLEMENT (Aller)",
        "public_transport": "stop_position"
      },
      "geometry": {
        "type": "Point",
        "coordinates": [
          10.126229,
          36.8104848
        ]
      },
      "id": "node/10295304792"
    },
    {
      "type": "Feature",
      "properties": {
        "@id": "node/10295305708",
        "bus": "yes",
        "highway": "bus_stop",
        "name": "الشابي (ذهاب)",
        "name:ar": "الشابي ذهاب",
        "name:fr": "CHEBBI (Aller)",
        "public_transport": "stop_position"
      },
      "geometry": {
        "type": "Point",
        "coordinates": [
          10.1313362,
          36.8096013
        ]
      },
      "id": "node/10295305708"
    },
    {
      "type": "Feature",
      "properties": {
        "@id": "node/13935551580",
        "bus": "yes",
        "highway": "bus_stop",
        "name": "سان كليمان (إياب)",
        "name:ar": "سان كليمان (إياب)",
        "name:fr": "SAINT CLEMENT (Retour)",
        "public_transport": "stop_position"
      },
      "geometry": {
        "type": "Point",
        "coordinates": [
          10.126218,
          36.8102238
        ]
      },
      "id": "node/13935551580"
    },
    {
      "type": "Feature",
      "properties": {
        "@id": "node/10295305714",
        "bus": "yes",
        "highway": "bus_stop",
        "name": "2 حي قصر سعيد",
        "name:ar": "2 حي قصر سعيد",
        "name:fr": "CITE KSAR SAID 2",
        "public_transport": "stop_position"
      },
      "geometry": {
        "type": "Point",
        "coordinates": [
          10.1245316,
          36.8197351
        ]
      },
      "id": "node/10295305714"
    },
    {
      "type": "Feature",
      "properties": {
        "@id": "node/10295305716",
        "bus": "yes",
        "highway": "bus_stop",
        "name": "حي التحرير عوينة",
        "name:ar": "حي التحرير عوينة",
        "name:fr": "CITE ETAHRIR AOUINA",
        "public_transport": "stop_position"
      },
      "geometry": {
        "type": "Point",
        "coordinates": [
          10.1248427,
          36.8190952
        ]
      },
      "id": "node/10295305716"
    },
    {
      "type": "Feature",
      "properties": {
        "@id": "node/10295304330",
        "bus": "yes",
        "highway": "bus_stop",
        "name": "محطة القمودي ( الطريق اكس)",
        "name:ar": "محطة القمودي ( الطريق اكس)",
        "name:fr": "Arrêt GAMOUDI ROUTE X",
        "public_transport": "stop_position"
      },
      "geometry": {
        "type": "Point",
        "coordinates": [
          10.1301087,
          36.8190404
        ]
      },
      "id": "node/10295304330"
    },
    {
      "type": "Feature",
      "properties": {
        "@id": "node/10295305717",
        "bus": "yes",
        "highway": "bus_stop",
        "name": "محطة الملعب التونسي",
        "name:ar": "محطة الملعب التونسي",
        "name:fr": "PARC STADE TUNISIEN",
        "public_transport": "stop_position"
      },
      "geometry": {
        "type": "Point",
        "coordinates": [
          10.1273448,
          36.8152778
        ]
      },
      "id": "node/10295305717"
    },
    {
      "type": "Feature",
      "properties": {
        "@id": "node/10295304465",
        "bus": "yes",
        "highway": "bus_stop",
        "name": "توتا باردو",
        "name:ar": "توتا باردو",
        "name:fr": "TOUTA BARDO",
        "public_transport": "stop_position"
      },
      "geometry": {
        "type": "Point",
        "coordinates": [
          10.1379771,
          36.8088443
        ]
      },
      "id": "node/10295304465"
    },
    {
      "type": "Feature",
      "properties": {
        "@id": "node/10295305719",
        "bus": "yes",
        "highway": "bus_stop",
        "name": "فطومة بورقيبة",
        "name:ar": "فطومة بورقيبة",
        "name:fr": "FATOUMA BOURGUIBA",
        "public_transport": "stop_position"
      },
      "geometry": {
        "type": "Point",
        "coordinates": [
          10.1327256,
          36.8117874
        ]
      },
      "id": "node/10295305719"
    },
    {
      "type": "Feature",
      "properties": {
        "@id": "node/10295305720",
        "bus": "yes",
        "highway": "bus_stop",
        "name": "باردو",
        "name:ar": "باردو",
        "name:fr": "BARDO",
        "public_transport": "stop_position"
      },
      "geometry": {
        "type": "Point",
        "coordinates": [
          10.1327588,
          36.8094384
        ]
      },
      "id": "node/10295305720"
    },
    {
      "type": "Feature",
      "properties": {
        "@id": "node/10295304466",
        "bus": "yes",
        "highway": "bus_stop",
        "name": "مقهى الحاج (إياب)",
        "name:ar": "مقهى الحاج إياب",
        "name:fr": "CAFÉ EL HAJ (Retour)",
        "public_transport": "stop_position"
      },
      "geometry": {
        "type": "Point",
        "coordinates": [
          10.1400783,
          36.8125757
        ]
      },
      "id": "node/10295304466"
    },
    {
      "type": "Feature",
      "properties": {
        "@id": "node/10295304476",
        "bus": "yes",
        "highway": "bus_stop",
        "name": "مركز التكوين المهني رأس الطابية (ذهاب)",
        "name:ar": "مركز التكوين المهني رأس الطابية (ذهاب)",
        "name:fr": "CENTER DE FORMATION RAS ETTABIA (Aller)",
        "public_transport": "stop_position"
      },
      "geometry": {
        "type": "Point",
        "coordinates": [
          10.1397905,
          36.8200244
        ]
      },
      "id": "node/10295304476"
    },
    {
      "type": "Feature",
      "properties": {
        "@id": "node/10295304744",
        "bus": "yes",
        "highway": "bus_stop",
        "name": "المبيت الجامعي باردو 2 (ذهاب)",
        "name:ar": "المبيت الجامعي باردو 2 (ذهاب)",
        "name:fr": "FOYER BARDO 2 (Aller)",
        "public_transport": "stop_position"
      },
      "geometry": {
        "type": "Point",
        "coordinates": [
          10.1414,
          36.81864
        ]
      },
      "id": "node/10295304744"
    },
    {
      "type": "Feature",
      "properties": {
        "@id": "node/10295304745",
        "bus": "yes",
        "highway": "bus_stop",
        "name": "المبيت الجامعي باردو 2 (إياب);المبت الجامعي باردو 2 إياب",
        "name:ar": "المبيت الجامعي باردو 2 (إياب);المبت الجامعي باردو 2 إياب",
        "name:fr": "FOYER BARDO 2 (Retour)",
        "public_transport": "stop_position"
      },
      "geometry": {
        "type": "Point",
        "coordinates": [
          10.1414588,
          36.8183238
        ]
      },
      "id": "node/10295304745"
    },
    {
      "type": "Feature",
      "properties": {
        "@id": "node/10295305625",
        "bus": "yes",
        "highway": "bus_stop",
        "name": "مركز التكوين المهني الزهور (إياب)",
        "name:ar": "مركز التكوين المهني الزهور-اياب",
        "name:fr": "CENTRE FORMATION ZOUHOUR (Retour)",
        "public_transport": "stop_position"
      },
      "geometry": {
        "type": "Point",
        "coordinates": [
          10.1462278,
          36.7969607
        ]
      },
      "id": "node/10295305625"
    },
    {
      "type": "Feature",
      "properties": {
        "@id": "node/10295305626",
        "bus": "yes",
        "highway": "bus_stop",
        "name": "مركز التكوين المهني الزهور (ذهاب)",
        "name:ar": "مركز التكوين المهني الزهور-ذهاب",
        "name:fr": "CENTRE FORMATION ZOUHOUR (Aller)",
        "public_transport": "stop_position"
      },
      "geometry": {
        "type": "Point",
        "coordinates": [
          10.146185,
          36.7972038
        ]
      },
      "id": "node/10295305626"
    },
    {
      "type": "Feature",
      "properties": {
        "@id": "node/10295305627",
        "bus": "yes",
        "highway": "bus_stop",
        "name": "سوق الملاسين (إياب)",
        "name:ar": "سوق الملاسين (إياب)",
        "name:fr": "SOUK MELLASSINE (Retour)",
        "public_transport": "stop_position"
      },
      "geometry": {
        "type": "Point",
        "coordinates": [
          10.1500151,
          36.7976823
        ]
      },
      "id": "node/10295305627"
    },
    {
      "type": "Feature",
      "properties": {
        "@id": "node/10295305628",
        "bus": "yes",
        "highway": "bus_stop",
        "name": "سوق الملاسين (ذهاب)",
        "name:ar": "سوق الملاسين (ذهاب)",
        "name:fr": "SOUK MELLASSINE (Aller)",
        "public_transport": "stop_position"
      },
      "geometry": {
        "type": "Point",
        "coordinates": [
          10.1506964,
          36.7979787
        ]
      },
      "id": "node/10295305628"
    },
    {
      "type": "Feature",
      "properties": {
        "@id": "node/5227818035",
        "bus": "yes",
        "gtfs_id": "218",
        "highway": "bus_stop",
        "name": "بئر عنيبة",
        "name:ar": "بئر عنيبة",
        "name:en": "Bir Aniba",
        "name:fr": "Bir Aniba",
        "operator": "الشركة الوطنية للسكك الحديدية التونسية",
        "operator:ar": "الشركة الوطنية للسكك الحديدية التونسية",
        "operator:fr": "Société Nationale des Chemins de Fer Tunisiens",
        "operator:short": "SNCFT",
        "operator:short:fr": "SNCFT",
        "operator:website": "http://www.sncft.com.tn/Ar/",
        "operator:wikidata": "Q2297197",
        "operator:wikipedia": "ar:الشركة الوطنية للسكك الحديدية التونسية",
        "operator:wikipedia:ar": "الشركة الوطنية للسكك الحديدية التونسية",
        "public_transport": "platform",
        "route_ref": "4;10;12;14"
      },
      "geometry": {
        "type": "Point",
        "coordinates": [
          10.1574953,
          36.7954484
        ]
      },
      "id": "node/5227818035"
    },
    {
      "type": "Feature",
      "properties": {
        "@id": "node/8231372176",
        "bus": "yes",
        "highway": "bus_stop",
        "name": "Bir Aniba",
        "name:ar": "بئر عنيبة",
        "name:fr": "Bir Aniba",
        "operator:fr": "Société Nationale des Chemins de Fer Tunisiens",
        "operator:short": "SNCFT",
        "operator:short:fr": "SNCFT",
        "public_transport": "platform",
        "stop_id": "218"
      },
      "geometry": {
        "type": "Point",
        "coordinates": [
          10.1574953,
          36.7954484
        ]
      },
      "id": "node/8231372176"
    },
    {
      "type": "Feature",
      "properties": {
        "@id": "node/10295304472",
        "bus": "yes",
        "highway": "bus_stop",
        "name": "مستشفى الأعصاب الرابطة (إياب)",
        "name:ar": "مستشفى الأعصاب الرابطة (إياب)",
        "name:fr": "HÔPITAL DE NEUROLOGIE RABTA (Retour)",
        "public_transport": "stop_position"
      },
      "geometry": {
        "type": "Point",
        "coordinates": [
          10.1577614,
          36.8007066
        ]
      },
      "id": "node/10295304472"
    },
    {
      "type": "Feature",
      "properties": {
        "@id": "node/10295304473",
        "bus": "yes",
        "highway": "bus_stop",
        "name": "مستشفى الأعصاب الرابطة (ذهاب)",
        "name:ar": "مستشفى الأعصاب الرابطة (ذهاب)",
        "name:fr": "HÔPITAL DE NEUROLOGIE RABTA (Aller)",
        "public_transport": "stop_position"
      },
      "geometry": {
        "type": "Point",
        "coordinates": [
          10.1578204,
          36.8008462
        ]
      },
      "id": "node/10295304473"
    },
    {
      "type": "Feature",
      "properties": {
        "@id": "node/10295304800",
        "bus": "yes",
        "highway": "bus_stop",
        "name": "الرابطة (ذهاب)",
        "name:ar": "الرابطة (ذهاب)",
        "name:fr": "LA RABTA (Aller)",
        "public_transport": "stop_position"
      },
      "geometry": {
        "type": "Point",
        "coordinates": [
          10.1559625,
          36.7994887
        ]
      },
      "id": "node/10295304800"
    },
    {
      "type": "Feature",
      "properties": {
        "@id": "node/10295305629",
        "bus": "yes",
        "highway": "bus_stop",
        "name": "ملعب الملاسين (إياب)",
        "name:ar": "ملعب الملاسين (إياب)",
        "name:fr": "STADE MELLASSINE (Retour)",
        "public_transport": "stop_position"
      },
      "geometry": {
        "type": "Point",
        "coordinates": [
          10.1542213,
          36.7981987
        ]
      },
      "id": "node/10295305629"
    },
    {
      "type": "Feature",
      "properties": {
        "@id": "node/10295305630",
        "bus": "yes",
        "highway": "bus_stop",
        "name": "ملعب الملاسين (ذهاب)",
        "name:ar": "ملعب الملاسين (ذهاب)",
        "name:fr": "STADE MELLASSINE (Aller)",
        "public_transport": "stop_position"
      },
      "geometry": {
        "type": "Point",
        "coordinates": [
          10.1540386,
          36.7983581
        ]
      },
      "id": "node/10295305630"
    },
    {
      "type": "Feature",
      "properties": {
        "@id": "node/11346659847",
        "name": "Mellassine",
        "public_transport": "stop_position",
        "train": "yes"
      },
      "geometry": {
        "type": "Point",
        "coordinates": [
          10.156167,
          36.7962775
        ]
      },
      "id": "node/11346659847"
    },
    {
      "type": "Feature",
      "properties": {
        "@id": "node/10295304797",
        "bus": "yes",
        "highway": "bus_stop",
        "name": "ثكنة بوشوشة (ذهاب)",
        "name:ar": "ثكنة بوشوشة ذهاب",
        "name:fr": "CASERNE BOUCHOUCHA (Aller)",
        "public_transport": "stop_position"
      },
      "geometry": {
        "type": "Point",
        "coordinates": [
          10.1452919,
          36.8039024
        ]
      },
      "id": "node/10295304797"
    },
    {
      "type": "Feature",
      "properties": {
        "@id": "node/10295304798",
        "bus": "yes",
        "highway": "bus_stop",
        "name": "حي الروضة (إياب)",
        "name:ar": "حي الروضة (إياب)",
        "name:fr": "CITE ERRAOUDHA (Retour)",
        "public_transport": "stop_position"
      },
      "geometry": {
        "type": "Point",
        "coordinates": [
          10.1492104,
          36.8020548
        ]
      },
      "id": "node/10295304798"
    },
    {
      "type": "Feature",
      "properties": {
        "@id": "node/10295304799",
        "bus": "yes",
        "highway": "bus_stop",
        "name": "حي الروضة (ذهاب)",
        "name:ar": "حي الروضة (ذهاب)",
        "name:fr": "CITE ERRAOUDHA (Aller)",
        "public_transport": "stop_position"
      },
      "geometry": {
        "type": "Point",
        "coordinates": [
          10.1502187,
          36.8017744
        ]
      },
      "id": "node/10295304799"
    },
    {
      "type": "Feature",
      "properties": {
        "@id": "node/11346659836",
        "name": "Erraoudha",
        "public_transport": "stop_position",
        "train": "yes"
      },
      "geometry": {
        "type": "Point",
        "coordinates": [
          10.1468428,
          36.8024419
        ]
      },
      "id": "node/11346659836"
    },
    {
      "type": "Feature",
      "properties": {
        "@id": "node/11346659837",
        "name": "Erraoudha",
        "public_transport": "stop_position",
        "train": "yes"
      },
      "geometry": {
        "type": "Point",
        "coordinates": [
          10.1468685,
          36.8024641
        ]
      },
      "id": "node/11346659837"
    },
    {
      "type": "Feature",
      "properties": {
        "@id": "node/10295304514",
        "bus": "yes",
        "highway": "bus_stop",
        "name": "معهد التغذية",
        "name:ar": "معهد التغذية",
        "name:fr": "INSTITUT de la NUTRITION",
        "public_transport": "stop_position"
      },
      "geometry": {
        "type": "Point",
        "coordinates": [
          10.15752,
          36.8056892
        ]
      },
      "id": "node/10295304514"
    },
    {
      "type": "Feature",
      "properties": {
        "@id": "node/10295304515",
        "bus": "yes",
        "highway": "bus_stop",
        "name": "نهاية خط ( 43ب + 43 ) الرابطة",
        "name:ar": "نهاية خط ( 43ب + 43 ) الرابطة",
        "name:fr": "Terminus RABTA L ( 43B + 43 )",
        "public_transport": "stop_position"
      },
      "geometry": {
        "type": "Point",
        "coordinates": [
          10.1569488,
          36.8020149
        ]
      },
      "id": "node/10295304515"
    },
    {
      "type": "Feature",
      "properties": {
        "@id": "node/10295304474",
        "bus": "yes",
        "highway": "bus_stop",
        "name": "زهير السافي",
        "name:ar": "زهير الصافي",
        "name:fr": "ZOUHAIER ESSAFI",
        "public_transport": "stop_position"
      },
      "geometry": {
        "type": "Point",
        "coordinates": [
          10.1619938,
          36.8010883
        ]
      },
      "id": "node/10295304474"
    },
    {
      "type": "Feature",
      "properties": {
        "@id": "node/10295304497",
        "bus": "yes",
        "highway": "bus_stop",
        "name": "المعهد العالي إبن شرف (ذهاب)",
        "name:ar": "المعهد العالي إبن شرف (ذهاب)",
        "name:fr": "UNIVERSITÉ IBN CHARAF (Aller)",
        "public_transport": "stop_position"
      },
      "geometry": {
        "type": "Point",
        "coordinates": [
          10.1624468,
          36.7981331
        ]
      },
      "id": "node/10295304497"
    },
    {
      "type": "Feature",
      "properties": {
        "@id": "node/10295304499",
        "bus": "yes",
        "highway": "bus_stop",
        "name": "المعهد العالي إبن شرف",
        "name:ar": "المعهد العالي إبن شرف",
        "name:fr": "UNIVERSITÉ IBN CHARAF (Retour)",
        "public_transport": "stop_position"
      },
      "geometry": {
        "type": "Point",
        "coordinates": [
          10.1618023,
          36.7987077
        ]
      },
      "id": "node/10295304499"
    },
    {
      "type": "Feature",
      "properties": {
        "@id": "node/10295304803",
        "bus": "yes",
        "highway": "bus_stop",
        "name": "كلية 9 أفريل (إياب)",
        "name:ar": "كلية 9 أفريل (إياب)",
        "name:fr": "FACULTE 9 AVRIL (Retour)",
        "public_transport": "stop_position"
      },
      "geometry": {
        "type": "Point",
        "coordinates": [
          10.1635497,
          36.7952019
        ]
      },
      "id": "node/10295304803"
    },
    {
      "type": "Feature",
      "properties": {
        "@id": "node/10295305631",
        "bus": "yes",
        "highway": "bus_stop",
        "name": "الرابطة (إياب)",
        "name:ar": "الرابطة (إياب)",
        "name:fr": "LA RABTA (Retour)",
        "public_transport": "stop_position"
      },
      "geometry": {
        "type": "Point",
        "coordinates": [
          10.1584389,
          36.7989827
        ]
      },
      "id": "node/10295305631"
    },
    {
      "type": "Feature",
      "properties": {
        "@id": "node/10295304763",
        "bus": "yes",
        "highway": "bus_stop",
        "name": "محكمة التعقيب",
        "name:ar": "محكمة التعقيب",
        "name:fr": "TRIBUNAL TAAKIB",
        "public_transport": "stop_position"
      },
      "geometry": {
        "type": "Point",
        "coordinates": [
          10.1651267,
          36.7996153
        ]
      },
      "id": "node/10295304763"
    },
    {
      "type": "Feature",
      "properties": {
        "@id": "node/10295305232",
        "brand:wikidata": "Q3542108",
        "bus": "yes",
        "highway": "bus_stop",
        "name": "إتصالات تونس",
        "name:ar": "إتصالات تونس",
        "name:fr": "Tunisie Télécom",
        "operator:wikidata": "Q3542108",
        "public_transport": "stop_position"
      },
      "geometry": {
        "type": "Point",
        "coordinates": [
          10.1651885,
          36.8002558
        ]
      },
      "id": "node/10295305232"
    },
    {
      "type": "Feature",
      "properties": {
        "@id": "node/10295305233",
        "bus": "yes",
        "highway": "bus_stop",
        "name": "القصبة",
        "name:ar": "القصبة",
        "name:fr": "KASBAH",
        "public_transport": "stop_position"
      },
      "geometry": {
        "type": "Point",
        "coordinates": [
          10.1681175,
          36.7963447
        ]
      },
      "id": "node/10295305233"
    },
    {
      "type": "Feature",
      "properties": {
        "@id": "node/10295305234",
        "bus": "yes",
        "highway": "bus_stop",
        "name": "باب المنارة (إياب)",
        "name:ar": "باب المنارة (إياب)",
        "name:fr": "BAB MNARA (Retour)",
        "public_transport": "platform"
      },
      "geometry": {
        "type": "Point",
        "coordinates": [
          10.1690509,
          36.7952063
        ]
      },
      "id": "node/10295305234"
    },
    {
      "type": "Feature",
      "properties": {
        "@id": "node/4987092874",
        "bus": "yes",
        "highway": "bus_stop",
        "public_transport": "platform"
      },
      "geometry": {
        "type": "Point",
        "coordinates": [
          10.1635223,
          36.8069093
        ]
      },
      "id": "node/4987092874"
    },
    {
      "type": "Feature",
      "properties": {
        "@id": "node/10295305443",
        "bus": "yes",
        "highway": "bus_stop",
        "name": "مستشفى الأطفال",
        "name:ar": "مستشفى الأطفال",
        "name:fr": "HÔPITAL des ENFANTS",
        "public_transport": "stop_position"
      },
      "geometry": {
        "type": "Point",
        "coordinates": [
          10.1593545,
          36.807514
        ]
      },
      "id": "node/10295305443"
    },
    {
      "type": "Feature",
      "properties": {
        "@id": "node/10295305633",
        "bus": "yes",
        "highway": "bus_stop",
        "name": "شارنيكول (إياب)",
        "name:ar": "شارنيكول (إياب)",
        "name:fr": "CHARLE NICOLE (Retour)",
        "public_transport": "stop_position"
      },
      "geometry": {
        "type": "Point",
        "coordinates": [
          10.163855,
          36.8031238
        ]
      },
      "id": "node/10295305633"
    },
    {
      "type": "Feature",
      "properties": {
        "@id": "node/10295305634",
        "bus": "yes",
        "highway": "bus_stop",
        "name": "شارنيكول (ذهاب)",
        "name:ar": "شارنيكول (ذهاب)",
        "name:fr": "CHARLE NICOLE (Aller)",
        "public_transport": "stop_position"
      },
      "geometry": {
        "type": "Point",
        "coordinates": [
          10.1635439,
          36.8027802
        ]
      },
      "id": "node/10295305634"
    },
    {
      "type": "Feature",
      "properties": {
        "@id": "node/10295305718",
        "bus": "yes",
        "highway": "bus_stop",
        "name": "سيدي العلوي",
        "name:ar": "سيدي العلوي",
        "name:fr": "SIDI ALOUI",
        "public_transport": "stop_position"
      },
      "geometry": {
        "type": "Point",
        "coordinates": [
          10.1688404,
          36.8053373
        ]
      },
      "id": "node/10295305718"
    },
    {
      "type": "Feature",
      "properties": {
        "@id": "node/5807318670",
        "addr:city": "تونس",
        "addr:city:ar": "تونس",
        "light_rail": "yes",
        "name": "بوشوشة",
        "name:ar": "بوشوشة",
        "name:fr": "Bouchoucha",
        "public_transport": "station",
        "railway": "station",
        "station": "light_rail"
      },
      "geometry": {
        "type": "Point",
        "coordinates": [
          10.1490176,
          36.8092396
        ]
      },
      "id": "node/5807318670"
    },
    {
      "type": "Feature",
      "properties": {
        "@id": "node/10295304310",
        "bus": "yes",
        "highway": "bus_stop",
        "name": "حناية باردو",
        "name:ar": "حناية باردو",
        "name:fr": "HNAYA BARDO",
        "public_transport": "stop_position"
      },
      "geometry": {
        "type": "Point",
        "coordinates": [
          10.1505924,
          36.8118049
        ]
      },
      "id": "node/10295304310"
    },
    {
      "type": "Feature",
      "properties": {
        "@id": "node/10295304437",
        "bus": "yes",
        "highway": "bus_stop",
        "name": "مقهى الحاج (إياب)",
        "name:ar": "مقهى الحاج إياب",
        "name:fr": "CAFÉ EL HAJ (Retour)",
        "public_transport": "stop_position"
      },
      "geometry": {
        "type": "Point",
        "coordinates": [
          10.1449886,
          36.8128098
        ]
      },
      "id": "node/10295304437"
    },
    {
      "type": "Feature",
      "properties": {
        "@id": "node/10295304443",
        "bus": "yes",
        "highway": "bus_stop",
        "name": "مقهى الحاج (ذهاب)",
        "name:ar": "مقهى الحاج ذهاب",
        "name:fr": "CAFÉ EL HAJ (Aller)",
        "public_transport": "stop_position"
      },
      "geometry": {
        "type": "Point",
        "coordinates": [
          10.145171,
          36.8128353
        ]
      },
      "id": "node/10295304443"
    },
    {
      "type": "Feature",
      "properties": {
        "@id": "node/10295304746",
        "bus": "yes",
        "highway": "bus_stop",
        "name": "المبيت الجامعي باردو 1 (إياب)",
        "name:ar": "المبيت الجامعي باردو 1 (إياب)",
        "name:fr": "FOYER BARDO 1 (Retour)",
        "public_transport": "stop_position"
      },
      "geometry": {
        "type": "Point",
        "coordinates": [
          10.1461985,
          36.813941
        ]
      },
      "id": "node/10295304746"
    },
    {
      "type": "Feature",
      "properties": {
        "@id": "node/10295304747",
        "bus": "yes",
        "highway": "bus_stop",
        "name": "المبيت الجامعي باردو 1 (ذهاب)",
        "name:ar": "المبيت الجامعي باردو 1 (ذهاب)",
        "name:fr": "FOYER BARDO 1 (Aller)",
        "public_transport": "stop_position"
      },
      "geometry": {
        "type": "Point",
        "coordinates": [
          10.1462171,
          36.8141538
        ]
      },
      "id": "node/10295304747"
    },
    {
      "type": "Feature",
      "properties": {
        "@id": "node/10295305231",
        "bus": "yes",
        "highway": "bus_stop",
        "name": "بوشوشة (إياب)",
        "name:ar": "بوشوشة (اياب)",
        "name:fr": "BOUCHOUCHA (Retour)",
        "public_transport": "stop_position"
      },
      "geometry": {
        "type": "Point",
        "coordinates": [
          10.1497872,
          36.8092284
        ]
      },
      "id": "node/10295305231"
    },
    {
      "type": "Feature",
      "properties": {
        "@id": "node/10295305712",
        "bus": "yes",
        "highway": "bus_stop",
        "name": "بوشوشة (ذهاب)",
        "name:ar": "بوشوشة (ذهاب)",
        "name:fr": "BOUCHOUCHA (Aller)",
        "public_transport": "stop_position"
      },
      "geometry": {
        "type": "Point",
        "coordinates": [
          10.1470966,
          36.8090503
        ]
      },
      "id": "node/10295305712"
    },
    {
      "type": "Feature",
      "properties": {
        "@id": "node/5807318022",
        "light_rail": "yes",
        "name": "مفتاح سعد الله",
        "name:ar": "مفتاح سعد الله",
        "name:en": "Mefteh Saadallah",
        "name:fr": "Meftah Saadallah",
        "public_transport": "station",
        "railway": "station",
        "station": "light_rail"
      },
      "geometry": {
        "type": "Point",
        "coordinates": [
          10.1562703,
          36.8130642
        ]
      },
      "id": "node/5807318022"
    },
    {
      "type": "Feature",
      "properties": {
        "@id": "node/5807318023",
        "light_rail": "yes",
        "name": "مفتاح سعد الله",
        "name:ar": "مفتاح سعد الله",
        "name:en": "Mefteh Saadallah",
        "name:fr": "Meftah Saadallah",
        "public_transport": "stop_position",
        "railway": "stop"
      },
      "geometry": {
        "type": "Point",
        "coordinates": [
          10.1562461,
          36.8130556
        ]
      },
      "id": "node/5807318023"
    },
    {
      "type": "Feature",
      "properties": {
        "@id": "node/10295304294",
        "bus": "yes",
        "highway": "bus_stop",
        "name": "المحكمة العسكرية مفتح سعد الله",
        "name:ar": "المحكمة العسكرية مفتح سعد الله",
        "name:fr": "TRIBUNAL MILITAIRE M.SAADALLAH",
        "public_transport": "stop_position"
      },
      "geometry": {
        "type": "Point",
        "coordinates": [
          10.1558881,
          36.8137782
        ]
      },
      "id": "node/10295304294"
    },
    {
      "type": "Feature",
      "properties": {
        "@id": "node/10295304475",
        "bus": "yes",
        "highway": "bus_stop",
        "name": "باب سعدون (إياب)",
        "name:ar": "باب سعدون (اياب)",
        "name:fr": "BAB SAADOUN (Retour)",
        "public_transport": "platform"
      },
      "geometry": {
        "type": "Point",
        "coordinates": [
          10.1569275,
          36.8090364
        ]
      },
      "id": "node/10295304475"
    },
    {
      "type": "Feature",
      "properties": {
        "@id": "node/10295304748",
        "bus": "yes",
        "highway": "bus_stop",
        "name": "محطة النقل البري للشمال (إياب)",
        "name:ar": "محطة النقل البري للشمال (إياب)",
        "name:fr": "GARE ROUTIÈRE NORD (Retour)",
        "public_transport": "platform"
      },
      "geometry": {
        "type": "Point",
        "coordinates": [
          10.1523984,
          36.8107855
        ]
      },
      "id": "node/10295304748"
    },
    {
      "type": "Feature",
      "properties": {
        "@id": "node/10295304749",
        "bus": "yes",
        "highway": "bus_stop",
        "name": "محطة النقل البري للشمال (ذهاب)",
        "name:ar": "محطة النقل البري للشمال (ذهاب)",
        "name:fr": "GARE ROUTIÈRE NORD (Aller)",
        "public_transport": "platform"
      },
      "geometry": {
        "type": "Point",
        "coordinates": [
          10.1530031,
          36.810572
        ]
      },
      "id": "node/10295304749"
    },
    {
      "type": "Feature",
      "properties": {
        "@id": "node/10295304761",
        "bus": "yes",
        "highway": "bus_stop",
        "name": "مفتاح سعدالله (إياب)",
        "name:ar": "مفتاح سعدالله (إياب)",
        "name:fr": "MEFTEH SAADALLAH (Retour)",
        "public_transport": "stop_position"
      },
      "geometry": {
        "type": "Point",
        "coordinates": [
          10.1570207,
          36.8111892
        ]
      },
      "id": "node/10295304761"
    },
    {
      "type": "Feature",
      "properties": {
        "@id": "node/10295304762",
        "bus": "yes",
        "highway": "bus_stop",
        "name": "مفتاح سعدالله (ذهاب)",
        "name:ar": "مفتاح سعدالله (ذهاب)",
        "name:fr": "MEFTEH SAADALLAH (Aller)",
        "public_transport": "stop_position"
      },
      "geometry": {
        "type": "Point",
        "coordinates": [
          10.1576166,
          36.8106456
        ]
      },
      "id": "node/10295304762"
    },
    {
      "type": "Feature",
      "properties": {
        "@id": "node/11368320392",
        "bench": "no",
        "bus": "yes",
        "highway": "bus_stop",
        "name": "باب سعدون (ذهاب)",
        "name:ar": "باب سعدون (ذهاب)",
        "name:fr": "Bab Saadoun (Aller)",
        "public_transport": "platform",
        "shelter": "yes",
        "tactile_paving": "no"
      },
      "geometry": {
        "type": "Point",
        "coordinates": [
          10.1564842,
          36.8093411
        ]
      },
      "id": "node/11368320392"
    },
    {
      "type": "Feature",
      "properties": {
        "@id": "node/13743543553",
        "amenity": "taxi",
        "name": "محطة اللواج باب سعدون",
        "name:ar": "محطة اللواج باب سعدون",
        "name:en": "Louage Station Bab saadoun",
        "name:fr": "Station Louage Bab saasoun",
        "network": "louage",
        "public_transport": "station",
        "share_taxi": "yes",
        "type": "site"
      },
      "geometry": {
        "type": "Point",
        "coordinates": [
          10.1543007,
          36.8101854
        ]
      },
      "id": "node/13743543553"
    },
    {
      "type": "Feature",
      "properties": {
        "@id": "node/13743543554",
        "amenity": "bus_station",
        "bus": "yes",
        "name": "محطة النقل البري للشمال",
        "name:aeb": "محطة النقل البري للشمال",
        "name:ar": "محطة النقل البري للشمال",
        "name:en": "North Road Station",
        "name:fr": "Gare Routière Nord",
        "public_transport": "station"
      },
      "geometry": {
        "type": "Point",
        "coordinates": [
          10.153497,
          36.8106351
        ]
      },
      "id": "node/13743543554"
    },
    {
      "type": "Feature",
      "properties": {
        "@id": "node/10295304431",
        "bus": "yes",
        "highway": "bus_stop",
        "name": "مختار الحبيب",
        "name:ar": "مختار الحبيب",
        "name:fr": "MOKHTAR LAHBIB",
        "public_transport": "stop_position"
      },
      "geometry": {
        "type": "Point",
        "coordinates": [
          10.1572241,
          36.8181441
        ]
      },
      "id": "node/10295304431"
    },
    {
      "type": "Feature",
      "properties": {
        "@id": "node/10295304436",
        "bus": "yes",
        "highway": "bus_stop",
        "name": "السوق البلدي الزياتين (ذهاب)",
        "name:ar": "السوق البلدي الزياتين (ذهاب)",
        "name:fr": "MARCHÉ ZAYATINE (Aller)",
        "public_transport": "stop_position"
      },
      "geometry": {
        "type": "Point",
        "coordinates": [
          10.1567342,
          36.8203386
        ]
      },
      "id": "node/10295304436"
    },
    {
      "type": "Feature",
      "properties": {
        "@id": "node/10295304757",
        "bus": "yes",
        "highway": "bus_stop",
        "name": "سوق الزياتين (إياب); سوق الزياتين إياب",
        "name:ar": "سوق الزياتين (إياب); سوق الزياتين إياب",
        "name:fr": "MARCHÉ ZAYATINE (Retour)",
        "public_transport": "stop_position"
      },
      "geometry": {
        "type": "Point",
        "coordinates": [
          10.1570185,
          36.8195357
        ]
      },
      "id": "node/10295304757"
    },
    {
      "type": "Feature",
      "properties": {
        "@id": "node/10295304758",
        "bus": "yes",
        "highway": "bus_stop",
        "name": "مطعم بو فارس (ذهاب)",
        "name:ar": "مطعم بو فارس (ذهاب)",
        "name:fr": "RESTAURANT BOU FERES (Aller)",
        "public_transport": "stop_position"
      },
      "geometry": {
        "type": "Point",
        "coordinates": [
          10.1577534,
          36.8187861
        ]
      },
      "id": "node/10295304758"
    },
    {
      "type": "Feature",
      "properties": {
        "@id": "node/5807318617",
        "light_rail": "yes",
        "name": "باب سعدون",
        "name:ar": "باب سعدون",
        "name:fr": "Bab Saadoun",
        "public_transport": "station",
        "railway": "station",
        "station": "light_rail"
      },
      "geometry": {
        "type": "Point",
        "coordinates": [
          10.1619793,
          36.8097937
        ]
      },
      "id": "node/5807318617"
    },
    {
      "type": "Feature",
      "properties": {
        "@id": "node/5807318625",
        "light_rail": "yes",
        "name": "باب سعدون",
        "name:ar": "باب سعدون",
        "name:fr": "Bab Saadoun",
        "public_transport": "stop_position",
        "railway": "stop"
      },
      "geometry": {
        "type": "Point",
        "coordinates": [
          10.1619901,
          36.8097787
        ]
      },
      "id": "node/5807318625"
    },
    {
      "type": "Feature",
      "properties": {
        "@id": "node/10295305636",
        "bus": "yes",
        "highway": "bus_stop",
        "name": "باب عبد السلام (إياب)",
        "name:ar": "باب عبد السلام (اياب)",
        "name:fr": "BAB ABDESLEM (Retour)",
        "public_transport": "stop_position"
      },
      "geometry": {
        "type": "Point",
        "coordinates": [
          10.1627714,
          36.809618
        ]
      },
      "id": "node/10295305636"
    },
    {
      "type": "Feature",
      "properties": {
        "@id": "node/10295305637",
        "bus": "yes",
        "highway": "bus_stop",
        "name": "باب عبد السلام (ذهاب)",
        "name:ar": "باب عبد السلام (ذهاب)",
        "name:fr": "BAB ABDESLEM (Aller)",
        "public_transport": "stop_position"
      },
      "geometry": {
        "type": "Point",
        "coordinates": [
          10.1613673,
          36.8095761
        ]
      },
      "id": "node/10295305637"
    },
    {
      "type": "Feature",
      "properties": {
        "@id": "node/5807318593",
        "light_rail": "yes",
        "name": "باب العسل",
        "name:ar": "باب العسل",
        "name:fr": "Bab El Assel",
        "public_transport": "stop_position",
        "railway": "stop",
        "wheelchair": "yes"
      },
      "geometry": {
        "type": "Point",
        "coordinates": [
          10.169401,
          36.8130148
        ]
      },
      "id": "node/5807318593"
    },
    {
      "type": "Feature",
      "properties": {
        "@id": "node/10295304388",
        "bus": "yes",
        "highway": "bus_stop",
        "name": "باب لعسل",
        "name:ar": "باب لعسل",
        "name:fr": "BAB LAASSAL",
        "public_transport": "stop_position"
      },
      "geometry": {
        "type": "Point",
        "coordinates": [
          10.1684282,
          36.8129199
        ]
      },
      "id": "node/10295304388"
    },
    {
      "type": "Feature",
      "properties": {
        "@id": "node/10295305635",
        "bus": "yes",
        "highway": "bus_stop",
        "name": "جامع البرج",
        "name:ar": "جامع البرج",
        "name:fr": "MOSQUÉE ELBORJ",
        "public_transport": "stop_position"
      },
      "geometry": {
        "type": "Point",
        "coordinates": [
          10.1666341,
          36.8120068
        ]
      },
      "id": "node/10295305635"
    },
    {
      "type": "Feature",
      "properties": {
        "@id": "node/10295304435",
        "bus": "yes",
        "highway": "bus_stop",
        "name": "نهاية خط 11 جبل الأحمر",
        "name:ar": "نهاية خط 11 جبل الأحمر",
        "name:fr": "Terminus JBEL LAHMER L 11",
        "public_transport": "stop_position"
      },
      "geometry": {
        "type": "Point",
        "coordinates": [
          10.1631796,
          36.8196302
        ]
      },
      "id": "node/10295304435"
    },
    {
      "type": "Feature",
      "properties": {
        "@id": "node/10295304750",
        "bus": "yes",
        "highway": "bus_stop",
        "name": "مركز التكوين بالعمران (ذهاب)",
        "name:ar": "مركز التكوين بالعمران ذهاب",
        "name:fr": "CENTRE FORMATION EL OMRANE (Aller)",
        "public_transport": "stop_position"
      },
      "geometry": {
        "type": "Point",
        "coordinates": [
          10.160642,
          36.8173275
        ]
      },
      "id": "node/10295304750"
    },
    {
      "type": "Feature",
      "properties": {
        "@id": "node/10295304759",
        "bus": "yes",
        "highway": "bus_stop",
        "name": "مقبرة سيدي يحي (ذهاب)",
        "name:ar": "مقبرة سيدي يحي (ذهاب)",
        "name:fr": "CIMETIERE SIDI YAHIA (Aller)",
        "public_transport": "stop_position"
      },
      "geometry": {
        "type": "Point",
        "coordinates": [
          10.1593545,
          36.8163312
        ]
      },
      "id": "node/10295304759"
    },
    {
      "type": "Feature",
      "properties": {
        "@id": "node/10295304760",
        "bus": "yes",
        "highway": "bus_stop",
        "name": "مقبرة سيدي يحي (إياب)",
        "name:ar": "مقبرة سيدي يحي (إياب)",
        "name:fr": "CIMETIERE SIDI YAHIA (Retour)",
        "public_transport": "stop_position"
      },
      "geometry": {
        "type": "Point",
        "coordinates": [
          10.1588396,
          36.816241
        ]
      },
      "id": "node/10295304760"
    },
    {
      "type": "Feature",
      "properties": {
        "@id": "node/10295304433",
        "bus": "yes",
        "highway": "bus_stop",
        "name": "مقهى الكواكب",
        "name:ar": "مقهى الكواكب",
        "name:fr": "CAFÉ KAWEKEB",
        "public_transport": "stop_position"
      },
      "geometry": {
        "type": "Point",
        "coordinates": [
          10.1665966,
          36.8181657
        ]
      },
      "id": "node/10295304433"
    },
    {
      "type": "Feature",
      "properties": {
        "@id": "node/10295304751",
        "bus": "yes",
        "highway": "bus_stop",
        "name": "العربي الكبادي العمران",
        "name:ar": "العربي الكبادي العمران",
        "name:fr": "ARBI KEBBEDI OMRANE (Aller)",
        "public_transport": "stop_position"
      },
      "geometry": {
        "type": "Point",
        "coordinates": [
          10.1684472,
          36.8149099
        ]
      },
      "id": "node/10295304751"
    },
    {
      "type": "Feature",
      "properties": {
        "@id": "node/10295304752",
        "bus": "yes",
        "highway": "bus_stop",
        "name": "المدرسة الفرنسية العمران (إياب)",
        "name:ar": "المدرسة الفرنسية العمران (إياب)",
        "name:fr": "ECOLE FRANCAISE OMARANE (Retour)",
        "public_transport": "stop_position"
      },
      "geometry": {
        "type": "Point",
        "coordinates": [
          10.1656606,
          36.8180195
        ]
      },
      "id": "node/10295304752"
    },
    {
      "type": "Feature",
      "properties": {
        "@id": "node/10295304753",
        "bus": "yes",
        "highway": "bus_stop",
        "name": "المدرسة الفرنسية العمران (ذهاب)",
        "name:ar": "المدرسة الفرنسية العمران (ذهاب)",
        "name:fr": "ECOLE FRANCAISE OMARANE (Aller)",
        "public_transport": "stop_position"
      },
      "geometry": {
        "type": "Point",
        "coordinates": [
          10.1655425,
          36.8179723
        ]
      },
      "id": "node/10295304753"
    },
    {
      "type": "Feature",
      "properties": {
        "@id": "node/10295305024",
        "bus": "yes",
        "highway": "bus_stop",
        "name": "الحماية المدنية",
        "name:ar": "الحماية المدنية",
        "name:fr": "PROTECTION CIVILE",
        "public_transport": "stop_position"
      },
      "geometry": {
        "type": "Point",
        "coordinates": [
          10.1767462,
          36.7170091
        ]
      },
      "id": "node/10295305024"
    },
    {
      "type": "Feature",
      "properties": {
        "@id": "node/10295305029",
        "bus": "yes",
        "highway": "bus_stop",
        "name": "الحرس الوطني المغيرة",
        "name:ar": "الحرس الوطني المغيرة",
        "name:fr": "GARDE NATIONAL Z.I MGHIRA",
        "public_transport": "stop_position"
      },
      "geometry": {
        "type": "Point",
        "coordinates": [
          10.1735114,
          36.717467
        ]
      },
      "id": "node/10295305029"
    },
    {
      "type": "Feature",
      "properties": {
        "@id": "node/10295305022",
        "bus": "yes",
        "highway": "bus_stop",
        "name": "بنطاز",
        "name:ar": "بنطاز",
        "name:fr": "BONTAZE",
        "public_transport": "stop_position"
      },
      "geometry": {
        "type": "Point",
        "coordinates": [
          10.1838858,
          36.7215554
        ]
      },
      "id": "node/10295305022"
    },
    {
      "type": "Feature",
      "properties": {
        "@id": "node/10295305018",
        "bus": "yes",
        "highway": "bus_stop",
        "name": "نهاية خط 85",
        "name:ar": "نهاية خط 85",
        "name:fr": "SEALATELEC TERMENUS85",
        "public_transport": "stop_position"
      },
      "geometry": {
        "type": "Point",
        "coordinates": [
          10.1868633,
          36.722524
        ]
      },
      "id": "node/10295305018"
    },
    {
      "type": "Feature",
      "properties": {
        "@id": "node/10295305021",
        "bus": "yes",
        "highway": "bus_stop",
        "name": "الحماية البيولوجية",
        "name:ar": "الحماية البيولوجية",
        "name:fr": "BIOPROTECTION",
        "public_transport": "stop_position"
      },
      "geometry": {
        "type": "Point",
        "coordinates": [
          10.1850287,
          36.7241192
        ]
      },
      "id": "node/10295305021"
    },
    {
      "type": "Feature",
      "properties": {
        "@id": "node/10295305509",
        "bus": "yes",
        "highway": "bus_stop",
        "name": "المنطقة الصناعية",
        "name:ar": "المنطقة الصناعية",
        "name:fr": "ZONE INDUSTRIELLE",
        "public_transport": "stop_position"
      },
      "geometry": {
        "type": "Point",
        "coordinates": [
          10.1878662,
          36.7237311
        ]
      },
      "id": "node/10295305509"
    },
    {
      "type": "Feature",
      "properties": {
        "@id": "node/10295305510",
        "bus": "yes",
        "highway": "bus_stop",
        "name": "مزرعة لوكيل",
        "name:ar": "مزرعة لوكيل",
        "name:fr": "FERME LOUKIL",
        "public_transport": "stop_position"
      },
      "geometry": {
        "type": "Point",
        "coordinates": [
          10.1898173,
          36.7264932
        ]
      },
      "id": "node/10295305510"
    },
    {
      "type": "Feature",
      "properties": {
        "@id": "node/10295305511",
        "bus": "yes",
        "highway": "bus_stop",
        "name": "فيراي 2",
        "name:ar": "فيراي 2",
        "name:fr": "FERAILLE 2",
        "public_transport": "stop_position"
      },
      "geometry": {
        "type": "Point",
        "coordinates": [
          10.1913847,
          36.7289571
        ]
      },
      "id": "node/10295305511"
    },
    {
      "type": "Feature",
      "properties": {
        "@id": "node/10295305403",
        "bus": "yes",
        "highway": "bus_stop",
        "name": "المروج 2",
        "name:ar": "المروج 2",
        "name:fr": "SOMMET EL MOUROUJ 2",
        "public_transport": "stop_position"
      },
      "geometry": {
        "type": "Point",
        "coordinates": [
          10.1964063,
          36.7341615
        ]
      },
      "id": "node/10295305403"
    },
    {
      "type": "Feature",
      "properties": {
        "@id": "node/10295305512",
        "bus": "yes",
        "highway": "bus_stop",
        "name": "فيراي1",
        "name:ar": "فيراي1",
        "name:fr": "FERAILLE 1",
        "public_transport": "stop_position"
      },
      "geometry": {
        "type": "Point",
        "coordinates": [
          10.1923922,
          36.730208
        ]
      },
      "id": "node/10295305512"
    },
    {
      "type": "Feature",
      "properties": {
        "@id": "node/10295305513",
        "bus": "yes",
        "highway": "bus_stop",
        "name": "مفترق المروج 2 خط 24",
        "name:ar": "مفترق المروج 2 خط 24",
        "name:fr": "Croisement MOUROUJ 2 L24",
        "public_transport": "stop_position"
      },
      "geometry": {
        "type": "Point",
        "coordinates": [
          10.1940245,
          36.7326912
        ]
      },
      "id": "node/10295305513"
    },
    {
      "type": "Feature",
      "properties": {
        "@id": "node/10295305514",
        "bus": "yes",
        "highway": "bus_stop",
        "name": "سوق السيارات",
        "name:ar": "سوق السيارات",
        "name:fr": "LE SOUK des VOITURES",
        "public_transport": "stop_position"
      },
      "geometry": {
        "type": "Point",
        "coordinates": [
          10.1936368,
          36.7349887
        ]
      },
      "id": "node/10295305514"
    },
    {
      "type": "Feature",
      "properties": {
        "@id": "node/10295304923",
        "bus": "yes",
        "highway": "bus_stop",
        "name": "معهد المروج 6",
        "name:ar": "معهد المروج 6",
        "name:fr": "LYCÉE EL MOUROUJ 6",
        "public_transport": "stop_position"
      },
      "geometry": {
        "type": "Point",
        "coordinates": [
          10.2031435,
          36.7190678
        ]
      },
      "id": "node/10295304923"
    },
    {
      "type": "Feature",
      "properties": {
        "@id": "node/10295304924",
        "bus": "yes",
        "highway": "bus_stop",
        "name": "مروج 5 خط 81",
        "name:ar": "مروج 5 خط 81",
        "name:fr": "MOUROUJ 5 LIGNE81",
        "public_transport": "stop_position"
      },
      "geometry": {
        "type": "Point",
        "coordinates": [
          10.1995387,
          36.7168328
        ]
      },
      "id": "node/10295304924"
    },
    {
      "type": "Feature",
      "properties": {
        "@id": "node/10295304921",
        "bus": "yes",
        "highway": "bus_stop",
        "name": "المبيت الجامعي المروج 3",
        "name:ar": "المبيت الجامعي المروج 3",
        "name:fr": "FOYER UNIVERSITAIRE MOUROUJ 3 (81)",
        "public_transport": "platform"
      },
      "geometry": {
        "type": "Point",
        "coordinates": [
          10.2090505,
          36.7224681
        ]
      },
      "id": "node/10295304921"
    },
    {
      "type": "Feature",
      "properties": {
        "@id": "node/10295304922",
        "bus": "yes",
        "highway": "bus_stop",
        "name": "المعهد الخاص ابن رشيق",
        "name:ar": "المعهد الخاص ابن رشيق",
        "name:fr": "LYCÉE PRIVÉ EBNRACHIK",
        "public_transport": "stop_position"
      },
      "geometry": {
        "type": "Point",
        "coordinates": [
          10.2065616,
          36.7210734
        ]
      },
      "id": "node/10295304922"
    },
    {
      "type": "Feature",
      "properties": {
        "@id": "node/10295304919",
        "bus": "yes",
        "highway": "bus_stop",
        "name": "جامع الحرمين المروج 3",
        "name:ar": "جامع الحرمين المروج 3",
        "name:fr": "MOSQUÉE EL HARAMAINE EL MOUROUJ 3",
        "public_transport": "stop_position"
      },
      "geometry": {
        "type": "Point",
        "coordinates": [
          10.2076913,
          36.7276356
        ]
      },
      "id": "node/10295304919"
    },
    {
      "type": "Feature",
      "properties": {
        "@id": "node/6450732827",
        "light_rail": "yes",
        "name": "المروج 4",
        "name:ar": "المروج 4",
        "name:fr": "El Mourouj 4",
        "public_transport": "stop_position",
        "railway": "stop"
      },
      "geometry": {
        "type": "Point",
        "coordinates": [
          10.2163947,
          36.7197958
        ]
      },
      "id": "node/6450732827"
    },
    {
      "type": "Feature",
      "properties": {
        "@id": "node/10295305198",
        "bus": "yes",
        "highway": "bus_stop",
        "name": "14 جانفي",
        "name:ar": "14 جانفي",
        "name:fr": "14 Janvier",
        "public_transport": "stop_position"
      },
      "geometry": {
        "type": "Point",
        "coordinates": [
          10.213302,
          36.7168552
        ]
      },
      "id": "node/10295305198"
    },
    {
      "type": "Feature",
      "properties": {
        "@id": "node/10295305202",
        "bus": "yes",
        "highway": "bus_stop",
        "name": "المبيت الجامعي المروج 3",
        "name:ar": "المبيت الجامعي المروج 3",
        "name:fr": "FOYER UNIVERSITAIRE MOUROUJ 3",
        "public_transport": "platform"
      },
      "geometry": {
        "type": "Point",
        "coordinates": [
          10.2130686,
          36.7226446
        ]
      },
      "id": "node/10295305202"
    },
    {
      "type": "Feature",
      "properties": {
        "@id": "node/10295305237",
        "bus": "yes",
        "highway": "bus_stop",
        "name": "مفترق المروج 3",
        "name:ar": "مفترق المروج 3",
        "name:fr": "Croisement MOUROUJ 3",
        "public_transport": "stop_position"
      },
      "geometry": {
        "type": "Point",
        "coordinates": [
          10.2166022,
          36.7206095
        ]
      },
      "id": "node/10295305237"
    },
    {
      "type": "Feature",
      "properties": {
        "@id": "node/10295305238",
        "bus": "yes",
        "highway": "bus_stop",
        "name": "المركزالتجاري الشلاخ",
        "name:ar": "المركزالتجاري الشلاخ",
        "name:fr": "CENTRE CHALLAKH EL MOUROUJ 4",
        "public_transport": "stop_position"
      },
      "geometry": {
        "type": "Point",
        "coordinates": [
          10.2164902,
          36.7191548
        ]
      },
      "id": "node/10295305238"
    },
    {
      "type": "Feature",
      "properties": {
        "@id": "node/13203780499",
        "bus": "yes",
        "highway": "bus_stop",
        "name": "المبيت الجامعي المروج 3",
        "name:ar": "المبيت الجامعي المروج 3",
        "name:fr": "FOYER UNIVERSITAIRE MOUROUJ 3",
        "public_transport": "platform"
      },
      "geometry": {
        "type": "Point",
        "coordinates": [
          10.2128244,
          36.7229673
        ]
      },
      "id": "node/13203780499"
    },
    {
      "type": "Feature",
      "properties": {
        "@id": "node/10295305091",
        "bus": "yes",
        "highway": "bus_stop",
        "name": "المروج 3",
        "name:ar": "المروج 3",
        "name:fr": "MOUROUJ 3",
        "public_transport": "stop_position"
      },
      "geometry": {
        "type": "Point",
        "coordinates": [
          10.2230933,
          36.7204552
        ]
      },
      "id": "node/10295305091"
    },
    {
      "type": "Feature",
      "properties": {
        "@id": "node/10295305236",
        "bus": "yes",
        "highway": "bus_stop",
        "name": "مروج 4 خط 3710/54",
        "name:ar": "مروج 4 خط 3710/54",
        "name:fr": "MOUROUJ 4 L(3710-54)",
        "network": "Transtu",
        "public_transport": "platform",
        "shelter": "yes"
      },
      "geometry": {
        "type": "Point",
        "coordinates": [
          10.2207938,
          36.7214323
        ]
      },
      "id": "node/10295305236"
    },
    {
      "type": "Feature",
      "properties": {
        "@id": "node/6450732725",
        "light_rail": "yes",
        "name": "الشهداء",
        "name:ar": "الشهداء",
        "name:fr": "Martyrs",
        "public_transport": "stop_position",
        "railway": "stop"
      },
      "geometry": {
        "type": "Point",
        "coordinates": [
          10.2121226,
          36.7235646
        ]
      },
      "id": "node/6450732725"
    },
    {
      "type": "Feature",
      "properties": {
        "@id": "node/6450732754",
        "light_rail": "yes",
        "name": "المروج 3",
        "name:ar": "المروج 3",
        "name:fr": "El Mourouj 3",
        "public_transport": "stop_position",
        "railway": "stop"
      },
      "geometry": {
        "type": "Point",
        "coordinates": [
          10.2107164,
          36.7287209
        ]
      },
      "id": "node/6450732754"
    },
    {
      "type": "Feature",
      "properties": {
        "@id": "node/10295305203",
        "bus": "yes",
        "highway": "bus_stop",
        "name": "رياض اطفال المروج 3",
        "name:ar": "رياض اطفال المروج 3",
        "name:fr": "JARDIN D'ENFANTS MOUROUJ 3",
        "public_transport": "platform"
      },
      "geometry": {
        "type": "Point",
        "coordinates": [
          10.2111107,
          36.7250824
        ]
      },
      "id": "node/10295305203"
    },
    {
      "type": "Feature",
      "properties": {
        "@id": "node/10295305204",
        "bus": "yes",
        "highway": "bus_stop",
        "name": "المروج 3",
        "name:ar": "المروج 3",
        "name:fr": "EL MOUROUJ 3",
        "public_transport": "platform"
      },
      "geometry": {
        "type": "Point",
        "coordinates": [
          10.2106122,
          36.7283362
        ]
      },
      "id": "node/10295305204"
    },
    {
      "type": "Feature",
      "properties": {
        "@id": "node/10295305664",
        "bus": "yes",
        "highway": "bus_stop",
        "name": "مستودع بئر القصعة",
        "name:ar": "مستودع بئر القصعة",
        "name:fr": "DÉPÔT Bir EL KASSAA",
        "public_transport": "stop_position"
      },
      "geometry": {
        "type": "Point",
        "coordinates": [
          10.2219834,
          36.7254498
        ]
      },
      "id": "node/10295305664"
    },
    {
      "type": "Feature",
      "properties": {
        "@id": "node/10295305459",
        "bus": "yes",
        "highway": "bus_stop",
        "name": "جامع المروج 1",
        "name:ar": "جامع المروج 1",
        "name:fr": "MOSQUÉE MOUROUJ 1",
        "public_transport": "stop_position"
      },
      "geometry": {
        "type": "Point",
        "coordinates": [
          10.2035923,
          36.73268
        ]
      },
      "id": "node/10295305459"
    },
    {
      "type": "Feature",
      "properties": {
        "@id": "node/10295305460",
        "bus": "yes",
        "highway": "bus_stop",
        "name": "المروج 1",
        "name:ar": "المروج 1",
        "name:fr": "MOUROUJ 1",
        "public_transport": "stop_position"
      },
      "geometry": {
        "type": "Point",
        "coordinates": [
          10.201983,
          36.7339807
        ]
      },
      "id": "node/10295305460"
    },
    {
      "type": "Feature",
      "properties": {
        "@id": "node/6450732693",
        "light_rail": "yes",
        "name": "البيئة",
        "name:ar": "البيئة",
        "name:fr": "Environnement",
        "public_transport": "stop_position",
        "railway": "stop"
      },
      "geometry": {
        "type": "Point",
        "coordinates": [
          10.2103329,
          36.7331535
        ]
      },
      "id": "node/6450732693"
    },
    {
      "type": "Feature",
      "properties": {
        "@id": "node/10295305457",
        "bus": "yes",
        "highway": "bus_stop",
        "name": "اقامة الواحة",
        "name:ar": "اقامة الواحة",
        "name:fr": "IMMEUBLE OASIS",
        "public_transport": "platform"
      },
      "geometry": {
        "type": "Point",
        "coordinates": [
          10.2093225,
          36.7359017
        ]
      },
      "id": "node/10295305457"
    },
    {
      "type": "Feature",
      "properties": {
        "@id": "node/10295305458",
        "bus": "yes",
        "highway": "bus_stop",
        "name": "المركب التجاري المروج 1",
        "name:ar": "المركب التجاري المروج 1",
        "name:fr": "COMPLEXE COMMERCIAL MOUROUJ 1",
        "public_transport": "stop_position"
      },
      "geometry": {
        "type": "Point",
        "coordinates": [
          10.2081866,
          36.7333361
        ]
      },
      "id": "node/10295305458"
    },
    {
      "type": "Feature",
      "properties": {
        "@id": "node/6450732606",
        "light_rail": "yes",
        "name": "المروج 2",
        "name:ar": "المروج 2",
        "name:fr": "El Mourouj 2",
        "public_transport": "stop_position",
        "railway": "stop"
      },
      "geometry": {
        "type": "Point",
        "coordinates": [
          10.1977399,
          36.7420932
        ]
      },
      "id": "node/6450732606"
    },
    {
      "type": "Feature",
      "properties": {
        "@id": "node/6588656732",
        "bus": "yes",
        "highway": "bus_stop",
        "name": "مفترق المروج 2 خط54أ",
        "name:ar": "مفترق المروج 2 خط54أ",
        "name:fr": "Croisement MOUROUJ 2 L(54A)",
        "public_transport": "stop_position"
      },
      "geometry": {
        "type": "Point",
        "coordinates": [
          10.2036109,
          36.7384843
        ]
      },
      "id": "node/6588656732"
    },
    {
      "type": "Feature",
      "properties": {
        "@id": "node/6450732654",
        "light_rail": "yes",
        "name": "المروج 1",
        "name:ar": "المروج 1",
        "name:fr": "El Mourouj 1",
        "public_transport": "stop_position",
        "railway": "stop"
      },
      "geometry": {
        "type": "Point",
        "coordinates": [
          10.2065617,
          36.73848
        ]
      },
      "id": "node/6450732654"
    },
    {
      "type": "Feature",
      "properties": {
        "@id": "node/10295305423",
        "bus": "yes",
        "highway": "bus_stop",
        "name": "الورود المروج 1",
        "name:ar": "الورود المروج 1",
        "name:fr": "LES ROSES MOUROUJ 1",
        "public_transport": "stop_position"
      },
      "geometry": {
        "type": "Point",
        "coordinates": [
          10.2055154,
          36.7390079
        ]
      },
      "id": "node/10295305423"
    },
    {
      "type": "Feature",
      "properties": {
        "@id": "node/10295305455",
        "bus": "yes",
        "highway": "bus_stop",
        "name": "مفترق المروج 2",
        "name:ar": "مفترق المروج 2",
        "name:fr": "Croisement MOUROUJ 2",
        "public_transport": "stop_position"
      },
      "geometry": {
        "type": "Point",
        "coordinates": [
          10.2059714,
          36.74025
        ]
      },
      "id": "node/10295305455"
    },
    {
      "type": "Feature",
      "properties": {
        "@id": "node/10295305456",
        "bus": "yes",
        "highway": "bus_stop",
        "name": "باطام",
        "name:ar": "باطام",
        "name:fr": "BATAM",
        "public_transport": "platform"
      },
      "geometry": {
        "type": "Point",
        "coordinates": [
          10.2078191,
          36.7377985
        ]
      },
      "id": "node/10295305456"
    },
    {
      "type": "Feature",
      "properties": {
        "@id": "node/10295304409",
        "bus": "yes",
        "highway": "bus_stop",
        "name": "معتمدية المروج 1",
        "name:ar": "معتمدية المروج 1",
        "name:fr": "DÉLÉGATION MOUROUJ 1",
        "public_transport": "platform"
      },
      "geometry": {
        "type": "Point",
        "coordinates": [
          10.2151348,
          36.734691
        ]
      },
      "id": "node/10295304409"
    },
    {
      "type": "Feature",
      "properties": {
        "@id": "node/10295304918",
        "bus": "yes",
        "highway": "bus_stop",
        "name": "صيدلية الليل المروج 1",
        "name:ar": "صيدلية الليل المروج 1",
        "name:fr": "PHARMACIE DE NUIT EL MOUROUJ 1",
        "public_transport": "stop_position"
      },
      "geometry": {
        "type": "Point",
        "coordinates": [
          10.2109603,
          36.7346915
        ]
      },
      "id": "node/10295304918"
    },
    {
      "type": "Feature",
      "properties": {
        "@id": "node/10295305205",
        "bus": "yes",
        "highway": "bus_stop",
        "name": "موبلاتكس",
        "name:ar": "موبلاتكس",
        "name:fr": "MEUBLATEX",
        "public_transport": "platform"
      },
      "geometry": {
        "type": "Point",
        "coordinates": [
          10.2107829,
          36.729967
        ]
      },
      "id": "node/10295305205"
    },
    {
      "type": "Feature",
      "properties": {
        "@id": "node/10295305401",
        "bus": "yes",
        "highway": "bus_stop",
        "name": "ميامي المروج",
        "name:ar": "ميامي المروج",
        "name:fr": "MIAMI MOUROUJ",
        "public_transport": "platform"
      },
      "geometry": {
        "type": "Point",
        "coordinates": [
          10.2123384,
          36.7319913
        ]
      },
      "id": "node/10295305401"
    },
    {
      "type": "Feature",
      "properties": {
        "@id": "node/10295305666",
        "bus": "yes",
        "highway": "bus_stop",
        "name": "المدرسة الاعدادية المروج 3",
        "name:ar": "المدرسة الاعدادية المروج 3",
        "name:fr": "COLLÈGE MOUROUJ 3",
        "public_transport": "platform"
      },
      "geometry": {
        "type": "Point",
        "coordinates": [
          10.2167155,
          36.734157
        ]
      },
      "id": "node/10295305666"
    },
    {
      "type": "Feature",
      "properties": {
        "@id": "node/13103318732",
        "bus": "yes",
        "highway": "bus_stop",
        "name": "معتمدية المروج 1 (رجوع)",
        "name:ar": "معتمدية المروج 1 (رجوع)",
        "name:fr": "DÉLÉGATION MOUROUJ 1 (Retour)",
        "public_transport": "platform"
      },
      "geometry": {
        "type": "Point",
        "coordinates": [
          10.2148697,
          36.7347192
        ]
      },
      "id": "node/13103318732"
    },
    {
      "type": "Feature",
      "properties": {
        "@id": "node/13204985868",
        "bus": "yes",
        "highway": "bus_stop",
        "name": "موبلاتكس",
        "name:ar": "موبلاتكس",
        "name:fr": "MEUBLATEX",
        "public_transport": "platform"
      },
      "geometry": {
        "type": "Point",
        "coordinates": [
          10.2105335,
          36.7300422
        ]
      },
      "id": "node/13204985868"
    },
    {
      "type": "Feature",
      "properties": {
        "@id": "node/10295305665",
        "bus": "yes",
        "highway": "bus_stop",
        "name": "مطبعة بوسلامة",
        "name:ar": "مطبعة بوسلامة",
        "name:fr": "IMPRIMERIE BOUSLAMA",
        "public_transport": "stop_position"
      },
      "geometry": {
        "type": "Point",
        "coordinates": [
          10.2187423,
          36.7299672
        ]
      },
      "id": "node/10295305665"
    },
    {
      "type": "Feature",
      "properties": {
        "@id": "node/10295304917",
        "bus": "yes",
        "highway": "bus_stop",
        "name": "معهد المروج 1",
        "name:ar": "معهد المروج 1",
        "name:fr": "LYCÉE MOUROUJ 1",
        "public_transport": "stop_position"
      },
      "geometry": {
        "type": "Point",
        "coordinates": [
          10.2125159,
          36.7382339
        ]
      },
      "id": "node/10295304917"
    },
    {
      "type": "Feature",
      "properties": {
        "@id": "node/13103286909",
        "bus": "yes",
        "highway": "bus_stop",
        "name": "معهد النور",
        "name:ar": "معهد النور",
        "name:fr": "Institut Nour",
        "operator": "TransTu",
        "public_transport": "platform"
      },
      "geometry": {
        "type": "Point",
        "coordinates": [
          10.2216644,
          36.7395288
        ]
      },
      "id": "node/13103286909"
    },
    {
      "type": "Feature",
      "properties": {
        "@id": "node/13103351014",
        "bus": "yes",
        "highway": "bus_stop",
        "name": "معهد النور (رجوع)",
        "name:ar": "معهد النور (رجوع)",
        "name:fr": "INSTITUT ENNOUR (Retour)",
        "public_transport": "platform"
      },
      "geometry": {
        "type": "Point",
        "coordinates": [
          10.2203423,
          36.7392689
        ]
      },
      "id": "node/13103351014"
    },
    {
      "type": "Feature",
      "properties": {
        "@id": "node/10295305414",
        "bus": "yes",
        "highway": "bus_stop",
        "name": "10800 شارع",
        "name:ar": "10800 شارع",
        "name:fr": "RUE 10800 (2)",
        "public_transport": "stop_position"
      },
      "geometry": {
        "type": "Point",
        "coordinates": [
          10.1829631,
          36.7463873
        ]
      },
      "id": "node/10295305414"
    },
    {
      "type": "Feature",
      "properties": {
        "@id": "node/10295305415",
        "bus": "yes",
        "highway": "bus_stop",
        "name": "10800 شارع",
        "name:ar": "10800 شارع",
        "name:fr": "RUE 10800 (1)",
        "public_transport": "stop_position"
      },
      "geometry": {
        "type": "Point",
        "coordinates": [
          10.1803402,
          36.7494102
        ]
      },
      "id": "node/10295305415"
    },
    {
      "type": "Feature",
      "properties": {
        "@id": "node/10295305416",
        "bus": "yes",
        "highway": "bus_stop",
        "name": "المدرسة الابتدائية 6.1",
        "name:ar": "المدرسة الابتدائية 6.1",
        "name:fr": "ECOLE PRIMAIRE 6.1",
        "public_transport": "stop_position"
      },
      "geometry": {
        "type": "Point",
        "coordinates": [
          10.1801685,
          36.7520064
        ]
      },
      "id": "node/10295305416"
    },
    {
      "type": "Feature",
      "properties": {
        "@id": "node/10295305417",
        "bus": "yes",
        "highway": "bus_stop",
        "name": "(ابن سينا (قسم",
        "name:ar": "(ابن سينا (قسم",
        "name:fr": "IBN SINA(SECTION)",
        "public_transport": "stop_position"
      },
      "geometry": {
        "type": "Point",
        "coordinates": [
          10.178693,
          36.7552331
        ]
      },
      "id": "node/10295305417"
    },
    {
      "type": "Feature",
      "properties": {
        "@id": "node/6450830503",
        "light_rail": "yes",
        "name": "الحي البلدي",
        "name:ar": "الحي البلدي",
        "name:fr": "Cité Municipale",
        "public_transport": "stop_position",
        "railway": "stop"
      },
      "geometry": {
        "type": "Point",
        "coordinates": [
          10.1886915,
          36.7484335
        ]
      },
      "id": "node/6450830503"
    },
    {
      "type": "Feature",
      "properties": {
        "@id": "node/6450830509",
        "light_rail": "yes",
        "name": "النسري",
        "name:ar": "النسري",
        "name:fr": "Ennesri",
        "public_transport": "stop_position",
        "railway": "stop"
      },
      "geometry": {
        "type": "Point",
        "coordinates": [
          10.1904121,
          36.745041
        ]
      },
      "id": "node/6450830509"
    },
    {
      "type": "Feature",
      "properties": {
        "@id": "node/10295305444",
        "bus": "yes",
        "highway": "bus_stop",
        "name": "ابن سينا",
        "name:ar": "ابن سينا",
        "name:fr": "IBN SINA",
        "public_transport": "stop_position"
      },
      "geometry": {
        "type": "Point",
        "coordinates": [
          10.1866753,
          36.7447029
        ]
      },
      "id": "node/10295305444"
    },
    {
      "type": "Feature",
      "properties": {
        "@id": "node/6450830486",
        "light_rail": "yes",
        "name": "الغزالي",
        "name:ar": "الغزالي",
        "name:fr": "Ghazeli",
        "public_transport": "stop_position",
        "railway": "stop"
      },
      "geometry": {
        "type": "Point",
        "coordinates": [
          10.1876065,
          36.7546186
        ]
      },
      "id": "node/6450830486"
    },
    {
      "type": "Feature",
      "properties": {
        "@id": "node/5807446778",
        "light_rail": "yes",
        "name": "ابن سينا",
        "name:ar": "ابن سينا",
        "name:etymology": "ابن سينا",
        "name:etymology:wikidata": "Q8011",
        "name:etymology:wikipedia": "ar:ابن سينا",
        "name:fr": "Ibn Sina",
        "railway": "halt",
        "ref": "1;12;14"
      },
      "geometry": {
        "type": "Point",
        "coordinates": [
          10.1939618,
          36.754263
        ]
      },
      "id": "node/5807446778"
    },
    {
      "type": "Feature",
      "properties": {
        "@id": "node/10295305418",
        "bus": "yes",
        "highway": "bus_stop",
        "name": "جامع ابن سيناء",
        "name:ar": "جامع ابن سيناء",
        "name:fr": "MOSQUÉE IBN SINA",
        "public_transport": "stop_position"
      },
      "geometry": {
        "type": "Point",
        "coordinates": [
          10.1817136,
          36.7578651
        ]
      },
      "id": "node/10295305418"
    },
    {
      "type": "Feature",
      "properties": {
        "@id": "node/6450830163",
        "light_rail": "yes",
        "name": "محمد علي",
        "name:ar": "محمد علي",
        "name:fr": "Mohammed Ali",
        "public_transport": "stop_position",
        "railway": "stop"
      },
      "geometry": {
        "type": "Point",
        "coordinates": [
          10.1839855,
          36.7677403
        ]
      },
      "id": "node/6450830163"
    },
    {
      "type": "Feature",
      "properties": {
        "@id": "node/5807446771",
        "light_rail": "yes",
        "name": "الكبارية",
        "name:ar": "الكبارية",
        "name:fr": "El Kabaria",
        "public_transport": "stop_position",
        "railway": "stop",
        "ref": "1"
      },
      "geometry": {
        "type": "Point",
        "coordinates": [
          10.1905623,
          36.759891
        ]
      },
      "id": "node/5807446771"
    },
    {
      "type": "Feature",
      "properties": {
        "@id": "node/5807446776",
        "light_rail": "yes",
        "name": "الكبارية",
        "name:ar": "الكبارية",
        "name:fr": "El Kabaria",
        "railway": "halt",
        "ref": "1"
      },
      "geometry": {
        "type": "Point",
        "coordinates": [
          10.1905435,
          36.759877
        ]
      },
      "id": "node/5807446776"
    },
    {
      "type": "Feature",
      "properties": {
        "@id": "node/6450830370",
        "alt_name": "الطاهر حداد",
        "alt_name:ar": "الطاهر حداد",
        "light_rail": "yes",
        "name": "الطاهر الحداد",
        "name:ar": "الطاهر الحداد",
        "name:etymology": "الطاهر الحداد",
        "name:etymology:wikidata": "Q969533",
        "name:etymology:wikipedia": "ar:الطاهر الحداد",
        "name:fr": "Tahar Haddad",
        "public_transport": "stop_position",
        "railway": "stop"
      },
      "geometry": {
        "type": "Point",
        "coordinates": [
          10.1869681,
          36.7607322
        ]
      },
      "id": "node/6450830370"
    },
    {
      "type": "Feature",
      "properties": {
        "@id": "node/10295305419",
        "bus": "yes",
        "highway": "bus_stop",
        "name": "عمارات الجيش الوطني ابن سينا",
        "name:ar": "عمارات الجيش الوطني ابن سينا",
        "name:fr": "IMMEUBLE MILITAIRE IBN SINA",
        "public_transport": "stop_position"
      },
      "geometry": {
        "type": "Point",
        "coordinates": [
          10.1866594,
          36.7592742
        ]
      },
      "id": "node/10295305419"
    },
    {
      "type": "Feature",
      "properties": {
        "@id": "node/10295305420",
        "bus": "yes",
        "highway": "bus_stop",
        "name": "جسر مترو الكبارية",
        "name:ar": "جسر مترو الكبارية",
        "name:fr": "PONT MÉTRO KABARIA",
        "public_transport": "stop_position"
      },
      "geometry": {
        "type": "Point",
        "coordinates": [
          10.1875551,
          36.7622819
        ]
      },
      "id": "node/10295305420"
    },
    {
      "type": "Feature",
      "properties": {
        "@id": "node/10295305413",
        "bus": "yes",
        "highway": "bus_stop",
        "name": "حمّام جبل جلود",
        "name:ar": "حمّام جبل جلود",
        "name:fr": "HAMMAM J-JELLOUD",
        "public_transport": "stop_position"
      },
      "geometry": {
        "type": "Point",
        "coordinates": [
          10.1950065,
          36.7676371
        ]
      },
      "id": "node/10295305413"
    },
    {
      "type": "Feature",
      "properties": {
        "@id": "node/10295305421",
        "bus": "yes",
        "highway": "bus_stop",
        "name": "مدرسة الكبارية",
        "name:ar": "مدرسة الكبارية",
        "name:fr": "E.P. KABARIA",
        "public_transport": "stop_position"
      },
      "geometry": {
        "type": "Point",
        "coordinates": [
          10.1914818,
          36.7633472
        ]
      },
      "id": "node/10295305421"
    },
    {
      "type": "Feature",
      "properties": {
        "@id": "node/10295305422",
        "bus": "yes",
        "highway": "bus_stop",
        "name": "حي محمد علي",
        "name:ar": "حي محمد علي",
        "name:fr": "CITÉ MED ALI",
        "public_transport": "stop_position"
      },
      "geometry": {
        "type": "Point",
        "coordinates": [
          10.1919861,
          36.7668109
        ]
      },
      "id": "node/10295305422"
    },
    {
      "type": "Feature",
      "properties": {
        "@id": "node/10295305454",
        "bus": "yes",
        "highway": "bus_stop",
        "name": "جسرالمروج 2",
        "name:ar": "جسرالمروج 2",
        "name:fr": "PONT MOUROUJ 2",
        "public_transport": "stop_position"
      },
      "geometry": {
        "type": "Point",
        "coordinates": [
          10.207993,
          36.7431611
        ]
      },
      "id": "node/10295305454"
    },
    {
      "type": "Feature",
      "properties": {
        "@id": "node/6416450569",
        "light_rail": "yes",
        "name": "الوردية",
        "name:ar": "الوردية",
        "name:fr": "El Ouardia",
        "public_transport": "station",
        "railway": "station",
        "station": "light_rail"
      },
      "geometry": {
        "type": "Point",
        "coordinates": [
          10.199072,
          36.7542113
        ]
      },
      "id": "node/6416450569"
    },
    {
      "type": "Feature",
      "properties": {
        "@id": "node/5807446756",
        "light_rail": "yes",
        "name": "حي النور",
        "name:ar": "حي النور",
        "name:fr": "Cité Ennour",
        "railway": "halt"
      },
      "geometry": {
        "type": "Point",
        "coordinates": [
          10.2047358,
          36.7514842
        ]
      },
      "id": "node/5807446756"
    },
    {
      "type": "Feature",
      "properties": {
        "@id": "node/10295305520",
        "bus": "yes",
        "highway": "bus_stop",
        "name": "مركز الإصابات والحروق البليغة",
        "name:ar": "مركز الإصابات والحروق البليغة",
        "name:fr": "CENTRE DE TRAUMATOLOGIE ET des GRANDS BRÛLÉS",
        "public_transport": "stop_position"
      },
      "geometry": {
        "type": "Point",
        "coordinates": [
          10.211046,
          36.7471996
        ]
      },
      "id": "node/10295305520"
    },
    {
      "type": "Feature",
      "properties": {
        "@id": "node/10295304974",
        "bus": "yes",
        "highway": "bus_stop",
        "name": "حي الاسكان 2",
        "name:ar": "حي الاسكان 2",
        "name:fr": "CITE EL ESKAN 2",
        "public_transport": "stop_position"
      },
      "geometry": {
        "type": "Point",
        "coordinates": [
          10.2215547,
          36.7461982
        ]
      },
      "id": "node/10295304974"
    },
    {
      "type": "Feature",
      "properties": {
        "@id": "node/11483877208",
        "light_rail": "yes",
        "name": "أبو القاسم الشابي",
        "name:ar": "أبو القاسم الشابي",
        "name:etymology": "أبو القاسم الشابي",
        "name:etymology:wikidata": "Q335543",
        "name:etymology:wikipedia": "ar:أبو القاسم الشابي",
        "name:fr": "Abou El Kacem Echebbi",
        "public_transport": "stop_position",
        "railway": "stop"
      },
      "geometry": {
        "type": "Point",
        "coordinates": [
          10.214734,
          36.752463
        ]
      },
      "id": "node/11483877208"
    },
    {
      "type": "Feature",
      "properties": {
        "@id": "node/13591363929",
        "light_rail": "yes",
        "name": "أبو القاسم الشابي",
        "name:ar": "أبو القاسم الشابي",
        "name:etymology": "أبو القاسم الشابي",
        "name:etymology:wikidata": "Q335543",
        "name:etymology:wikipedia": "ar:أبو القاسم الشابي",
        "name:fr": "Abou El Kacem Echebbi",
        "public_transport": "station",
        "railway": "halt"
      },
      "geometry": {
        "type": "Point",
        "coordinates": [
          10.2147493,
          36.7524516
        ]
      },
      "id": "node/13591363929"
    },
    {
      "type": "Feature",
      "properties": {
        "@id": "node/10295304972",
        "bus": "yes",
        "highway": "bus_stop",
        "name": "الاتحاد العام التونسي للشغل ببن عروس",
        "name:ar": "الاتحاد العام التونسي للشغل ببن عروس",
        "name:fr": "UGTT BEN AROUS",
        "public_transport": "platform"
      },
      "geometry": {
        "type": "Point",
        "coordinates": [
          10.2235284,
          36.7508055
        ]
      },
      "id": "node/10295304972"
    },
    {
      "type": "Feature",
      "properties": {
        "@id": "node/10295305671",
        "bus": "yes",
        "highway": "bus_stop",
        "name": "مركز بن عروس",
        "name:ar": "مركز بن عروس",
        "name:fr": "CENTRE BEN AROUS",
        "public_transport": "stop_position"
      },
      "geometry": {
        "type": "Point",
        "coordinates": [
          10.2224984,
          36.75346
        ]
      },
      "id": "node/10295305671"
    },
    {
      "type": "Feature",
      "properties": {
        "@id": "node/11483877209",
        "light_rail": "yes",
        "name": "بن عروس",
        "name:ar": "بن عروس",
        "name:fr": "Ben Arous",
        "public_transport": "stop_position",
        "railway": "stop"
      },
      "geometry": {
        "type": "Point",
        "coordinates": [
          10.2203362,
          36.7554098
        ]
      },
      "id": "node/11483877209"
    },
    {
      "type": "Feature",
      "properties": {
        "@id": "node/13591363928",
        "light_rail": "yes",
        "name": "بن عروس",
        "name:ar": "بن عروس",
        "name:fr": "Ben Arous",
        "public_transport": "station",
        "railway": "halt"
      },
      "geometry": {
        "type": "Point",
        "coordinates": [
          10.2203141,
          36.755396
        ]
      },
      "id": "node/13591363928"
    },
    {
      "type": "Feature",
      "properties": {
        "@id": "node/10295305411",
        "bus": "yes",
        "highway": "bus_stop",
        "name": "جامع حي الفتح",
        "name:ar": "جامع حي الفتح",
        "name:fr": "MOSQUÉE CITÉ EL FETH",
        "public_transport": "stop_position"
      },
      "geometry": {
        "type": "Point",
        "coordinates": [
          10.2015771,
          36.7659921
        ]
      },
      "id": "node/10295305411"
    },
    {
      "type": "Feature",
      "properties": {
        "@id": "node/10295305412",
        "bus": "yes",
        "highway": "bus_stop",
        "name": "جبل جلود 9ب",
        "name:ar": "جبل جلود 9ب",
        "name:fr": "JEBEL JELLOUD 9B",
        "public_transport": "stop_position"
      },
      "geometry": {
        "type": "Point",
        "coordinates": [
          10.1977906,
          36.7672117
        ]
      },
      "id": "node/10295305412"
    },
    {
      "type": "Feature",
      "properties": {
        "@id": "node/10295305406",
        "bus": "yes",
        "highway": "bus_stop",
        "name": "2 سيدي فتح الله",
        "name:ar": "2 سيدي فتح الله",
        "name:fr": "SIDI FATHALLAH 2",
        "public_transport": "stop_position"
      },
      "geometry": {
        "type": "Point",
        "coordinates": [
          10.2092375,
          36.7667667
        ]
      },
      "id": "node/10295305406"
    },
    {
      "type": "Feature",
      "properties": {
        "@id": "node/10295305407",
        "bus": "yes",
        "highway": "bus_stop",
        "name": "حي ثامر",
        "name:ar": "حي ثامر",
        "name:fr": "CITÉ THAMEUR",
        "public_transport": "stop_position"
      },
      "geometry": {
        "type": "Point",
        "coordinates": [
          10.2086643,
          36.7647407
        ]
      },
      "id": "node/10295305407"
    },
    {
      "type": "Feature",
      "properties": {
        "@id": "node/10295305408",
        "bus": "yes",
        "highway": "bus_stop",
        "name": "صوناد",
        "name:ar": "صوناد",
        "name:fr": "SONED",
        "public_transport": "stop_position"
      },
      "geometry": {
        "type": "Point",
        "coordinates": [
          10.210255,
          36.7652949
        ]
      },
      "id": "node/10295305408"
    },
    {
      "type": "Feature",
      "properties": {
        "@id": "node/10295305409",
        "bus": "yes",
        "highway": "bus_stop",
        "name": "مكتب بريد سيدي فتح الله",
        "name:ar": "مكتب بريد سيدي فتح الله",
        "name:fr": "PTT SIDI FATHALLAH",
        "public_transport": "stop_position"
      },
      "geometry": {
        "type": "Point",
        "coordinates": [
          10.2085621,
          36.76596
        ]
      },
      "id": "node/10295305409"
    },
    {
      "type": "Feature",
      "properties": {
        "@id": "node/10295305410",
        "bus": "yes",
        "highway": "bus_stop",
        "name": "قرجومة",
        "name:ar": "قرجومة",
        "name:fr": "GARJOUMA",
        "public_transport": "stop_position"
      },
      "geometry": {
        "type": "Point",
        "coordinates": [
          10.205215,
          36.765381
        ]
      },
      "id": "node/10295305410"
    },
    {
      "type": "Feature",
      "properties": {
        "@id": "node/10295304490",
        "bus": "yes",
        "highway": "bus_stop",
        "name": "البنك الوطني الفلاحي",
        "name:ar": "البنك الوطني الفلاحي",
        "name:fr": "BNA BEN AROUS",
        "public_transport": "stop_position"
      },
      "geometry": {
        "type": "Point",
        "coordinates": [
          10.2204016,
          36.7561797
        ]
      },
      "id": "node/10295304490"
    },
    {
      "type": "Feature",
      "properties": {
        "@id": "node/10295305521",
        "bus": "yes",
        "highway": "bus_stop",
        "name": "كيوسك موبيل بن عروس",
        "name:ar": "كيوسك موبيل بن عروس",
        "name:fr": "KIOSQUE MOBIL BEN AROUS",
        "public_transport": "stop_position"
      },
      "geometry": {
        "type": "Point",
        "coordinates": [
          10.2187867,
          36.7570296
        ]
      },
      "id": "node/10295305521"
    },
    {
      "type": "Feature",
      "properties": {
        "@id": "node/10295305672",
        "bus": "yes",
        "highway": "bus_stop",
        "name": "بن يدر بن عروس",
        "name:ar": "بن يدر بن عروس",
        "name:fr": "BEN YEDDER BEN AROUS",
        "public_transport": "stop_position"
      },
      "geometry": {
        "type": "Point",
        "coordinates": [
          10.220514,
          36.7567029
        ]
      },
      "id": "node/10295305672"
    },
    {
      "type": "Feature",
      "properties": {
        "@id": "node/10295305673",
        "bus": "yes",
        "highway": "bus_stop",
        "name": "رياض اطفال بن عروس",
        "name:ar": "رياض اطفال بن عروس",
        "name:fr": "JARDIN D'ENFANTS BEN AROUS",
        "public_transport": "stop_position"
      },
      "geometry": {
        "type": "Point",
        "coordinates": [
          10.2224881,
          36.7587492
        ]
      },
      "id": "node/10295305673"
    },
    {
      "type": "Feature",
      "properties": {
        "@id": "node/10295305679",
        "bus": "yes",
        "highway": "bus_stop",
        "name": "ستوا كابا",
        "name:ar": "ستوا كابا",
        "name:fr": "STOA CABA",
        "public_transport": "stop_position"
      },
      "geometry": {
        "type": "Point",
        "coordinates": [
          10.2157355,
          36.7686077
        ]
      },
      "id": "node/10295305679"
    },
    {
      "type": "Feature",
      "properties": {
        "@id": "node/10295305676",
        "bus": "yes",
        "highway": "bus_stop",
        "name": "الضمان الاجتماعي",
        "name:ar": "الضمان الاجتماعي",
        "name:fr": "CNSS",
        "public_transport": "stop_position"
      },
      "geometry": {
        "type": "Point",
        "coordinates": [
          10.2233996,
          36.765065
        ]
      },
      "id": "node/10295305676"
    },
    {
      "type": "Feature",
      "properties": {
        "@id": "node/10295305678",
        "bus": "yes",
        "highway": "bus_stop",
        "name": "سوفوميك",
        "name:ar": "سوفوميك",
        "name:fr": "SOFOMECA",
        "public_transport": "stop_position"
      },
      "geometry": {
        "type": "Point",
        "coordinates": [
          10.2217893,
          36.7658672
        ]
      },
      "id": "node/10295305678"
    },
    {
      "type": "Feature",
      "properties": {
        "@id": "node/10295305663",
        "bus": "yes",
        "highway": "bus_stop",
        "name": "مفترق سوق الجملة",
        "name:ar": "مفترق سوق الجملة",
        "name:fr": "Croisement MARCHÉ DE GROS",
        "public_transport": "platform"
      },
      "geometry": {
        "type": "Point",
        "coordinates": [
          10.2240638,
          36.7227804
        ]
      },
      "id": "node/10295305663"
    },
    {
      "type": "Feature",
      "properties": {
        "@id": "node/13194545089",
        "bus": "yes",
        "highway": "bus_stop",
        "name": "Croisement Marché de Gros",
        "public_transport": "platform"
      },
      "geometry": {
        "type": "Point",
        "coordinates": [
          10.2243893,
          36.7230735
        ]
      },
      "id": "node/13194545089"
    },
    {
      "type": "Feature",
      "properties": {
        "@id": "node/10295305661",
        "bus": "yes",
        "highway": "bus_stop",
        "name": "حي الزيتونة",
        "name:ar": "حي الزيتونة",
        "name:fr": "CITÉ EZITOUNA",
        "public_transport": "stop_position"
      },
      "geometry": {
        "type": "Point",
        "coordinates": [
          10.234578,
          36.7204048
        ]
      },
      "id": "node/10295305661"
    },
    {
      "type": "Feature",
      "properties": {
        "@id": "node/10295305662",
        "bus": "yes",
        "highway": "bus_stop",
        "name": "سوق الجملة",
        "name:ar": "سوق الجملة",
        "name:fr": "MARCHÉ DE GROS",
        "public_transport": "stop_position"
      },
      "geometry": {
        "type": "Point",
        "coordinates": [
          10.2284841,
          36.7243262
        ]
      },
      "id": "node/10295305662"
    },
    {
      "type": "Feature",
      "properties": {
        "@id": "node/13194562161",
        "amenity": "bus_station",
        "bus": "yes",
        "name": "Marche de Gros",
        "network": "Transtu",
        "public_transport": "station"
      },
      "geometry": {
        "type": "Point",
        "coordinates": [
          10.2286738,
          36.7250679
        ]
      },
      "id": "node/13194562161"
    },
    {
      "type": "Feature",
      "properties": {
        "@id": "node/10295305517",
        "bus": "yes",
        "highway": "bus_stop",
        "name": "مقهي فلة",
        "name:ar": "مقهي فلة",
        "name:fr": "CAFÉ FOLLA",
        "public_transport": "stop_position"
      },
      "geometry": {
        "type": "Point",
        "coordinates": [
          10.2355451,
          36.7352535
        ]
      },
      "id": "node/10295305517"
    },
    {
      "type": "Feature",
      "properties": {
        "@id": "node/8231384505",
        "name": "بئر القصعة",
        "name:fr": "Bir Kassa",
        "public_transport": "station",
        "railway": "station",
        "stop_id": "89",
        "train": "yes"
      },
      "geometry": {
        "type": "Point",
        "coordinates": [
          10.2287943,
          36.7405711
        ]
      },
      "id": "node/8231384505"
    },
    {
      "type": "Feature",
      "properties": {
        "@id": "node/13103303781",
        "bus": "yes",
        "highway": "bus_stop",
        "name": "سليلوز",
        "name:ar": "سليلوز",
        "name:fr": "CELLULOSE (silos) (Retour)",
        "operator": "TransTu",
        "public_transport": "platform"
      },
      "geometry": {
        "type": "Point",
        "coordinates": [
          10.226823,
          36.7424249
        ]
      },
      "id": "node/13103303781"
    },
    {
      "type": "Feature",
      "properties": {
        "@id": "node/10295305516",
        "bus": "yes",
        "highway": "bus_stop",
        "name": "معهد اليسمينات",
        "name:ar": "معهد اليسمينات",
        "name:fr": "LYCÉE YASSMINET",
        "public_transport": "stop_position"
      },
      "geometry": {
        "type": "Point",
        "coordinates": [
          10.2375034,
          36.7331223
        ]
      },
      "id": "node/10295305516"
    },
    {
      "type": "Feature",
      "properties": {
        "@id": "node/10295305638",
        "bus": "yes",
        "highway": "bus_stop",
        "name": "المستشفي الجهوي باليسمينات",
        "name:ar": "المستشفي الجهوي باليسمينات",
        "name:fr": "HÔPITAL RÉGIONAL YESMINET",
        "public_transport": "stop_position"
      },
      "geometry": {
        "type": "Point",
        "coordinates": [
          10.2468533,
          36.7322446
        ]
      },
      "id": "node/10295305638"
    },
    {
      "type": "Feature",
      "properties": {
        "@id": "node/10295305639",
        "bus": "yes",
        "highway": "bus_stop",
        "name": "سيدي مصباح",
        "name:ar": "سيدي مصباح",
        "name:fr": "SIDI MOSBAH",
        "public_transport": "stop_position"
      },
      "geometry": {
        "type": "Point",
        "coordinates": [
          10.2437415,
          36.7350965
        ]
      },
      "id": "node/10295305639"
    },
    {
      "type": "Feature",
      "properties": {
        "@id": "node/10295305518",
        "bus": "yes",
        "highway": "bus_stop",
        "name": "مجزرة الشمال",
        "name:ar": "مجزرة الشمال",
        "name:fr": "BOUCHERIE NORD",
        "public_transport": "stop_position"
      },
      "geometry": {
        "type": "Point",
        "coordinates": [
          10.2369935,
          36.7370763
        ]
      },
      "id": "node/10295305518"
    },
    {
      "type": "Feature",
      "properties": {
        "@id": "node/10295305519",
        "bus": "yes",
        "highway": "bus_stop",
        "name": "رياض اطفال أمان",
        "name:ar": "رياض اطفال أمان",
        "name:fr": "JARDIN D'ENFANTS AMEN",
        "public_transport": "stop_position"
      },
      "geometry": {
        "type": "Point",
        "coordinates": [
          10.2401856,
          36.7386465
        ]
      },
      "id": "node/10295305519"
    },
    {
      "type": "Feature",
      "properties": {
        "@id": "node/10295305640",
        "bus": "yes",
        "highway": "bus_stop",
        "name": "مقهي اليسمينات",
        "name:ar": "مقهي اليسمينات",
        "name:fr": "CAFÉ YASMINET",
        "public_transport": "stop_position"
      },
      "geometry": {
        "type": "Point",
        "coordinates": [
          10.2408866,
          36.7380861
        ]
      },
      "id": "node/10295305640"
    },
    {
      "type": "Feature",
      "properties": {
        "@id": "node/10295305641",
        "bus": "yes",
        "highway": "bus_stop",
        "name": "اليسمينات",
        "name:ar": "اليسمينات",
        "name:fr": "YASMINET CENTRE",
        "public_transport": "stop_position"
      },
      "geometry": {
        "type": "Point",
        "coordinates": [
          10.2380766,
          36.7407195
        ]
      },
      "id": "node/10295305641"
    },
    {
      "type": "Feature",
      "properties": {
        "@id": "node/10295305649",
        "bus": "yes",
        "highway": "bus_stop",
        "name": "مقبرة سيدي مصباح",
        "name:ar": "مقبرة سيدي مصباح",
        "name:fr": "CIMETIÈRE SIDI MOSBEH",
        "public_transport": "stop_position"
      },
      "geometry": {
        "type": "Point",
        "coordinates": [
          10.2409091,
          36.740943
        ]
      },
      "id": "node/10295305649"
    },
    {
      "type": "Feature",
      "properties": {
        "@id": "node/10295304300",
        "bus": "yes",
        "highway": "bus_stop",
        "name": "كارفور المدينة الجديدة",
        "name:ar": "كارفور المدينة الجديدة",
        "name:fr": "CARREFOUR MÉDINA JEDIDA",
        "public_transport": "stop_position"
      },
      "geometry": {
        "type": "Point",
        "coordinates": [
          10.2494455,
          36.7420979
        ]
      },
      "id": "node/10295304300"
    },
    {
      "type": "Feature",
      "properties": {
        "@id": "node/10295305650",
        "bus": "yes",
        "highway": "bus_stop",
        "name": "الجامع",
        "name:ar": "الجامع",
        "name:fr": "MOSQUÉE",
        "public_transport": "platform"
      },
      "geometry": {
        "type": "Point",
        "coordinates": [
          10.2445252,
          36.7385815
        ]
      },
      "id": "node/10295305650"
    },
    {
      "type": "Feature",
      "properties": {
        "@id": "node/10295305651",
        "bus": "yes",
        "highway": "bus_stop",
        "name": "المدرسة الاعدادية اليسمينات",
        "name:ar": "المدرسة الاعدادية اليسمينات",
        "name:fr": "COLLÈGE YASMINET",
        "public_transport": "stop_position"
      },
      "geometry": {
        "type": "Point",
        "coordinates": [
          10.2463378,
          36.739878
        ]
      },
      "id": "node/10295305651"
    },
    {
      "type": "Feature",
      "properties": {
        "@id": "node/10295305102",
        "bus": "yes",
        "highway": "bus_stop",
        "name": "فريقو الحج صالح",
        "name:ar": "فريقو الحج صالح",
        "name:fr": "FRIGO HADJ SALEH",
        "public_transport": "stop_position"
      },
      "geometry": {
        "type": "Point",
        "coordinates": [
          10.2611605,
          36.7184993
        ]
      },
      "id": "node/10295305102"
    },
    {
      "type": "Feature",
      "properties": {
        "@id": "node/10295305101",
        "bus": "yes",
        "highway": "bus_stop",
        "name": "جنسر وادي مليان",
        "name:ar": "جنسر وادي مليان",
        "name:fr": "PONT OUED MILIYEN",
        "public_transport": "stop_position"
      },
      "geometry": {
        "type": "Point",
        "coordinates": [
          10.2558334,
          36.7236021
        ]
      },
      "id": "node/10295305101"
    },
    {
      "type": "Feature",
      "properties": {
        "@id": "node/10295305109",
        "bus": "yes",
        "highway": "bus_stop",
        "name": "معمل الطماطم",
        "name:ar": "معمل الطماطم",
        "name:fr": "USINE DE TOMATE",
        "public_transport": "stop_position"
      },
      "geometry": {
        "type": "Point",
        "coordinates": [
          10.2730526,
          36.7413385
        ]
      },
      "id": "node/10295305109"
    },
    {
      "type": "Feature",
      "properties": {
        "@id": "node/10295304975",
        "bus": "yes",
        "highway": "bus_stop",
        "name": "1 حي الاسكان",
        "name:ar": "1 حي الاسكان",
        "name:fr": "CITE EL ESKAN 1",
        "public_transport": "stop_position"
      },
      "geometry": {
        "type": "Point",
        "coordinates": [
          10.2248596,
          36.7464771
        ]
      },
      "id": "node/10295304975"
    },
    {
      "type": "Feature",
      "properties": {
        "@id": "node/10295305659",
        "bus": "yes",
        "highway": "bus_stop",
        "name": "باطا",
        "name:ar": "باطا",
        "name:fr": "BATA",
        "operator": "Transtu",
        "public_transport": "platform"
      },
      "geometry": {
        "type": "Point",
        "coordinates": [
          10.2278881,
          36.7491975
        ]
      },
      "id": "node/10295305659"
    },
    {
      "type": "Feature",
      "properties": {
        "@id": "node/10295305670",
        "bus": "yes",
        "highway": "bus_stop",
        "name": "بلدية بن عروس (رجوع)",
        "name:ar": "بلدية بن عروس (رجوع)",
        "name:fr": "Municipalité de Ben Arous (Retour)",
        "operator": "TransTu",
        "public_transport": "stop_position"
      },
      "geometry": {
        "type": "Point",
        "coordinates": [
          10.2253892,
          36.7481303
        ]
      },
      "id": "node/10295305670"
    },
    {
      "type": "Feature",
      "properties": {
        "@id": "node/13103303782",
        "bus": "yes",
        "highway": "bus_stop",
        "name": "سليلوز (رجوع)",
        "name:ar": "سليلوز (رجوع)",
        "name:fr": "CELLULOSE (silos) (Retour)",
        "operator": "TransTu",
        "public_transport": "platform"
      },
      "geometry": {
        "type": "Point",
        "coordinates": [
          10.2262594,
          36.742946
        ]
      },
      "id": "node/13103303782"
    },
    {
      "type": "Feature",
      "properties": {
        "@id": "node/13103318729",
        "bus": "yes",
        "highway": "bus_stop",
        "name": "مركز الاحاطة بالمعاقين (رجوع)",
        "name:ar": "مركز الاحاطة بالمعاقين (رجوع)",
        "name:fr": "CENTRE des HANDICAPÉS (Retour)",
        "operator": "TransTu",
        "public_transport": "platform"
      },
      "geometry": {
        "type": "Point",
        "coordinates": [
          10.225862,
          36.7453928
        ]
      },
      "id": "node/13103318729"
    },
    {
      "type": "Feature",
      "properties": {
        "@id": "node/13103318730",
        "bus": "yes",
        "highway": "bus_stop",
        "name": "مركز الاحاطة بالمعاقين",
        "name:ar": "مركز الاحاطة بالمعاقين",
        "name:fr": "CENTRE des HANDICAPÉS",
        "operator": "TransTu",
        "public_transport": "platform"
      },
      "geometry": {
        "type": "Point",
        "coordinates": [
          10.2258664,
          36.7467384
        ]
      },
      "id": "node/13103318730"
    },
    {
      "type": "Feature",
      "properties": {
        "@id": "node/13103318731",
        "bus": "yes",
        "highway": "bus_stop",
        "name": "بلدية بن عروس",
        "name:ar": "بلدية بن عروس",
        "name:fr": "Municipalité de Ben Arous",
        "operator": "TransTu",
        "public_transport": "platform"
      },
      "geometry": {
        "type": "Point",
        "coordinates": [
          10.2253707,
          36.7486502
        ]
      },
      "id": "node/13103318731"
    },
    {
      "type": "Feature",
      "properties": {
        "@id": "node/13103351017",
        "bus": "yes",
        "highway": "bus_stop",
        "name": "باطا (رجوع)",
        "name:ar": "باطا (رجوع)",
        "name:fr": "BATA (Retour)",
        "operator": "TransTu",
        "public_transport": "platform"
      },
      "geometry": {
        "type": "Point",
        "coordinates": [
          10.2284908,
          36.7489856
        ]
      },
      "id": "node/13103351017"
    },
    {
      "type": "Feature",
      "properties": {
        "@id": "node/10295305642",
        "bus": "yes",
        "highway": "bus_stop",
        "name": "مفترق اليسمينات طريق مرناق",
        "name:ar": "مفترق اليسمينات طريق مرناق",
        "name:fr": "Croisement YASMINET ROUTE MOURNEG",
        "public_transport": "platform"
      },
      "geometry": {
        "type": "Point",
        "coordinates": [
          10.2346397,
          36.7435348
        ]
      },
      "id": "node/10295305642"
    },
    {
      "type": "Feature",
      "properties": {
        "@id": "node/13103351018",
        "bus": "yes",
        "highway": "bus_stop",
        "name": "مفترق اليسمينات",
        "name:ar": "مفترق اليسمينات",
        "name:fr": "Croisement YASMINET",
        "operator": "TransTu",
        "public_transport": "platform"
      },
      "geometry": {
        "type": "Point",
        "coordinates": [
          10.2352016,
          36.7450237
        ]
      },
      "id": "node/13103351018"
    },
    {
      "type": "Feature",
      "properties": {
        "@id": "node/13103351019",
        "bus": "yes",
        "highway": "bus_stop",
        "name": "مفترق اليسمينات (رجوع)",
        "name:ar": "مفترق اليسمينات (رجوع)",
        "name:fr": "Croisement YASMINET (Retour)",
        "operator": "TransTu",
        "public_transport": "platform"
      },
      "geometry": {
        "type": "Point",
        "coordinates": [
          10.2334785,
          36.7453354
        ]
      },
      "id": "node/13103351019"
    },
    {
      "type": "Feature",
      "properties": {
        "@id": "node/10295304298",
        "bench": "no",
        "bin": "no",
        "bus": "yes",
        "highway": "bus_stop",
        "lit": "no",
        "name": "محطة رياض الآطفال",
        "name:ar": "محطة رياض الآطفال",
        "name:fr": "Arrêt JARDIN D'ENFANTS",
        "operator": "TransTu",
        "public_transport": "platform",
        "shelter": "no"
      },
      "geometry": {
        "type": "Point",
        "coordinates": [
          10.224469,
          36.7508439
        ]
      },
      "id": "node/10295304298"
    },
    {
      "type": "Feature",
      "properties": {
        "@id": "node/10295304305",
        "bus": "yes",
        "highway": "bus_stop",
        "name": "صيدلية الليل بن عروس",
        "name:ar": "صيدلية الليل بن عروس",
        "name:fr": "PHARMACIE DE NUIT BEN AROUS",
        "public_transport": "platform"
      },
      "geometry": {
        "type": "Point",
        "coordinates": [
          10.2258714,
          36.7504782
        ]
      },
      "id": "node/10295304305"
    },
    {
      "type": "Feature",
      "properties": {
        "@id": "node/10295304396",
        "bus": "yes",
        "highway": "bus_stop",
        "name": "جامع بن عروس",
        "name:ar": "جامع بن عروس",
        "name:fr": "Mosquée Ben Arous",
        "public_transport": "platform"
      },
      "geometry": {
        "type": "Point",
        "coordinates": [
          10.225867,
          36.7508662
        ]
      },
      "id": "node/10295304396"
    },
    {
      "type": "Feature",
      "properties": {
        "@id": "node/13103351015",
        "bus": "yes",
        "highway": "bus_stop",
        "name": "محطة رياض الآطفال (رجوع)",
        "name:ar": "محطة رياض الآطفال (رجوع)",
        "name:fr": "Arrêt JARDIN D'ENFANTS (Retour)",
        "operator": "TransTu",
        "public_transport": "platform"
      },
      "geometry": {
        "type": "Point",
        "coordinates": [
          10.2241876,
          36.7510922
        ]
      },
      "id": "node/13103351015"
    },
    {
      "type": "Feature",
      "properties": {
        "@id": "node/13103351016",
        "bus": "yes",
        "highway": "bus_stop",
        "name": "جامع بن عروس (رجوع)",
        "name:ar": "جامع بن عروس (رجوع)",
        "name:fr": "Mosquée Ben Arous (Retour)",
        "operator": "TransTu",
        "public_transport": "platform"
      },
      "geometry": {
        "type": "Point",
        "coordinates": [
          10.2259879,
          36.7509687
        ]
      },
      "id": "node/13103351016"
    },
    {
      "type": "Feature",
      "properties": {
        "@id": "node/10295305645",
        "bus": "yes",
        "highway": "bus_stop",
        "name": "المغازة العامة بن عروس",
        "name:ar": "المغازة العامة بن عروس",
        "name:fr": "MAGASIN GÉNÉRAL BEN AROUS",
        "public_transport": "platform"
      },
      "geometry": {
        "type": "Point",
        "coordinates": [
          10.2319939,
          36.7550525
        ]
      },
      "id": "node/10295305645"
    },
    {
      "type": "Feature",
      "properties": {
        "@id": "node/10295305657",
        "bus": "yes",
        "highway": "bus_stop",
        "name": "مقهي مهذبي",
        "name:ar": "مقهي مهذبي",
        "name:fr": "CAFÉ MHEDHBI",
        "network": "Transtu",
        "public_transport": "platform"
      },
      "geometry": {
        "type": "Point",
        "coordinates": [
          10.2384265,
          36.7476475
        ]
      },
      "id": "node/10295305657"
    },
    {
      "type": "Feature",
      "properties": {
        "@id": "node/10295305648",
        "bus": "yes",
        "highway": "bus_stop",
        "name": "معهد ابن منضور",
        "name:ar": "معهد ابن منضور",
        "name:fr": "LYCÉE IBN MANDHOUR",
        "public_transport": "stop_position"
      },
      "geometry": {
        "type": "Point",
        "coordinates": [
          10.2435483,
          36.7443647
        ]
      },
      "id": "node/10295305648"
    },
    {
      "type": "Feature",
      "properties": {
        "@id": "node/10295305644",
        "bus": "yes",
        "highway": "bus_stop",
        "name": "حي حشاد",
        "name:ar": "حي حشاد",
        "name:fr": "CITÉ HACHED",
        "public_transport": "platform"
      },
      "geometry": {
        "type": "Point",
        "coordinates": [
          10.2377538,
          36.7504983
        ]
      },
      "id": "node/10295305644"
    },
    {
      "type": "Feature",
      "properties": {
        "@id": "node/10295305656",
        "bus": "yes",
        "highway": "bus_stop",
        "name": "حي الاذاعة بن عروس",
        "name:ar": "حي الاذاعة بن عروس",
        "name:fr": "CITÉ RTT BEN AROUS",
        "public_transport": "platform"
      },
      "geometry": {
        "type": "Point",
        "coordinates": [
          10.2421513,
          36.7505144
        ]
      },
      "id": "node/10295305656"
    },
    {
      "type": "Feature",
      "properties": {
        "@id": "node/10295304304",
        "bus": "yes",
        "highway": "bus_stop",
        "name": "حي السبرولس",
        "name:ar": "حي السبرولس",
        "name:fr": "CITE SPROLS",
        "public_transport": "stop_position"
      },
      "geometry": {
        "type": "Point",
        "coordinates": [
          10.2496172,
          36.7530502
        ]
      },
      "id": "node/10295304304"
    },
    {
      "type": "Feature",
      "properties": {
        "@id": "node/10295305654",
        "bus": "yes",
        "highway": "bus_stop",
        "name": "ولاية بن عروس",
        "name:ar": "ولاية بن عروس",
        "name:fr": "GOUVERNORAT DE BEN AROUS",
        "public_transport": "stop_position"
      },
      "geometry": {
        "type": "Point",
        "coordinates": [
          10.2481832,
          36.7544571
        ]
      },
      "id": "node/10295305654"
    },
    {
      "type": "Feature",
      "properties": {
        "@id": "node/10295305655",
        "bus": "yes",
        "highway": "bus_stop",
        "name": "سيفاط",
        "name:ar": "سيفاط",
        "name:fr": "SIPHAT",
        "public_transport": "platform"
      },
      "geometry": {
        "type": "Point",
        "coordinates": [
          10.2445152,
          36.752985
        ]
      },
      "id": "node/10295305655"
    },
    {
      "type": "Feature",
      "properties": {
        "@id": "node/10295305646",
        "bus": "yes",
        "highway": "bus_stop",
        "name": "نهج غزة",
        "name:ar": "نهج غزة",
        "name:fr": "RUE GAZA",
        "public_transport": "stop_position"
      },
      "geometry": {
        "type": "Point",
        "coordinates": [
          10.2288069,
          36.7575516
        ]
      },
      "id": "node/10295305646"
    },
    {
      "type": "Feature",
      "properties": {
        "@id": "node/10295305647",
        "bus": "yes",
        "highway": "bus_stop",
        "name": "محطة شارع عنابة",
        "name:ar": "محطة شارع عنابة",
        "name:fr": "STATION Avenue ANNABA",
        "public_transport": "stop_position"
      },
      "geometry": {
        "type": "Point",
        "coordinates": [
          10.2247519,
          36.7607171
        ]
      },
      "id": "node/10295305647"
    },
    {
      "type": "Feature",
      "properties": {
        "@id": "node/10295305675",
        "bus": "yes",
        "highway": "bus_stop",
        "name": "مستودع حافلات النقل بين المدن",
        "name:ar": "مستودع حافلات النقل بين المدن",
        "name:fr": "SNTRI",
        "public_transport": "stop_position"
      },
      "geometry": {
        "type": "Point",
        "coordinates": [
          10.2248863,
          36.7618359
        ]
      },
      "id": "node/10295305675"
    },
    {
      "type": "Feature",
      "properties": {
        "@id": "node/10295305614",
        "bus": "yes",
        "highway": "bus_stop",
        "name": "شركة نور",
        "name:ar": "شركة نور",
        "name:fr": "SOCIÉTÉ NOUR",
        "public_transport": "stop_position"
      },
      "geometry": {
        "type": "Point",
        "coordinates": [
          10.2337966,
          36.7608128
        ]
      },
      "id": "node/10295305614"
    },
    {
      "type": "Feature",
      "properties": {
        "@id": "node/10295305616",
        "bus": "yes",
        "highway": "bus_stop",
        "name": "مركزتكوين شركة النقل",
        "name:ar": "مركزتكوين شركة النقل",
        "name:fr": "CENTRE DE FORMATION SNT",
        "public_transport": "stop_position"
      },
      "geometry": {
        "type": "Point",
        "coordinates": [
          10.2317686,
          36.761611
        ]
      },
      "id": "node/10295305616"
    },
    {
      "type": "Feature",
      "properties": {
        "@id": "node/10295305617",
        "bus": "yes",
        "highway": "bus_stop",
        "name": "سيفكول",
        "name:ar": "سيفكول",
        "name:fr": "SIEFCOL",
        "public_transport": "stop_position"
      },
      "geometry": {
        "type": "Point",
        "coordinates": [
          10.2292994,
          36.7625689
        ]
      },
      "id": "node/10295305617"
    },
    {
      "type": "Feature",
      "properties": {
        "@id": "node/10295305677",
        "bus": "yes",
        "highway": "bus_stop",
        "name": "شارع فرنسا",
        "name:ar": "شارع فرنسا",
        "name:fr": "Avenue DE FRANCE",
        "public_transport": "stop_position"
      },
      "geometry": {
        "type": "Point",
        "coordinates": [
          10.2259316,
          36.7631053
        ]
      },
      "id": "node/10295305677"
    },
    {
      "type": "Feature",
      "properties": {
        "@id": "node/10295305560",
        "bus": "yes",
        "highway": "bus_stop",
        "name": "سيلوز مقرين قوتو",
        "name:ar": "سيلوز مقرين قوتو",
        "name:fr": "SILOS MÉGRINE COTEAUX",
        "public_transport": "stop_position"
      },
      "geometry": {
        "type": "Point",
        "coordinates": [
          10.2357807,
          36.7688971
        ]
      },
      "id": "node/10295305560"
    },
    {
      "type": "Feature",
      "properties": {
        "@id": "node/10295305612",
        "bus": "yes",
        "highway": "bus_stop",
        "name": "الثريات",
        "name:ar": "الثريات",
        "name:fr": "LUSTRERIES",
        "public_transport": "stop_position"
      },
      "geometry": {
        "type": "Point",
        "coordinates": [
          10.2430977,
          36.7570187
        ]
      },
      "id": "node/10295305612"
    },
    {
      "type": "Feature",
      "properties": {
        "@id": "node/10295305208",
        "bus": "yes",
        "highway": "bus_stop",
        "name": "مصنع الكرتون",
        "name:ar": "مصنع الكرتون",
        "name:fr": "USINE DE CARTON",
        "public_transport": "stop_position"
      },
      "geometry": {
        "type": "Point",
        "coordinates": [
          10.2482588,
          36.7594364
        ]
      },
      "id": "node/10295305208"
    },
    {
      "type": "Feature",
      "properties": {
        "@id": "node/10295305213",
        "bus": "yes",
        "highway": "bus_stop",
        "name": "مفترق سيدي ارزيق",
        "name:ar": "مفترق سيدي ارزيق",
        "name:fr": "Croisement SIDI REZIG",
        "public_transport": "stop_position"
      },
      "geometry": {
        "type": "Point",
        "coordinates": [
          10.2481837,
          36.7608207
        ]
      },
      "id": "node/10295305213"
    },
    {
      "type": "Feature",
      "properties": {
        "@id": "node/10295305608",
        "bus": "yes",
        "highway": "bus_stop",
        "name": "المطبعة الرسمية",
        "name:ar": "المطبعة الرسمية",
        "name:fr": "IMPRIMERIE OFFICIELLE",
        "public_transport": "platform"
      },
      "geometry": {
        "type": "Point",
        "coordinates": [
          10.2498054,
          36.7608781
        ]
      },
      "id": "node/10295305608"
    },
    {
      "type": "Feature",
      "properties": {
        "@id": "node/10295305611",
        "bus": "yes",
        "highway": "bus_stop",
        "name": "شوشة رادس",
        "name:ar": "شوشة رادس",
        "name:fr": "CHOUCHET RADES",
        "public_transport": "platform"
      },
      "geometry": {
        "type": "Point",
        "coordinates": [
          10.2474532,
          36.7562063
        ]
      },
      "id": "node/10295305611"
    },
    {
      "type": "Feature",
      "properties": {
        "@id": "node/10295305559",
        "bus": "yes",
        "highway": "bus_stop",
        "name": "رياض اطفال",
        "name:ar": "رياض اطفال",
        "name:fr": "JARDIN D'ENFANTS",
        "public_transport": "stop_position"
      },
      "geometry": {
        "type": "Point",
        "coordinates": [
          10.2413284,
          36.7676613
        ]
      },
      "id": "node/10295305559"
    },
    {
      "type": "Feature",
      "properties": {
        "@id": "node/6786354416",
        "bus": "yes",
        "gtfs_id": "39",
        "highway": "bus_stop",
        "name": "Sidi Rezig",
        "operator": "الشركة الوطنية للسكك الحديدية التونسية",
        "operator:ar": "الشركة الوطنية للسكك الحديدية التونسية",
        "operator:website": "http://www.sncft.com.tn/Ar/",
        "operator:wikidata": "Q2297197",
        "operator:wikipedia": "ar:الشركة الوطنية للسكك الحديدية التونسية",
        "operator:wikipedia:ar": "الشركة الوطنية للسكك الحديدية التونسية",
        "public_transport": "platform",
        "route_ref": "Tunis_Ville-Erriadh"
      },
      "geometry": {
        "type": "Point",
        "coordinates": [
          10.2433052,
          36.7667989
        ]
      },
      "id": "node/6786354416"
    },
    {
      "type": "Feature",
      "properties": {
        "@id": "node/8231384555",
        "name": "سيدي رزيق",
        "name:fr": "Sidi Rezig",
        "public_transport": "station",
        "railway": "station",
        "stop_id": "39",
        "train": "yes"
      },
      "geometry": {
        "type": "Point",
        "coordinates": [
          10.2445454,
          36.7673336
        ]
      },
      "id": "node/8231384555"
    },
    {
      "type": "Feature",
      "properties": {
        "@id": "node/10295305210",
        "bus": "yes",
        "highway": "bus_stop",
        "name": "سيدي ارزيق قسم",
        "name:ar": "سيدي ارزيق قسم",
        "name:fr": "SIDI REZIG (SECTION)",
        "public_transport": "stop_position"
      },
      "geometry": {
        "type": "Point",
        "coordinates": [
          10.2435918,
          36.7651607
        ]
      },
      "id": "node/10295305210"
    },
    {
      "type": "Feature",
      "properties": {
        "@id": "node/10295305211",
        "bus": "yes",
        "highway": "bus_stop",
        "name": "سيدي ارزيق قسم (ذهاب)",
        "name:ar": "سيدي ارزيق قسم (ذهاب)",
        "name:fr": "SIDI REZIG (SECTION) (Aller)",
        "public_transport": "stop_position"
      },
      "geometry": {
        "type": "Point",
        "coordinates": [
          10.2445681,
          36.7653326
        ]
      },
      "id": "node/10295305211"
    },
    {
      "type": "Feature",
      "properties": {
        "@id": "node/10295305212",
        "bus": "yes",
        "highway": "bus_stop",
        "name": "معهد سيدي ارزيق",
        "name:ar": "معهد سيدي ارزيق",
        "name:fr": "LYCÉE SIDI REZIG",
        "public_transport": "stop_position"
      },
      "geometry": {
        "type": "Point",
        "coordinates": [
          10.2461723,
          36.7633225
        ]
      },
      "id": "node/10295305212"
    },
    {
      "type": "Feature",
      "properties": {
        "@id": "node/10295305558",
        "bus": "yes",
        "highway": "bus_stop",
        "name": "محطة القطار سيدي رزيق",
        "name:ar": "محطة القطار سيدي رزيق",
        "name:fr": "GARE SIDI REZIG",
        "public_transport": "stop_position"
      },
      "geometry": {
        "type": "Point",
        "coordinates": [
          10.2450075,
          36.7685705
        ]
      },
      "id": "node/10295305558"
    },
    {
      "type": "Feature",
      "properties": {
        "@id": "node/10295304299",
        "bus": "yes",
        "highway": "bus_stop",
        "name": "شارع فيصل بن عبد العزيز",
        "name:ar": "شارع فيصل بن عبد العزيز",
        "name:fr": "Avenue FAYCEL IBN ABDELAZIZ",
        "public_transport": "stop_position"
      },
      "geometry": {
        "type": "Point",
        "coordinates": [
          10.2508141,
          36.7452083
        ]
      },
      "id": "node/10295304299"
    },
    {
      "type": "Feature",
      "properties": {
        "@id": "node/10295305652",
        "bus": "yes",
        "highway": "bus_stop",
        "name": "المدينة الجديدة",
        "name:ar": "المدينة الجديدة",
        "name:fr": "MÉDINA JEDIDA",
        "public_transport": "stop_position"
      },
      "geometry": {
        "type": "Point",
        "coordinates": [
          10.2514438,
          36.747713
        ]
      },
      "id": "node/10295305652"
    },
    {
      "type": "Feature",
      "properties": {
        "@id": "node/10295305110",
        "bus": "yes",
        "highway": "bus_stop",
        "name": "المدينة الجديدة1",
        "name:ar": "المدينة الجديدة1",
        "name:fr": "MEDINA JADIDA 1",
        "public_transport": "stop_position"
      },
      "geometry": {
        "type": "Point",
        "coordinates": [
          10.2534516,
          36.749955
        ]
      },
      "id": "node/10295305110"
    },
    {
      "type": "Feature",
      "properties": {
        "@id": "node/10295305653",
        "bus": "yes",
        "highway": "bus_stop",
        "name": "جامع المدينة الجديدة",
        "name:ar": "جامع المدينة الجديدة",
        "name:fr": "MOSQUÉE MEDINA JEDIDA",
        "public_transport": "stop_position"
      },
      "geometry": {
        "type": "Point",
        "coordinates": [
          10.2511658,
          36.751312
        ]
      },
      "id": "node/10295305653"
    },
    {
      "type": "Feature",
      "properties": {
        "@id": "node/10295305061",
        "bus": "yes",
        "highway": "bus_stop",
        "name": "ملعب رادس",
        "name:ar": "ملعب رادس",
        "name:fr": "STADE RADES",
        "public_transport": "stop_position"
      },
      "geometry": {
        "type": "Point",
        "coordinates": [
          10.2668514,
          36.743678
        ]
      },
      "id": "node/10295305061"
    },
    {
      "type": "Feature",
      "properties": {
        "@id": "node/10295305070",
        "bus": "yes",
        "highway": "bus_stop",
        "name": "المسبح الأولمبي برادس",
        "name:ar": "المسبح الأولمبي برادس",
        "name:fr": "PISCINE OLYMPIQUE RADES",
        "public_transport": "stop_position"
      },
      "geometry": {
        "type": "Point",
        "coordinates": [
          10.2653928,
          36.7493537
        ]
      },
      "id": "node/10295305070"
    },
    {
      "type": "Feature",
      "properties": {
        "@id": "node/10295305060",
        "bus": "yes",
        "highway": "bus_stop",
        "name": "الحي الالمبي رادس",
        "name:ar": "الحي الالمبي رادس",
        "name:fr": "CITE OLYMPIQUE RADES",
        "public_transport": "stop_position"
      },
      "geometry": {
        "type": "Point",
        "coordinates": [
          10.2758426,
          36.7546313
        ]
      },
      "id": "node/10295305060"
    },
    {
      "type": "Feature",
      "properties": {
        "@id": "node/10295305067",
        "bus": "yes",
        "highway": "bus_stop",
        "name": "ملعب رادس للألعاب القوى",
        "name:ar": "ملعب رادس للألعاب القوى",
        "name:fr": "STADE D'ATHLÈTISME DE RADÈS",
        "public_transport": "stop_position"
      },
      "geometry": {
        "type": "Point",
        "coordinates": [
          10.2729029,
          36.7528691
        ]
      },
      "id": "node/10295305067"
    },
    {
      "type": "Feature",
      "properties": {
        "@id": "node/11862546381",
        "bus": "yes",
        "highway": "bus_stop",
        "name": "714",
        "public_transport": "platform"
      },
      "geometry": {
        "type": "Point",
        "coordinates": [
          10.2744561,
          36.7535967
        ]
      },
      "id": "node/11862546381"
    },
    {
      "type": "Feature",
      "properties": {
        "@id": "node/10295305478",
        "bus": "yes",
        "highway": "bus_stop",
        "name": "1عمارة رادس الغابة",
        "name:ar": "1عمارة رادس الغابة",
        "name:fr": "IMMEUBLE RADES FORÊT 1",
        "public_transport": "stop_position"
      },
      "geometry": {
        "type": "Point",
        "coordinates": [
          10.2557419,
          36.7617827
        ]
      },
      "id": "node/10295305478"
    },
    {
      "type": "Feature",
      "properties": {
        "@id": "node/10295305477",
        "bus": "yes",
        "highway": "bus_stop",
        "name": "نهاية خط19 د/39 رادس الغابة",
        "name:ar": "نهاية خط19 د/39 رادس الغابة",
        "name:fr": "Terminus R.F 19D . 39",
        "public_transport": "stop_position"
      },
      "geometry": {
        "type": "Point",
        "coordinates": [
          10.2580604,
          36.7603944
        ]
      },
      "id": "node/10295305477"
    },
    {
      "type": "Feature",
      "properties": {
        "@id": "node/10295305479",
        "bus": "yes",
        "highway": "bus_stop",
        "name": "عمارة رادس الغابة",
        "name:ar": "عمارة رادس الغابة",
        "name:fr": "IMMEUBLE RADES FORÊT",
        "public_transport": "stop_position"
      },
      "geometry": {
        "type": "Point",
        "coordinates": [
          10.2573456,
          36.7619353
        ]
      },
      "id": "node/10295305479"
    },
    {
      "type": "Feature",
      "properties": {
        "@id": "node/5227817795",
        "gtfs_id": "38",
        "name": "معهد رادس",
        "name:ar": "معهد رادس",
        "name:fr": "Lycée Technique Radès",
        "operator": "الشركة الوطنية للسكك الحديدية التونسية",
        "operator:ar": "الشركة الوطنية للسكك الحديدية التونسية",
        "operator:website": "http://www.sncft.com.tn/Ar/",
        "operator:wikidata": "Q2297197",
        "operator:wikipedia": "ar:الشركة الوطنية للسكك الحديدية التونسية",
        "operator:wikipedia:ar": "الشركة الوطنية للسكك الحديدية التونسية",
        "public_transport": "station",
        "railway": "station",
        "route_ref": "19",
        "stop_id": "144X",
        "train": "yes"
      },
      "geometry": {
        "type": "Point",
        "coordinates": [
          10.2608771,
          36.7667948
        ]
      },
      "id": "node/5227817795"
    },
    {
      "type": "Feature",
      "properties": {
        "@id": "node/10295305606",
        "bus": "yes",
        "highway": "bus_stop",
        "name": "المعهد التقني رادس",
        "name:ar": "المعهد التقني رادس",
        "name:fr": "LYCÉE TECHNIQUE RADES",
        "public_transport": "stop_position"
      },
      "geometry": {
        "type": "Point",
        "coordinates": [
          10.2607145,
          36.7664391
        ]
      },
      "id": "node/10295305606"
    },
    {
      "type": "Feature",
      "properties": {
        "@id": "node/10295305607",
        "bus": "yes",
        "highway": "bus_stop",
        "name": "الملعب البلدي",
        "name:ar": "الملعب البلدي",
        "name:fr": "STADE MUNICIPALE",
        "public_transport": "platform"
      },
      "geometry": {
        "type": "Point",
        "coordinates": [
          10.2566804,
          36.7650639
        ]
      },
      "id": "node/10295305607"
    },
    {
      "type": "Feature",
      "properties": {
        "@id": "node/10295305604",
        "bus": "yes",
        "highway": "bus_stop",
        "name": "منجيل",
        "name:ar": "منجيل",
        "name:fr": "MONGIL",
        "public_transport": "stop_position"
      },
      "geometry": {
        "type": "Point",
        "coordinates": [
          10.2661223,
          36.767318
        ]
      },
      "id": "node/10295305604"
    },
    {
      "type": "Feature",
      "properties": {
        "@id": "node/10295305180",
        "bus": "yes",
        "highway": "bus_stop",
        "name": "بئر الطراز",
        "name:ar": "بئر الطراز",
        "name:fr": "Bir ETTARRAZ",
        "public_transport": "stop_position"
      },
      "geometry": {
        "type": "Point",
        "coordinates": [
          10.2738471,
          36.7625914
        ]
      },
      "id": "node/10295305180"
    },
    {
      "type": "Feature",
      "properties": {
        "@id": "node/10295305600",
        "bus": "yes",
        "highway": "bus_stop",
        "name": "شارع الجمهورية 1",
        "name:ar": "شارع الجمهورية 1",
        "name:fr": "Avenue de la RÉPUBLIQUE 1",
        "public_transport": "stop_position"
      },
      "geometry": {
        "type": "Point",
        "coordinates": [
          10.275859,
          36.7683118
        ]
      },
      "id": "node/10295305600"
    },
    {
      "type": "Feature",
      "properties": {
        "@id": "node/10295305601",
        "bus": "yes",
        "highway": "bus_stop",
        "name": "مكتب بريد رادس",
        "name:ar": "مكتب بريد رادس",
        "name:fr": "PTT RADES",
        "public_transport": "stop_position"
      },
      "geometry": {
        "type": "Point",
        "coordinates": [
          10.273117,
          36.7678829
        ]
      },
      "id": "node/10295305601"
    },
    {
      "type": "Feature",
      "properties": {
        "@id": "node/10295305603",
        "bus": "yes",
        "highway": "bus_stop",
        "name": "مركز رادس",
        "name:ar": "مركز رادس",
        "name:fr": "CENTRE RADES",
        "public_transport": "stop_position"
      },
      "geometry": {
        "type": "Point",
        "coordinates": [
          10.2697916,
          36.7670773
        ]
      },
      "id": "node/10295305603"
    },
    {
      "type": "Feature",
      "properties": {
        "@id": "node/10295304403",
        "bus": "yes",
        "highway": "bus_stop",
        "name": "شارع الشهداء",
        "name:ar": "شارع الشهداء",
        "name:fr": "Rue des Martyrs",
        "public_transport": "stop_position"
      },
      "geometry": {
        "type": "Point",
        "coordinates": [
          10.1752085,
          36.7754018
        ]
      },
      "id": "node/10295304403"
    },
    {
      "type": "Feature",
      "properties": {
        "@id": "node/6450830134",
        "designation": "ligne 1 direction ben arous, ligne 6 direction mourouj",
        "light_rail": "yes",
        "name": "13 أوت",
        "name:ar": "13 أوت",
        "name:fr": "13 Août",
        "public_transport": "stop_position",
        "railway": "stop",
        "ref": "Ligne 1, 6, 12, 14",
        "source": "survey"
      },
      "geometry": {
        "type": "Point",
        "coordinates": [
          10.1791844,
          36.7751055
        ]
      },
      "id": "node/6450830134"
    },
    {
      "type": "Feature",
      "properties": {
        "@id": "node/10295304404",
        "bus": "yes",
        "highway": "bus_stop",
        "name": "13 أوت",
        "name:ar": "أوت13",
        "name:fr": "13 AOUT L( 69)",
        "public_transport": "stop_position"
      },
      "geometry": {
        "type": "Point",
        "coordinates": [
          10.1777638,
          36.7747967
        ]
      },
      "id": "node/10295304404"
    },
    {
      "type": "Feature",
      "properties": {
        "@id": "node/10295304468",
        "bus": "yes",
        "highway": "bus_stop",
        "name": "13 أوت",
        "name:ar": "13 أوت",
        "name:fr": "13 AOUT",
        "public_transport": "stop_position"
      },
      "geometry": {
        "type": "Point",
        "coordinates": [
          10.1786652,
          36.7751301
        ]
      },
      "id": "node/10295304468"
    },
    {
      "type": "Feature",
      "properties": {
        "@id": "node/12480603732",
        "bus": "yes",
        "highway": "bus_stop",
        "name": "معهد الوردية",
        "name:aeb": "معهد الوردية",
        "name:ar": "معهد الوردية",
        "name:fr": "Lycée Ouardia",
        "operator": "TransTu",
        "public_transport": "platform"
      },
      "geometry": {
        "type": "Point",
        "coordinates": [
          10.1809621,
          36.7753196
        ]
      },
      "id": "node/12480603732"
    },
    {
      "type": "Feature",
      "properties": {
        "@id": "node/10295304469",
        "bus": "yes",
        "highway": "bus_stop",
        "name": "مركز الشرطة نهج الساحل",
        "name:ar": "مركز الشرطة نهج الساحل",
        "name:fr": "POSTE POLICE RUE DU SAHEL",
        "public_transport": "stop_position"
      },
      "geometry": {
        "type": "Point",
        "coordinates": [
          10.177046,
          36.7778302
        ]
      },
      "id": "node/10295304469"
    },
    {
      "type": "Feature",
      "properties": {
        "@id": "node/10295304470",
        "bus": "yes",
        "highway": "bus_stop",
        "name": "نهج الساحل",
        "name:ar": "نهج الساحل",
        "name:fr": "RUE DU SAHEL",
        "public_transport": "stop_position"
      },
      "geometry": {
        "type": "Point",
        "coordinates": [
          10.1752006,
          36.7812675
        ]
      },
      "id": "node/10295304470"
    },
    {
      "type": "Feature",
      "properties": {
        "@id": "node/10295305450",
        "bus": "yes",
        "highway": "bus_stop",
        "name": "مونوبول",
        "name:ar": "مونوبول",
        "name:fr": "MONOPOLES",
        "public_transport": "stop_position"
      },
      "geometry": {
        "type": "Point",
        "coordinates": [
          10.1816705,
          36.7803904
        ]
      },
      "id": "node/10295305450"
    },
    {
      "type": "Feature",
      "properties": {
        "@id": "node/10295305451",
        "bus": "yes",
        "highway": "bus_stop",
        "name": "معهد الوردية",
        "name:ar": "معهد الوردية",
        "name:fr": "Lycée Ouardia",
        "operator": "TransTu",
        "public_transport": "platform"
      },
      "geometry": {
        "type": "Point",
        "coordinates": [
          10.1836716,
          36.7770309
        ]
      },
      "id": "node/10295305451"
    },
    {
      "type": "Feature",
      "properties": {
        "@id": "node/12480603730",
        "bus": "yes",
        "highway": "bus_stop",
        "name": "معهد الوردية",
        "name:aeb": "معهد الوردية",
        "name:ar": "معهد الوردية",
        "name:fr": "Lycée Ouardia",
        "operator": "TransTu",
        "public_transport": "platform"
      },
      "geometry": {
        "type": "Point",
        "coordinates": [
          10.1826048,
          36.7771556
        ]
      },
      "id": "node/12480603730"
    },
    {
      "type": "Feature",
      "properties": {
        "@id": "node/12480603731",
        "bus": "yes",
        "highway": "bus_stop",
        "name": "معهد الوردية",
        "name:aeb": "معهد الوردية",
        "name:ar": "معهد الوردية",
        "name:fr": "Lycée Ouardia",
        "operator": "TransTu",
        "public_transport": "platform"
      },
      "geometry": {
        "type": "Point",
        "coordinates": [
          10.1812846,
          36.775731
        ]
      },
      "id": "node/12480603731"
    },
    {
      "type": "Feature",
      "properties": {
        "@id": "node/12480603733",
        "bus": "yes",
        "highway": "bus_stop",
        "name": "نهج الساحل",
        "name:aeb": "نهج الساحل",
        "name:ar": "نهج الساحل",
        "name:fr": "rue de sahel",
        "operator": "TransTu",
        "public_transport": "platform"
      },
      "geometry": {
        "type": "Point",
        "coordinates": [
          10.1779437,
          36.77659
        ]
      },
      "id": "node/12480603733"
    },
    {
      "type": "Feature",
      "properties": {
        "@id": "node/10295305452",
        "amenity": "bus_station",
        "bus": "yes",
        "departures_board": "no",
        "highway": "bus_stop",
        "name": "بال في",
        "name:ar": "بال في",
        "name:fr": "BELLEVUE",
        "operator": "TransTu",
        "public_transport": "station"
      },
      "geometry": {
        "type": "Point",
        "coordinates": [
          10.1875014,
          36.7729558
        ]
      },
      "id": "node/10295305452"
    },
    {
      "type": "Feature",
      "properties": {
        "@id": "node/10295305453",
        "bus": "yes",
        "highway": "bus_stop",
        "name": "حمّام لكانيا",
        "name:ar": "حمّام لكانيا",
        "name:fr": "HAMMAM LACAGNA",
        "public_transport": "stop_position"
      },
      "geometry": {
        "type": "Point",
        "coordinates": [
          10.1897437,
          36.7703346
        ]
      },
      "id": "node/10295305453"
    },
    {
      "type": "Feature",
      "properties": {
        "@id": "node/10295305480",
        "bus": "yes",
        "highway": "bus_stop",
        "name": "بال في",
        "name:ar": "بال في",
        "name:fr": "BELLEVUE",
        "public_transport": "stop_position"
      },
      "geometry": {
        "type": "Point",
        "coordinates": [
          10.1869375,
          36.7739079
        ]
      },
      "id": "node/10295305480"
    },
    {
      "type": "Feature",
      "properties": {
        "@id": "node/12480666635",
        "amenity": "bus_station",
        "bus": "yes",
        "name": "بال في (نهاية خط 28)",
        "name:aeb": "بال في (نهاية خط 28)",
        "name:ar": "بال في (نهاية خط 28)",
        "name:fr": "BELLEVUE (Fin ligne 28)",
        "operator": "TransuTu",
        "public_transport": "station"
      },
      "geometry": {
        "type": "Point",
        "coordinates": [
          10.1858864,
          36.7740793
        ]
      },
      "id": "node/12480666635"
    },
    {
      "type": "Feature",
      "properties": {
        "@id": "node/13103673461",
        "bus": "yes",
        "highway": "bus_stop",
        "name": "بال في خط 28",
        "name:ar": "بال في خط 28",
        "name:fr": "Bellevue Ligne 28",
        "operator": "TransTu",
        "public_transport": "platform"
      },
      "geometry": {
        "type": "Point",
        "coordinates": [
          10.187306,
          36.7735663
        ]
      },
      "id": "node/13103673461"
    },
    {
      "type": "Feature",
      "properties": {
        "@id": "node/10295305481",
        "bus": "yes",
        "highway": "bus_stop",
        "name": "قاعة أفراح بال في(ذهاب)",
        "name:ar": "قاعة أفراح بال في (ذهاب)",
        "name:fr": "SALLE des FÊTES BELLEVUE (Aller)",
        "public_transport": "stop_position"
      },
      "geometry": {
        "type": "Point",
        "coordinates": [
          10.1907131,
          36.7783965
        ]
      },
      "id": "node/10295305481"
    },
    {
      "type": "Feature",
      "properties": {
        "@id": "node/13103673463",
        "bus": "yes",
        "highway": "bus_stop",
        "name": "قاعة أفراح بال في (إياب)",
        "name:ar": "قاعة أفراح بال في (إياب)",
        "name:fr": "SALLE des FÊTES BELLEVUE (Retour)",
        "operator": "TransTu",
        "public_transport": "stop_position"
      },
      "geometry": {
        "type": "Point",
        "coordinates": [
          10.1906739,
          36.7781962
        ]
      },
      "id": "node/13103673463"
    },
    {
      "type": "Feature",
      "properties": {
        "@id": "node/10295305482",
        "bus": "yes",
        "highway": "bus_stop",
        "name": "مقهي القدس (ذهاب)",
        "name:ar": "مقهي القدس (ذهاب)",
        "name:fr": "CAFÉ EL QUODS (Aller)",
        "operator": "TransTu",
        "public_transport": "stop_position"
      },
      "geometry": {
        "type": "Point",
        "coordinates": [
          10.1929363,
          36.7804161
        ]
      },
      "id": "node/10295305482"
    },
    {
      "type": "Feature",
      "properties": {
        "@id": "node/10295305483",
        "bus": "yes",
        "highway": "bus_stop",
        "name": "حمّام بال في (ذهاب)",
        "name:ar": "حمّام بال في (ذهاب)",
        "name:fr": "HAMMAM BELLEVUE (Aller)",
        "operator": "TransTu",
        "public_transport": "stop_position"
      },
      "geometry": {
        "type": "Point",
        "coordinates": [
          10.1940094,
          36.7810528
        ]
      },
      "id": "node/10295305483"
    },
    {
      "type": "Feature",
      "properties": {
        "@id": "node/10295305484",
        "bus": "yes",
        "highway": "bus_stop",
        "name": "معتمدية الوردية",
        "name:ar": "معتمدية الوردية",
        "name:fr": "DÉLÉGATION ELOUARDIA",
        "public_transport": "stop_position"
      },
      "geometry": {
        "type": "Point",
        "coordinates": [
          10.1943268,
          36.781815
        ]
      },
      "id": "node/10295305484"
    },
    {
      "type": "Feature",
      "properties": {
        "@id": "node/10295305486",
        "bus": "yes",
        "highway": "bus_stop",
        "name": "مركز التنسيق بالوردية (ذهاب)",
        "name:ar": "مركز التنسيق بالوردية (ذهاب)",
        "name:fr": "CENTRE DE COORDINATION OUARDIA (Aller)",
        "operator": "TransTu",
        "public_transport": "stop_position"
      },
      "geometry": {
        "type": "Point",
        "coordinates": [
          10.1956789,
          36.7806333
        ]
      },
      "id": "node/10295305486"
    },
    {
      "type": "Feature",
      "properties": {
        "@id": "node/13103673464",
        "bus": "yes",
        "highway": "bus_stop",
        "name": "مقهي القدس (إياب)",
        "name:ar": "مقهي القدس (إياب)",
        "name:fr": "CAFÉ EL QUODS (Retour)",
        "operator": "TransTu",
        "public_transport": "stop_position"
      },
      "geometry": {
        "type": "Point",
        "coordinates": [
          10.1930519,
          36.7804029
        ]
      },
      "id": "node/13103673464"
    },
    {
      "type": "Feature",
      "properties": {
        "@id": "node/13103673465",
        "bus": "yes",
        "highway": "bus_stop",
        "name": "حمّام بال في (إياب)",
        "name:ar": "حمّام بال في (إياب)",
        "name:fr": "HAMMAM BELLEVUE (Retour)",
        "public_transport": "stop_position"
      },
      "geometry": {
        "type": "Point",
        "coordinates": [
          10.193962,
          36.7809306
        ]
      },
      "id": "node/13103673465"
    },
    {
      "type": "Feature",
      "properties": {
        "@id": "node/13103673466",
        "bus": "yes",
        "highway": "bus_stop",
        "name": "مركز التنسيق بالوردية (إياب)",
        "name:ar": "مركز التنسيق بالوردية (إياب)",
        "name:fr": "CENTRE DE COORDINATION OUARDIA (Retour)",
        "operator": "TransTu",
        "public_transport": "stop_position"
      },
      "geometry": {
        "type": "Point",
        "coordinates": [
          10.196053,
          36.780557
        ]
      },
      "id": "node/13103673466"
    },
    {
      "type": "Feature",
      "properties": {
        "@id": "node/5227818017",
        "bus": "yes",
        "gtfs_id": "200",
        "highway": "bus_stop",
        "name": "Aiguille 0+730",
        "operator": "الشركة الوطنية للسكك الحديدية التونسية",
        "operator:ar": "الشركة الوطنية للسكك الحديدية التونسية",
        "operator:website": "http://www.sncft.com.tn/Ar/",
        "operator:wikidata": "Q2297197",
        "operator:wikipedia": "ar:الشركة الوطنية للسكك الحديدية التونسية",
        "operator:wikipedia:ar": "الشركة الوطنية للسكك الحديدية التونسية",
        "public_transport": "platform"
      },
      "geometry": {
        "type": "Point",
        "coordinates": [
          10.177289,
          36.786864
        ]
      },
      "id": "node/5227818017"
    },
    {
      "type": "Feature",
      "properties": {
        "@id": "node/5234855931",
        "bus": "yes",
        "gtfs_id": "200",
        "highway": "bus_stop",
        "name": "Aiguille 0+730",
        "operator": "Socite Nationale des chemins de fer tunisien",
        "public_transport": "platform"
      },
      "geometry": {
        "type": "Point",
        "coordinates": [
          10.177289,
          36.786864
        ]
      },
      "id": "node/5234855931"
    },
    {
      "type": "Feature",
      "properties": {
        "@id": "node/10295304471",
        "bus": "yes",
        "highway": "bus_stop",
        "name": "قاعة أفراح قرماس",
        "name:ar": "قاعة أفراح قرماس",
        "name:fr": "SALLE des FÊTES KERMESS",
        "public_transport": "stop_position"
      },
      "geometry": {
        "type": "Point",
        "coordinates": [
          10.1732617,
          36.7838853
        ]
      },
      "id": "node/10295304471"
    },
    {
      "type": "Feature",
      "properties": {
        "@id": "node/10295304507",
        "bus": "yes",
        "highway": "bus_stop",
        "name": "طه حسين (إياب)",
        "name:ar": "طه حسين (إياب)",
        "name:fr": "TAHA HUSSEIN (Retour)",
        "public_transport": "stop_position"
      },
      "geometry": {
        "type": "Point",
        "coordinates": [
          10.174788,
          36.7843731
        ]
      },
      "id": "node/10295304507"
    },
    {
      "type": "Feature",
      "properties": {
        "@id": "node/10295304508",
        "bus": "yes",
        "highway": "bus_stop",
        "name": "مستشفي حبيب ثامر",
        "name:ar": "مستشفي حبيب ثامر",
        "name:fr": "HÔPITAL HABIB THAMEUR",
        "public_transport": "stop_position"
      },
      "geometry": {
        "type": "Point",
        "coordinates": [
          10.1758234,
          36.784376
        ]
      },
      "id": "node/10295304508"
    },
    {
      "type": "Feature",
      "properties": {
        "@id": "node/6450829976",
        "light_rail": "yes",
        "name": "محمد مناشو",
        "name:ar": "محمد مناشو",
        "name:fr": "Mohamed Manachou",
        "public_transport": "stop_position",
        "railway": "stop"
      },
      "geometry": {
        "type": "Point",
        "coordinates": [
          10.1798556,
          36.7821125
        ]
      },
      "id": "node/6450829976"
    },
    {
      "type": "Feature",
      "properties": {
        "@id": "node/6450830111",
        "light_rail": "yes",
        "name": "باب عليوة",
        "name:ar": "باب عليوة",
        "name:fr": "Bab Alioua",
        "public_transport": "stop_position",
        "railway": "stop"
      },
      "geometry": {
        "type": "Point",
        "coordinates": [
          10.1797812,
          36.7857577
        ]
      },
      "id": "node/6450830111"
    },
    {
      "type": "Feature",
      "properties": {
        "@id": "node/10295304498",
        "bus": "yes",
        "highway": "bus_stop",
        "name": "مقبرة الجلاز",
        "name:ar": "مقبرة الجلاز",
        "name:fr": "CIMETIERE JALLEZ",
        "public_transport": "platform"
      },
      "geometry": {
        "type": "Point",
        "coordinates": [
          10.1806211,
          36.7873527
        ]
      },
      "id": "node/10295304498"
    },
    {
      "type": "Feature",
      "properties": {
        "@id": "node/10295305424",
        "addr:city": "تونس",
        "bus": "yes",
        "highway": "bus_stop",
        "name": "المستشفى العسكري",
        "name:ar": "المستشفى العسكري",
        "name:fr": "HÔPITAL MILITAIRE",
        "operator": "TransTu",
        "public_transport": "platform"
      },
      "geometry": {
        "type": "Point",
        "coordinates": [
          10.1799176,
          36.7856625
        ]
      },
      "id": "node/10295305424"
    },
    {
      "type": "Feature",
      "properties": {
        "@id": "node/10295305239",
        "bus": "yes",
        "highway": "bus_stop",
        "name": "باب الجديد (إياب)",
        "name:ar": "باب الجديد (اياب)",
        "name:fr": "BAB JDID (Retour)",
        "public_transport": "stop_position"
      },
      "geometry": {
        "type": "Point",
        "coordinates": [
          10.1737447,
          36.7918706
        ]
      },
      "id": "node/10295305239"
    },
    {
      "type": "Feature",
      "properties": {
        "@id": "node/10295305240",
        "bus": "yes",
        "highway": "bus_stop",
        "name": "باب الجديد (ذهاب)",
        "name:ar": "باب الجديد (ذهاب)",
        "name:fr": "BAB JDID (Aller)",
        "public_transport": "stop_position"
      },
      "geometry": {
        "type": "Point",
        "coordinates": [
          10.17213,
          36.7921584
        ]
      },
      "id": "node/10295305240"
    },
    {
      "type": "Feature",
      "properties": {
        "@id": "node/10295305241",
        "bus": "yes",
        "highway": "bus_stop",
        "name": "جامع سيدي البشير",
        "name:ar": "جامع سيدي البشير",
        "name:fr": "MOSQUÉE SIDI BECHIR",
        "public_transport": "stop_position"
      },
      "geometry": {
        "type": "Point",
        "coordinates": [
          10.1766657,
          36.7920833
        ]
      },
      "id": "node/10295305241"
    },
    {
      "type": "Feature",
      "properties": {
        "@id": "node/10295305243",
        "bus": "yes",
        "highway": "bus_stop",
        "name": "سيدي البشير (ذهاب)",
        "name:ar": "سيدي البشير (ذهاب)",
        "name:fr": "SIDI BECHIR (Aller)",
        "public_transport": "stop_position"
      },
      "geometry": {
        "type": "Point",
        "coordinates": [
          10.1774998,
          36.791469
        ]
      },
      "id": "node/10295305243"
    },
    {
      "type": "Feature",
      "properties": {
        "@id": "node/10246235609",
        "amenity": "taxi",
        "name": "محطة اللواج باب عليوة",
        "name:ar": "محطة اللواج باب عليوة",
        "name:en": "Louage Station Bab Aliwa",
        "name:fr": "Station Louage Bab Aliwa",
        "network": "louage",
        "public_transport": "station",
        "share_taxi": "yes",
        "type": "site"
      },
      "geometry": {
        "type": "Point",
        "coordinates": [
          10.1818268,
          36.7889972
        ]
      },
      "id": "node/10246235609"
    },
    {
      "type": "Feature",
      "properties": {
        "@id": "node/10295304500",
        "bus": "yes",
        "highway": "bus_stop",
        "name": "باب عليوة ط.و1",
        "name:ar": "باب عليوة ط.و1",
        "name:fr": "BAB ALIOUA GP1",
        "public_transport": "platform"
      },
      "geometry": {
        "type": "Point",
        "coordinates": [
          10.1827808,
          36.7887638
        ]
      },
      "id": "node/10295304500"
    },
    {
      "type": "Feature",
      "properties": {
        "@id": "node/10295305033",
        "amenity": "bus_station",
        "bus": "yes",
        "departures_board": "no",
        "highway": "bus_stop",
        "name": "باب عليوة",
        "name:ar": "باب عليوة",
        "name:fr": "Bab Alioua",
        "operator": "TransTu",
        "public_transport": "platform"
      },
      "geometry": {
        "type": "Point",
        "coordinates": [
          10.1804051,
          36.7888208
        ]
      },
      "id": "node/10295305033"
    },
    {
      "type": "Feature",
      "properties": {
        "@id": "node/10295305242",
        "bus": "yes",
        "highway": "bus_stop",
        "name": "سيدي البشير (إياب)",
        "name:ar": "سيدي البشير (إياب)",
        "name:fr": "SIDI BECHIR (Retour)",
        "public_transport": "stop_position"
      },
      "geometry": {
        "type": "Point",
        "coordinates": [
          10.1783447,
          36.790599
        ]
      },
      "id": "node/10295305242"
    },
    {
      "type": "Feature",
      "properties": {
        "@id": "node/10295305425",
        "bus": "yes",
        "highway": "bus_stop",
        "name": "شارع المحطة",
        "name:ar": "شارع المحطة",
        "name:fr": "Avenue de la GARE",
        "public_transport": "stop_position"
      },
      "geometry": {
        "type": "Point",
        "coordinates": [
          10.1801995,
          36.7904263
        ]
      },
      "id": "node/10295305425"
    },
    {
      "type": "Feature",
      "properties": {
        "@id": "node/10295305681",
        "amenity": "bus_station",
        "bus": "yes",
        "name": "شارع قرطاج",
        "name:ar": "شارع قرطاج",
        "name:fr": "Avenue de CARTHAGE",
        "public_transport": "station"
      },
      "geometry": {
        "type": "Point",
        "coordinates": [
          10.1822642,
          36.7919242
        ]
      },
      "id": "node/10295305681"
    },
    {
      "type": "Feature",
      "properties": {
        "@id": "node/10767225141",
        "name": "تونس",
        "name:ar": "تونس",
        "name:en": "Tunis",
        "name:fr": "Tunis",
        "network": "RFR",
        "operator": "SNCFT",
        "public_transport": "stop_position",
        "railway": "stop",
        "ref": "12",
        "train": "yes"
      },
      "geometry": {
        "type": "Point",
        "coordinates": [
          10.1802761,
          36.7945106
        ]
      },
      "id": "node/10767225141"
    },
    {
      "type": "Feature",
      "properties": {
        "@id": "node/10767225142",
        "name": "تونس",
        "name:ar": "تونس",
        "name:en": "Tunis",
        "name:fr": "Tunis",
        "network": "RFR",
        "operator": "SNCFT",
        "public_transport": "stop_position",
        "railway": "stop",
        "ref": "14",
        "train": "yes"
      },
      "geometry": {
        "type": "Point",
        "coordinates": [
          10.1801867,
          36.7945018
        ]
      },
      "id": "node/10767225142"
    },
    {
      "type": "Feature",
      "properties": {
        "@id": "node/11348918049",
        "public_transport": "stop_position",
        "railway": "stop",
        "ref": "10",
        "train": "yes"
      },
      "geometry": {
        "type": "Point",
        "coordinates": [
          10.1803348,
          36.7945163
        ]
      },
      "id": "node/11348918049"
    },
    {
      "type": "Feature",
      "properties": {
        "@id": "node/11348918050",
        "public_transport": "stop_position",
        "railway": "stop",
        "ref": "8",
        "train": "yes"
      },
      "geometry": {
        "type": "Point",
        "coordinates": [
          10.1804231,
          36.7945245
        ]
      },
      "id": "node/11348918050"
    },
    {
      "type": "Feature",
      "properties": {
        "@id": "node/11348918051",
        "public_transport": "stop_position",
        "railway": "stop",
        "ref": "6",
        "train": "yes"
      },
      "geometry": {
        "type": "Point",
        "coordinates": [
          10.1804775,
          36.7945302
        ]
      },
      "id": "node/11348918051"
    },
    {
      "type": "Feature",
      "properties": {
        "@id": "node/11348918052",
        "public_transport": "stop_position",
        "railway": "stop",
        "ref": "4",
        "train": "yes"
      },
      "geometry": {
        "type": "Point",
        "coordinates": [
          10.1805673,
          36.794539
        ]
      },
      "id": "node/11348918052"
    },
    {
      "type": "Feature",
      "properties": {
        "@id": "node/11348918053",
        "public_transport": "stop_position",
        "railway": "stop",
        "ref": "2",
        "train": "yes"
      },
      "geometry": {
        "type": "Point",
        "coordinates": [
          10.1806223,
          36.7945443
        ]
      },
      "id": "node/11348918053"
    },
    {
      "type": "Feature",
      "properties": {
        "@id": "node/11348918054",
        "public_transport": "stop_position",
        "railway": "stop",
        "ref": "1",
        "train": "yes"
      },
      "geometry": {
        "type": "Point",
        "coordinates": [
          10.1807109,
          36.794553
        ]
      },
      "id": "node/11348918054"
    },
    {
      "type": "Feature",
      "properties": {
        "@id": "node/11348918055",
        "public_transport": "stop_position",
        "railway": "stop",
        "ref": "3",
        "train": "yes"
      },
      "geometry": {
        "type": "Point",
        "coordinates": [
          10.180769,
          36.7945586
        ]
      },
      "id": "node/11348918055"
    },
    {
      "type": "Feature",
      "properties": {
        "@id": "node/11348918056",
        "public_transport": "stop_position",
        "railway": "stop",
        "ref": "5",
        "train": "yes"
      },
      "geometry": {
        "type": "Point",
        "coordinates": [
          10.1808582,
          36.7945673
        ]
      },
      "id": "node/11348918056"
    },
    {
      "type": "Feature",
      "properties": {
        "@id": "node/11348918057",
        "public_transport": "stop_position",
        "railway": "stop",
        "ref": "7",
        "train": "yes"
      },
      "geometry": {
        "type": "Point",
        "coordinates": [
          10.1809186,
          36.7945732
        ]
      },
      "id": "node/11348918057"
    },
    {
      "type": "Feature",
      "properties": {
        "@id": "node/11348918058",
        "public_transport": "stop_position",
        "railway": "stop",
        "ref": "9",
        "train": "yes"
      },
      "geometry": {
        "type": "Point",
        "coordinates": [
          10.1810018,
          36.7945813
        ]
      },
      "id": "node/11348918058"
    },
    {
      "type": "Feature",
      "properties": {
        "@id": "node/11348918059",
        "public_transport": "stop_position",
        "railway": "stop",
        "ref": "11",
        "train": "yes"
      },
      "geometry": {
        "type": "Point",
        "coordinates": [
          10.1810594,
          36.794587
        ]
      },
      "id": "node/11348918059"
    },
    {
      "type": "Feature",
      "properties": {
        "@id": "node/11348918060",
        "public_transport": "stop_position",
        "railway": "stop",
        "ref": "13",
        "train": "yes"
      },
      "geometry": {
        "type": "Point",
        "coordinates": [
          10.1811469,
          36.7945955
        ]
      },
      "id": "node/11348918060"
    },
    {
      "type": "Feature",
      "properties": {
        "@id": "node/11348918061",
        "public_transport": "stop_position",
        "railway": "stop",
        "ref": "15",
        "train": "yes"
      },
      "geometry": {
        "type": "Point",
        "coordinates": [
          10.1812022,
          36.7946009
        ]
      },
      "id": "node/11348918061"
    },
    {
      "type": "Feature",
      "properties": {
        "@id": "node/11348918062",
        "public_transport": "stop_position",
        "railway": "stop",
        "ref": "16",
        "train": "yes"
      },
      "geometry": {
        "type": "Point",
        "coordinates": [
          10.1801351,
          36.7944968
        ]
      },
      "id": "node/11348918062"
    },
    {
      "type": "Feature",
      "properties": {
        "@id": "node/5227817809",
        "gtfs_id": "42",
        "name": "مخزن فرحات حشاد",
        "name:ar": "مخزن فرحات حشاد",
        "name:fr": "Dépôt Farhat Hached",
        "operator": "الشركة الوطنية للسكك الحديدية التونسية",
        "operator:ar": "الشركة الوطنية للسكك الحديدية التونسية",
        "operator:fr": "Société nationale des chemins de fer tunisiens",
        "operator:short": "SNCFT",
        "operator:short:fr": "SNCFT",
        "operator:website": "https://www.sncft.com.tn/",
        "operator:wikidata": "Q2297197",
        "operator:wikipedia": "fr:Société nationale des chemins de fer tunisiens",
        "public_transport": "station",
        "railway": "station",
        "route_ref": "19",
        "stop_id": "125Z",
        "train": "yes"
      },
      "geometry": {
        "type": "Point",
        "coordinates": [
          10.1921455,
          36.7839393
        ]
      },
      "id": "node/5227817809"
    },
    {
      "type": "Feature",
      "properties": {
        "@id": "node/10295305691",
        "bus": "yes",
        "highway": "bus_stop",
        "lat": "36782779",
        "lon": "10193371",
        "name": "ديبوزفيل (إياب)",
        "name:ar": "ديبوزفيل (إياب)",
        "name:fr": "Dibouzville (Retour)",
        "operator": "TransTu",
        "public_transport": "stop_position"
      },
      "geometry": {
        "type": "Point",
        "coordinates": [
          10.1933686,
          36.7827571
        ]
      },
      "id": "node/10295305691"
    },
    {
      "type": "Feature",
      "properties": {
        "@id": "node/11363820321",
        "name": "Dépôt Farhat Hached",
        "name:ar": "مخزن فرحات حشاد",
        "name:fr": "Dépôt Farhat Hached",
        "public_transport": "stop_position",
        "railway": "stop",
        "stop_id": "42",
        "tactile_paving": "no",
        "train": "yes"
      },
      "geometry": {
        "type": "Point",
        "coordinates": [
          10.1920516,
          36.7838954
        ]
      },
      "id": "node/11363820321"
    },
    {
      "type": "Feature",
      "properties": {
        "@id": "node/13103590837",
        "bus": "yes",
        "highway": "bus_stop",
        "name": "ديبوزفيل (ذهاب)",
        "name:ar": "ديبوزفيل (ذهاب)",
        "name:fr": "DIBOUZVILLE (Aller)",
        "public_transport": "stop_position"
      },
      "geometry": {
        "type": "Point",
        "coordinates": [
          10.1921225,
          36.7834608
        ]
      },
      "id": "node/13103590837"
    },
    {
      "type": "Feature",
      "properties": {
        "@id": "node/5227818033",
        "bus": "yes",
        "gtfs_id": "216",
        "highway": "bus_stop",
        "name": "Tunis-PV",
        "operator": "الشركة الوطنية للسكك الحديدية التونسية",
        "operator:ar": "الشركة الوطنية للسكك الحديدية التونسية",
        "operator:website": "http://www.sncft.com.tn/Ar/",
        "operator:wikidata": "Q2297197",
        "operator:wikipedia": "ar:الشركة الوطنية للسكك الحديدية التونسية",
        "operator:wikipedia:ar": "الشركة الوطنية للسكك الحديدية التونسية",
        "public_transport": "platform"
      },
      "geometry": {
        "type": "Point",
        "coordinates": [
          10.1887689,
          36.7923761
        ]
      },
      "id": "node/5227818033"
    },
    {
      "type": "Feature",
      "properties": {
        "@id": "node/5234855947",
        "bus": "yes",
        "gtfs_id": "216",
        "highway": "bus_stop",
        "name": "Tunis-PV",
        "operator": "Socite Nationale des chemins de fer tunisien",
        "public_transport": "platform"
      },
      "geometry": {
        "type": "Point",
        "coordinates": [
          10.1887689,
          36.7923761
        ]
      },
      "id": "node/5234855947"
    },
    {
      "type": "Feature",
      "properties": {
        "@id": "node/10295304492",
        "bus": "yes",
        "highway": "bus_stop",
        "name": "المنصف باي (ذهاب)",
        "name:ar": "المنصف باي (ذهاب)",
        "name:fr": "MONCEF BEY (Aller)",
        "public_transport": "platform"
      },
      "geometry": {
        "type": "Point",
        "coordinates": [
          10.1856283,
          36.7929436
        ]
      },
      "id": "node/10295304492"
    },
    {
      "type": "Feature",
      "properties": {
        "@id": "node/10295304496",
        "bus": "yes",
        "highway": "bus_stop",
        "name": "باب عليوة خط 25/10",
        "name:ar": "باب عليوة خط 25/10",
        "name:fr": "BAB ALIOUA L10-25(A-B-C-D)",
        "operator": "Transtu",
        "public_transport": "platform"
      },
      "geometry": {
        "type": "Point",
        "coordinates": [
          10.18464,
          36.7889377
        ]
      },
      "id": "node/10295304496"
    },
    {
      "type": "Feature",
      "properties": {
        "@id": "node/10295305244",
        "bus": "yes",
        "highway": "bus_stop",
        "name": "المنصف باي (إياب)",
        "name:ar": "المنصف باي (إياب)",
        "name:fr": "MONCEF BEY (Retour)",
        "public_transport": "stop_position"
      },
      "geometry": {
        "type": "Point",
        "coordinates": [
          10.1861258,
          36.7925322
        ]
      },
      "id": "node/10295305244"
    },
    {
      "type": "Feature",
      "properties": {
        "@id": "node/10295305531",
        "bus": "yes",
        "highway": "bus_stop",
        "name": "شركة ستيل",
        "name:ar": "شركة ستيل",
        "name:fr": "SOCIÉTÉ STIL",
        "public_transport": "stop_position"
      },
      "geometry": {
        "type": "Point",
        "coordinates": [
          10.1904254,
          36.7925815
        ]
      },
      "id": "node/10295305531"
    },
    {
      "type": "Feature",
      "properties": {
        "@id": "node/13743543551",
        "amenity": "taxi",
        "name": "محطة اللواج المنصف باي",
        "name:ar": "محطة اللواج المنصف باي",
        "name:en": "Louage Station Moncef Bey",
        "name:fr": "Station Louage Moncef Bey",
        "network": "louage",
        "public_transport": "station",
        "share_taxi": "yes",
        "type": "site"
      },
      "geometry": {
        "type": "Point",
        "coordinates": [
          10.1871505,
          36.7916568
        ]
      },
      "id": "node/13743543551"
    },
    {
      "type": "Feature",
      "properties": {
        "@id": "node/10295305404",
        "bus": "yes",
        "highway": "bus_stop",
        "name": "الحماية المدنية",
        "name:ar": "الحماية المدنية",
        "name:fr": "PROTECTION CIVILE",
        "public_transport": "stop_position"
      },
      "geometry": {
        "type": "Point",
        "coordinates": [
          10.2037229,
          36.7719233
        ]
      },
      "id": "node/10295305404"
    },
    {
      "type": "Feature",
      "properties": {
        "@id": "node/10295305524",
        "bus": "yes",
        "highway": "bus_stop",
        "name": "جبل جلود",
        "name:ar": "جبل جلود",
        "name:fr": "JEBEL JELLOUD",
        "public_transport": "stop_position"
      },
      "geometry": {
        "type": "Point",
        "coordinates": [
          10.2025642,
          36.7731781
        ]
      },
      "id": "node/10295305524"
    },
    {
      "type": "Feature",
      "properties": {
        "@id": "node/10295304504",
        "bus": "yes",
        "highway": "bus_stop",
        "name": "جبل جلود ط.و1",
        "name:ar": "جبل جلود ط.و1",
        "name:fr": "JEBEL JELLOUD GP1",
        "public_transport": "stop_position"
      },
      "geometry": {
        "type": "Point",
        "coordinates": [
          10.2045236,
          36.7732433
        ]
      },
      "id": "node/10295304504"
    },
    {
      "type": "Feature",
      "properties": {
        "@id": "node/10295305405",
        "bus": "yes",
        "highway": "bus_stop",
        "name": "سيدي فتح الله 1",
        "name:ar": "سيدي فتح الله 1",
        "name:fr": "SIDI FATHALLAH 1",
        "public_transport": "stop_position"
      },
      "geometry": {
        "type": "Point",
        "coordinates": [
          10.2074351,
          36.7690357
        ]
      },
      "id": "node/10295305405"
    },
    {
      "type": "Feature",
      "properties": {
        "@id": "node/10295305680",
        "bus": "yes",
        "highway": "bus_stop",
        "name": "محطة قطار جبل جلود",
        "name:ar": "محطة قطار جبل جلود",
        "name:fr": "GARE JEBEL JELLOUD",
        "public_transport": "stop_position"
      },
      "geometry": {
        "type": "Point",
        "coordinates": [
          10.208723,
          36.7715383
        ]
      },
      "id": "node/10295305680"
    },
    {
      "type": "Feature",
      "properties": {
        "@id": "node/10295305530",
        "bus": "yes",
        "highway": "bus_stop",
        "name": "جسر الطريق السيارة رقم 1",
        "name:ar": "جسر الطريق السيارة رقم 1",
        "name:fr": "PONT AUTOROUTE SUD (SAINT-GOUBIN)",
        "public_transport": "stop_position"
      },
      "geometry": {
        "type": "Point",
        "coordinates": [
          10.2008261,
          36.7809122
        ]
      },
      "id": "node/10295305530"
    },
    {
      "type": "Feature",
      "properties": {
        "@id": "node/13103673467",
        "bus": "yes",
        "highway": "bus_stop",
        "name": "الافران (ذهاب)",
        "name:ar": "الافران (ذهاب)",
        "name:fr": "EL AFRANE (Aller)",
        "operator": "TransTu",
        "public_transport": "stop_position"
      },
      "geometry": {
        "type": "Point",
        "coordinates": [
          10.1992502,
          36.7770532
        ]
      },
      "id": "node/13103673467"
    },
    {
      "type": "Feature",
      "properties": {
        "@id": "node/13103673468",
        "bus": "yes",
        "highway": "bus_stop",
        "name": "الافران (إياب)",
        "name:ar": "الافران (إياب)",
        "name:fr": "EL AFRANE (Retour)",
        "operator": "TransTu",
        "public_transport": "stop_position"
      },
      "geometry": {
        "type": "Point",
        "coordinates": [
          10.1995767,
          36.7770072
        ]
      },
      "id": "node/13103673468"
    },
    {
      "type": "Feature",
      "properties": {
        "@id": "node/10295305528",
        "bus": "yes",
        "highway": "bus_stop",
        "name": "بروسيد",
        "name:ar": "بروسيد",
        "name:fr": "PROCID",
        "public_transport": "stop_position"
      },
      "geometry": {
        "type": "Point",
        "coordinates": [
          10.2057726,
          36.7782157
        ]
      },
      "id": "node/10295305528"
    },
    {
      "type": "Feature",
      "properties": {
        "@id": "node/10295305529",
        "bus": "yes",
        "highway": "bus_stop",
        "name": "سيكواك",
        "name:ar": "سيكواك",
        "name:fr": "SICOAC",
        "public_transport": "stop_position"
      },
      "geometry": {
        "type": "Point",
        "coordinates": [
          10.2040018,
          36.7792956
        ]
      },
      "id": "node/10295305529"
    },
    {
      "type": "Feature",
      "properties": {
        "@id": "node/5227817808",
        "gtfs_id": "41",
        "name": "مقرين الرياض",
        "name:ar": "مقرين الرياض",
        "name:en": "Megrine Riadh",
        "name:fr": "Megrine Riadh",
        "operator": "الشركة الوطنية للسكك الحديدية التونسية",
        "operator:ar": "الشركة الوطنية للسكك الحديدية التونسية",
        "operator:website": "http://www.sncft.com.tn/Ar/",
        "operator:wikidata": "Q2297197",
        "operator:wikipedia": "ar:الشركة الوطنية للسكك الحديدية التونسية",
        "operator:wikipedia:ar": "الشركة الوطنية للسكك الحديدية التونسية",
        "public_transport": "station",
        "railway": "station",
        "route_ref": "17;19",
        "train": "yes"
      },
      "geometry": {
        "type": "Point",
        "coordinates": [
          10.2231437,
          36.770324
        ]
      },
      "id": "node/5227817808"
    },
    {
      "type": "Feature",
      "properties": {
        "@id": "node/10295305526",
        "bus": "yes",
        "highway": "bus_stop",
        "name": "شركة نظيف",
        "name:ar": "شركة نظيف",
        "name:fr": "SOCIÉTÉ NADHIF",
        "public_transport": "stop_position"
      },
      "geometry": {
        "type": "Point",
        "coordinates": [
          10.2179923,
          36.7743629
        ]
      },
      "id": "node/10295305526"
    },
    {
      "type": "Feature",
      "properties": {
        "@id": "node/10295305565",
        "bus": "yes",
        "highway": "bus_stop",
        "name": "معهد مقرين الرياض",
        "name:ar": "معهد مقرين الرياض",
        "name:fr": "LYCÉE MÉGRINE RIADH",
        "public_transport": "stop_position"
      },
      "geometry": {
        "type": "Point",
        "coordinates": [
          10.2206959,
          36.7691549
        ]
      },
      "id": "node/10295305565"
    },
    {
      "type": "Feature",
      "properties": {
        "@id": "node/10295305527",
        "bus": "yes",
        "highway": "bus_stop",
        "name": "طريق وجسر سان قوبان",
        "name:ar": "طريق وجسر سان قوبان",
        "name:fr": "PONTS ET CHAUSSÉES . SAINT GOBIN",
        "public_transport": "stop_position"
      },
      "geometry": {
        "type": "Point",
        "coordinates": [
          10.2114477,
          36.7762707
        ]
      },
      "id": "node/10295305527"
    },
    {
      "type": "Feature",
      "properties": {
        "@id": "node/5807318668",
        "light_rail": "yes",
        "name": "ساحة برشلونة",
        "name:ar": "ساحة برشلونة",
        "name:en": "Place de Barcelone",
        "name:fr": "Place de Barcelone",
        "public_transport": "station",
        "railway": "station",
        "station": "light_rail",
        "wikidata": "Q110929069"
      },
      "geometry": {
        "type": "Point",
        "coordinates": [
          10.180449,
          36.7960949
        ]
      },
      "id": "node/5807318668"
    },
    {
      "type": "Feature",
      "properties": {
        "@id": "node/5807445642",
        "light_rail": "yes",
        "name": "ساحة برشلونة",
        "name:ar": "ساحة برشلونة",
        "name:en": "Place de Barcelone",
        "name:fr": "Place de Barcelone",
        "public_transport": "stop_position",
        "railway": "stop",
        "route_ref": "1;6"
      },
      "geometry": {
        "type": "Point",
        "coordinates": [
          10.1803478,
          36.7960519
        ]
      },
      "id": "node/5807445642"
    },
    {
      "type": "Feature",
      "properties": {
        "@id": "node/10001405017",
        "bus": "yes",
        "highway": "bus_stop",
        "name:ru": "Место встречи с гидом в Тунисе в 15.50",
        "public_transport": "platform"
      },
      "geometry": {
        "type": "Point",
        "coordinates": [
          10.1792825,
          36.799783
        ]
      },
      "id": "node/10001405017"
    },
    {
      "type": "Feature",
      "properties": {
        "@id": "node/10295305660",
        "addr:city": "تونس",
        "addr:street": "Place de Barcelone",
        "amenity": "bus_station",
        "bus": "yes",
        "name": "محطة ساحة البرشلونة",
        "name:ar": "محطة ساحة البرشلونة",
        "name:fr": "Station Place de Barcelone",
        "operator": "TransTu",
        "public_transport": "station"
      },
      "geometry": {
        "type": "Point",
        "coordinates": [
          10.1802264,
          36.7970658
        ]
      },
      "id": "node/10295305660"
    },
    {
      "type": "Feature",
      "properties": {
        "@id": "node/12252557210",
        "bench": "yes",
        "bus": "yes",
        "departures_board": "no",
        "highway": "bus_stop",
        "name": "ساحة البرشلونة",
        "name:ar": "ساحة البرشلونة",
        "name:en": "Place Barcelone",
        "name:fr": "Place de Barcelone",
        "network": "Bus de Barcelona",
        "operator": "TransTu",
        "public_transport": "platform",
        "shelter": "yes"
      },
      "geometry": {
        "type": "Point",
        "coordinates": [
          10.1802367,
          36.7970111
        ]
      },
      "id": "node/12252557210"
    },
    {
      "type": "Feature",
      "properties": {
        "@id": "node/12252557212",
        "bus": "yes",
        "departures_board": "no",
        "highway": "bus_stop",
        "name": "ساحة البرشلونة",
        "name:ar": "ساحة البرشلونة",
        "name:en": "Place Barcelone",
        "network": "Bus de Barcelona",
        "operator": "TransTu",
        "public_transport": "platform",
        "ref": "3"
      },
      "geometry": {
        "type": "Point",
        "coordinates": [
          10.1811423,
          36.7969221
        ]
      },
      "id": "node/12252557212"
    },
    {
      "type": "Feature",
      "properties": {
        "@id": "node/10295304487",
        "bus": "yes",
        "highway": "bus_stop",
        "name": "علي بلهوان",
        "name:ar": "علي بلهوان",
        "name:fr": "ALI BALAHOUAN",
        "public_transport": "stop_position"
      },
      "geometry": {
        "type": "Point",
        "coordinates": [
          10.1742408,
          36.8065136
        ]
      },
      "id": "node/10295304487"
    },
    {
      "type": "Feature",
      "properties": {
        "@id": "node/5807318669",
        "light_rail": "yes",
        "name": "ساحة الجمهورية",
        "name:ar": "ساحة الجمهورية",
        "name:fr": "Place de la République",
        "public_transport": "station",
        "railway": "station",
        "station": "light_rail",
        "wheelchair": "no",
        "wikidata": "Q110929056"
      },
      "geometry": {
        "type": "Point",
        "coordinates": [
          10.1808267,
          36.8064986
        ]
      },
      "id": "node/5807318669"
    },
    {
      "type": "Feature",
      "properties": {
        "@id": "node/10295304334",
        "amenity": "bus_station",
        "bus": "yes",
        "name": "ساحة الجمهورية",
        "name:aeb": "البساج",
        "name:ar": "ساحة الجمهورية",
        "name:fr": "place de la République",
        "operator": "TransTu",
        "public_transport": "station"
      },
      "geometry": {
        "type": "Point",
        "coordinates": [
          10.1798012,
          36.8046531
        ]
      },
      "id": "node/10295304334"
    },
    {
      "type": "Feature",
      "properties": {
        "@id": "node/10295304584",
        "bus": "yes",
        "highway": "bus_stop",
        "name": "الجمهورية جون جوراس (ذهاب)",
        "name:ar": "الجمهورية جون جوراس (ذهاب)",
        "name:fr": "PASSAGE JEANS JAURES (Aller)",
        "public_transport": "stop_position"
      },
      "geometry": {
        "type": "Point",
        "coordinates": [
          10.1815361,
          36.8069114
        ]
      },
      "id": "node/10295304584"
    },
    {
      "type": "Feature",
      "properties": {
        "@id": "node/10295304585",
        "addr:city": "تونس",
        "addr:street": "شارع جان جوريس",
        "amenity": "bus_station",
        "bus": "yes",
        "name": "الشركة التونسية للكهرباء والغاز (ذهاب)",
        "name:ar": "الشركة التونسية للكهرباء والغاز (ذهاب)",
        "name:fr": "Société tunisienne de l'électricité et du gaz (Aller)",
        "operator": "TransTu",
        "public_transport": "station"
      },
      "geometry": {
        "type": "Point",
        "coordinates": [
          10.1819978,
          36.8054996
        ]
      },
      "id": "node/10295304585"
    },
    {
      "type": "Feature",
      "properties": {
        "@id": "node/10295304586",
        "bench": "no",
        "bin": "no",
        "bus": "yes",
        "highway": "bus_stop",
        "lit": "no",
        "name": "جون جوراس (ذهاب)",
        "name:ar": "جون جوراس (ذهاب)",
        "name:fr": "JEANS JAURES",
        "public_transport": "platform",
        "shelter": "no"
      },
      "geometry": {
        "type": "Point",
        "coordinates": [
          10.1832839,
          36.8022875
        ]
      },
      "id": "node/10295304586"
    },
    {
      "type": "Feature",
      "properties": {
        "@id": "node/10295305721",
        "amenity": "bus_station",
        "bus": "yes",
        "name": "حديقة ثامر",
        "name:ar": "حديقة ثامر",
        "name:fr": "JARDIN THAMEUR",
        "public_transport": "station"
      },
      "geometry": {
        "type": "Point",
        "coordinates": [
          10.1779113,
          36.8038101
        ]
      },
      "id": "node/10295305721"
    },
    {
      "type": "Feature",
      "properties": {
        "@id": "node/4453398490",
        "addr:city": "تونس",
        "addr:city:ar": "تونس",
        "addr:street": "شارع محمد الخامس",
        "amenity": "bus_station",
        "bus": "yes",
        "name": "محطة الحبيب بورقيبه",
        "name:ar": "محطة الحبيب بورقيبه",
        "name:en": "Habib Bourguiba Station",
        "name:fr": "Habib Bourguiba",
        "public_transport": "station"
      },
      "geometry": {
        "type": "Point",
        "coordinates": [
          10.1861834,
          36.8012968
        ]
      },
      "id": "node/4453398490"
    },
    {
      "type": "Feature",
      "properties": {
        "@id": "node/5807445623",
        "light_rail": "yes",
        "name": "فرحات حشاد",
        "name:ar": "فرحات حشاد",
        "name:fr": "Farhat Hached",
        "public_transport": "station",
        "railway": "station",
        "station": "light_rail"
      },
      "geometry": {
        "type": "Point",
        "coordinates": [
          10.1860984,
          36.7978921
        ]
      },
      "id": "node/5807445623"
    },
    {
      "type": "Feature",
      "properties": {
        "@id": "node/5807445626",
        "light_rail": "yes",
        "name": "فرحات حشاد",
        "name:ar": "فرحات حشاد",
        "name:fr": "Farhat Hached",
        "public_transport": "stop_position"
      },
      "geometry": {
        "type": "Point",
        "coordinates": [
          10.1860957,
          36.7979039
        ]
      },
      "id": "node/5807445626"
    },
    {
      "type": "Feature",
      "properties": {
        "@id": "node/10295304493",
        "bus": "yes",
        "highway": "bus_stop",
        "name": "سعد زغلول",
        "name:ar": "سعد زغلول",
        "name:fr": "SAAD ZAGHLOUL",
        "public_transport": "stop_position"
      },
      "geometry": {
        "type": "Point",
        "coordinates": [
          10.1871358,
          36.7990576
        ]
      },
      "id": "node/10295304493"
    },
    {
      "type": "Feature",
      "properties": {
        "@id": "node/10295304809",
        "bus": "yes",
        "highway": "bus_stop",
        "name": "نهج تركيا",
        "name:ar": "نهج تركيا",
        "name:fr": "RUE DE LA TURQUIE (Aller)",
        "public_transport": "stop_position"
      },
      "geometry": {
        "type": "Point",
        "coordinates": [
          10.1863693,
          36.7991033
        ]
      },
      "id": "node/10295304809"
    },
    {
      "type": "Feature",
      "properties": {
        "@id": "node/10295304993",
        "bus": "yes",
        "highway": "bus_stop",
        "name": "علي درغوث",
        "name:ar": "علي درغوث",
        "name:fr": "ALI DERGHOUTH",
        "public_transport": "stop_position"
      },
      "geometry": {
        "type": "Point",
        "coordinates": [
          10.1892395,
          36.7963622
        ]
      },
      "id": "node/10295304993"
    },
    {
      "type": "Feature",
      "properties": {
        "@id": "node/13743543552",
        "amenity": "taxi",
        "name": "محطة اللواج تطاوين",
        "name:ar": "محطة اللواج تطاوين",
        "name:en": "Louage Station Tataouine",
        "name:fr": "Station Louage Tataouine",
        "network": "louage",
        "public_transport": "station",
        "share_taxi": "yes",
        "type": "site"
      },
      "geometry": {
        "type": "Point",
        "coordinates": [
          10.1885094,
          36.7970138
        ]
      },
      "id": "node/13743543552"
    },
    {
      "type": "Feature",
      "properties": {
        "@id": "node/5807318667",
        "light_rail": "yes",
        "name": "تونس البحرية",
        "name:ar": "تونس البحرية",
        "name:es": "Túnez Marina",
        "name:fr": "Tunis Marine",
        "public_transport": "station",
        "railway": "station",
        "station": "light_rail"
      },
      "geometry": {
        "type": "Point",
        "coordinates": [
          10.1928958,
          36.8001263
        ]
      },
      "id": "node/5807318667"
    },
    {
      "type": "Feature",
      "properties": {
        "@id": "node/5814603921",
        "addr:city": "تونس",
        "addr:city:ar": "تونس",
        "light_rail": "yes",
        "name": "تونس البحرية",
        "name:ar": "تونس البحرية",
        "name:en": "Tunis Marine",
        "name:fr": "Tunis Marine",
        "name:zh": "突尼斯滨海",
        "public_transport": "station",
        "railway": "station"
      },
      "geometry": {
        "type": "Point",
        "coordinates": [
          10.1920755,
          36.8006885
        ]
      },
      "id": "node/5814603921"
    },
    {
      "type": "Feature",
      "properties": {
        "@id": "node/10295304444",
        "bus": "yes",
        "highway": "bus_stop",
        "name": "وزارة السياحة (إياب)",
        "name:ar": "وزارة السياحة (إياب)",
        "name:fr": "MINISTÈRE DU TOURISME (Retour)",
        "public_transport": "stop_position"
      },
      "geometry": {
        "type": "Point",
        "coordinates": [
          10.1860355,
          36.8023057
        ]
      },
      "id": "node/10295304444"
    },
    {
      "type": "Feature",
      "properties": {
        "@id": "node/10295304445",
        "bus": "yes",
        "highway": "bus_stop",
        "name": "ساحة حقوق الإنسان (إياب)",
        "name:ar": "ساحة حقوق الإنسان (إياب)",
        "name:fr": "PLACE DES DROITS DE L'HOMME (Retour)",
        "public_transport": "stop_position"
      },
      "geometry": {
        "type": "Point",
        "coordinates": [
          10.1853612,
          36.8062684
        ]
      },
      "id": "node/10295304445"
    },
    {
      "type": "Feature",
      "properties": {
        "@id": "node/10295304459",
        "bus": "yes",
        "highway": "bus_stop",
        "name": "ساحة حقوق الإنسان",
        "name:ar": "ساحة حقوق الإنسان",
        "name:fr": "Place des DROITS DE L'HOMME",
        "public_transport": "stop_position"
      },
      "geometry": {
        "type": "Point",
        "coordinates": [
          10.1853076,
          36.8072691
        ]
      },
      "id": "node/10295304459"
    },
    {
      "type": "Feature",
      "properties": {
        "@id": "node/10295304460",
        "bus": "yes",
        "highway": "bus_stop",
        "name": "وزارة السياحة",
        "name:ar": "وزارة السياحة",
        "name:fr": "MINISTÈRE DU TOURISME",
        "public_transport": "stop_position"
      },
      "geometry": {
        "type": "Point",
        "coordinates": [
          10.1861322,
          36.8022695
        ]
      },
      "id": "node/10295304460"
    },
    {
      "type": "Feature",
      "properties": {
        "@id": "node/5807318586",
        "light_rail": "yes",
        "name": "باب الخضراء",
        "name:ar": "باب الخضراء",
        "name:fr": "Bab El Khadra",
        "public_transport": "station",
        "railway": "station",
        "station": "light_rail"
      },
      "geometry": {
        "type": "Point",
        "coordinates": [
          10.1724748,
          36.8102392
        ]
      },
      "id": "node/5807318586"
    },
    {
      "type": "Feature",
      "properties": {
        "@id": "node/5807318588",
        "light_rail": "yes",
        "name": "باب الخضراء",
        "name:ar": "باب الخضراء",
        "name:fr": "Bab El Khadra",
        "public_transport": "stop_position",
        "railway": "stop"
      },
      "geometry": {
        "type": "Point",
        "coordinates": [
          10.1724547,
          36.8102253
        ]
      },
      "id": "node/5807318588"
    },
    {
      "type": "Feature",
      "properties": {
        "@id": "node/10295304446",
        "bus": "yes",
        "highway": "bus_stop",
        "name": "الطيب المهيري",
        "name:ar": "الطيب المهيري",
        "name:fr": "TAIEB MHIRI",
        "public_transport": "stop_position"
      },
      "geometry": {
        "type": "Point",
        "coordinates": [
          10.1750991,
          36.8139305
        ]
      },
      "id": "node/10295304446"
    },
    {
      "type": "Feature",
      "properties": {
        "@id": "node/10295304692",
        "bus": "yes",
        "highway": "bus_stop",
        "name": "شارع مدريد",
        "name:ar": "شارع مدريد",
        "name:fr": "Avenue de MADRID",
        "public_transport": "stop_position"
      },
      "geometry": {
        "type": "Point",
        "coordinates": [
          10.1754345,
          36.8088741
        ]
      },
      "id": "node/10295304692"
    },
    {
      "type": "Feature",
      "properties": {
        "@id": "node/10295305643",
        "bus": "yes",
        "highway": "bus_stop",
        "name": "المشتل",
        "name:ar": "المشتل",
        "name:fr": "MECHTEL",
        "public_transport": "stop_position"
      },
      "geometry": {
        "type": "Point",
        "coordinates": [
          10.1723472,
          36.8135314
        ]
      },
      "id": "node/10295305643"
    },
    {
      "type": "Feature",
      "properties": {
        "@id": "node/5807318035",
        "light_rail": "yes",
        "name": "نيلسون مانديلا",
        "name:ar": "نيلسون مانديلا",
        "name:fr": "Nelson Mandela",
        "public_transport": "station",
        "railway": "station",
        "ref": "خط 2، 12",
        "station": "light_rail"
      },
      "geometry": {
        "type": "Point",
        "coordinates": [
          10.1825459,
          36.8111036
        ]
      },
      "id": "node/5807318035"
    },
    {
      "type": "Feature",
      "properties": {
        "@id": "node/5807318037",
        "light_rail": "yes",
        "name": "نيلسون مانديلا",
        "name:ar": "نيلسون مانديلا",
        "name:fr": "Nelson Mandela",
        "public_transport": "stop_position",
        "railway": "stop"
      },
      "geometry": {
        "type": "Point",
        "coordinates": [
          10.182564,
          36.8111014
        ]
      },
      "id": "node/5807318037"
    },
    {
      "type": "Feature",
      "properties": {
        "@id": "node/10295304335",
        "bench": "no",
        "bin": "no",
        "bus": "yes",
        "highway": "bus_stop",
        "lit": "no",
        "name": "شارع الحرّيّة",
        "name:ar": "شارع الحرّيّة",
        "name:fr": "Avenue de la Liberté",
        "public_transport": "platform",
        "shelter": "yes"
      },
      "geometry": {
        "type": "Point",
        "coordinates": [
          10.1797692,
          36.8098613
        ]
      },
      "id": "node/10295304335"
    },
    {
      "type": "Feature",
      "properties": {
        "@id": "node/10295304336",
        "bus": "yes",
        "highway": "bus_stop",
        "name": "مونوبري شارع الحرّيّة",
        "name:ar": "مونوبري شارع الحرّيّة",
        "name:fr": "MONOPRIX Avenue de la Liberté",
        "public_transport": "stop_position"
      },
      "geometry": {
        "type": "Point",
        "coordinates": [
          10.1792813,
          36.8129301
        ]
      },
      "id": "node/10295304336"
    },
    {
      "type": "Feature",
      "properties": {
        "@id": "node/10295304583",
        "bus": "yes",
        "highway": "bus_stop",
        "name": "لافيات (ذهاب)",
        "name:ar": "لافيات (ذهاب)",
        "name:fr": "LA FAYETTE (Aller)",
        "public_transport": "platform"
      },
      "geometry": {
        "type": "Point",
        "coordinates": [
          10.1807645,
          36.8106236
        ]
      },
      "id": "node/10295304583"
    },
    {
      "type": "Feature",
      "properties": {
        "@id": "node/10295304448",
        "bus": "yes",
        "highway": "bus_stop",
        "name": "البلفيدير",
        "name:ar": "البلفيدير",
        "name:fr": "LE BELVÉDÈRE",
        "public_transport": "stop_position"
      },
      "geometry": {
        "type": "Point",
        "coordinates": [
          10.1770408,
          36.8184299
        ]
      },
      "id": "node/10295304448"
    },
    {
      "type": "Feature",
      "properties": {
        "@id": "node/4453517189",
        "amenity": "bus_station",
        "bus": "yes",
        "name": "محطة محمد الخامس",
        "name:ar": "محطة محمد الخامس جنب السفارة",
        "name:en": "Mohamed V",
        "name:fr": "Mohamed V",
        "public_transport": "station",
        "wheelchair": "no"
      },
      "geometry": {
        "type": "Point",
        "coordinates": [
          10.1818834,
          36.8194985
        ]
      },
      "id": "node/4453517189"
    },
    {
      "type": "Feature",
      "properties": {
        "@id": "node/9318733638",
        "name": "Mohamed V",
        "name:ar": "محمد الخامس",
        "name:fr": "Mohamed V",
        "public_transport": "station"
      },
      "geometry": {
        "type": "Point",
        "coordinates": [
          10.1837846,
          36.8150646
        ]
      },
      "id": "node/9318733638"
    },
    {
      "type": "Feature",
      "properties": {
        "@id": "node/10295304451",
        "bus": "yes",
        "highway": "bus_stop",
        "name": "الشيلينق",
        "name:ar": "الشيلينق",
        "name:fr": "SCHILING",
        "public_transport": "stop_position"
      },
      "geometry": {
        "type": "Point",
        "coordinates": [
          10.1810438,
          36.8204253
        ]
      },
      "id": "node/10295304451"
    },
    {
      "type": "Feature",
      "properties": {
        "@id": "node/10295304454",
        "bus": "yes",
        "highway": "bus_stop",
        "name": "خير الدين باشا",
        "name:ar": "خير الدين باشا",
        "name:fr": "KHEIREDDINE BACHA",
        "public_transport": "stop_position"
      },
      "geometry": {
        "type": "Point",
        "coordinates": [
          10.182757,
          36.8187238
        ]
      },
      "id": "node/10295304454"
    },
    {
      "type": "Feature",
      "properties": {
        "@id": "node/10295304457",
        "bus": "yes",
        "highway": "bus_stop",
        "name": "Mohamed V",
        "name:ar": "محمد الخامس",
        "name:fr": "Mohamed V",
        "public_transport": "platform"
      },
      "geometry": {
        "type": "Point",
        "coordinates": [
          10.1839425,
          36.8154192
        ]
      },
      "id": "node/10295304457"
    },
    {
      "type": "Feature",
      "properties": {
        "@id": "node/10295304582",
        "bus": "yes",
        "highway": "bus_stop",
        "name": "ساحة جان دارك (ذهاب)",
        "name:ar": "ساحة جان دارك (ذهاب)",
        "name:fr": "PLACE JEANS DARK (Aller)",
        "public_transport": "stop_position"
      },
      "geometry": {
        "type": "Point",
        "coordinates": [
          10.1795785,
          36.8183566
        ]
      },
      "id": "node/10295304582"
    },
    {
      "type": "Feature",
      "properties": {
        "@id": "node/13835966905",
        "light_rail": "yes",
        "name": "محمد الخامس",
        "name:ar": "محمد الخامس",
        "name:de": "Muhammad al-Chamis",
        "name:en": "Muhammad Al Khamis",
        "name:fr": "Mohamed V",
        "operator": "شركة النقل بتونس",
        "public_transport": "station",
        "railway": "halt",
        "station": "light_rail",
        "wheelchair": "no",
        "wikidata": "Q110929039"
      },
      "geometry": {
        "type": "Point",
        "coordinates": [
          10.1831877,
          36.8159254
        ]
      },
      "id": "node/13835966905"
    },
    {
      "type": "Feature",
      "properties": {
        "@id": "node/13835966906",
        "light_rail": "yes",
        "name": "محمد الخامس",
        "name:ar": "محمد الخامس",
        "name:de": "Muhammad al-Chamis",
        "name:en": "Muhammad Al Khamis",
        "name:fr": "Mohamed V",
        "operator": "شركة النقل بتونس",
        "public_transport": "stop_position",
        "wheelchair": "no"
      },
      "geometry": {
        "type": "Point",
        "coordinates": [
          10.1831717,
          36.8159117
        ]
      },
      "id": "node/13835966906"
    },
    {
      "type": "Feature",
      "properties": {
        "@id": "node/10295303695",
        "bus": "yes",
        "highway": "bus_stop",
        "name": "بنك الاسكان",
        "name:ar": "بنك الاسكان",
        "name:fr": "BANQUE DE L'HABITAT",
        "public_transport": "stop_position"
      },
      "geometry": {
        "type": "Point",
        "coordinates": [
          10.1855061,
          36.8194235
        ]
      },
      "id": "node/10295303695"
    },
    {
      "type": "Feature",
      "properties": {
        "@id": "node/10295303696",
        "bench": "no",
        "bus": "yes",
        "highway": "bus_stop",
        "name": "Maison Blanche",
        "name:ar": "البيت الابيض",
        "name:fr": "Maison Blanche",
        "public_transport": "platform",
        "shelter": "no"
      },
      "geometry": {
        "type": "Point",
        "coordinates": [
          10.1850609,
          36.8156186
        ]
      },
      "id": "node/10295303696"
    },
    {
      "type": "Feature",
      "properties": {
        "@id": "node/10295305563",
        "bus": "yes",
        "highway": "bus_stop",
        "name": "بسكويت سيدة",
        "name:ar": "بسكويت سيدة",
        "name:fr": "BISCUITS SAIDA",
        "public_transport": "stop_position"
      },
      "geometry": {
        "type": "Point",
        "coordinates": [
          10.2244193,
          36.771873
        ]
      },
      "id": "node/10295305563"
    },
    {
      "type": "Feature",
      "properties": {
        "@id": "node/10295305206",
        "bus": "yes",
        "highway": "bus_stop",
        "name": "ابن الجزار",
        "name:ar": "ابن الجزار",
        "name:fr": "2ÈME Arrêt IBN JAZZAR",
        "public_transport": "stop_position"
      },
      "geometry": {
        "type": "Point",
        "coordinates": [
          10.2305673,
          36.7721347
        ]
      },
      "id": "node/10295305206"
    },
    {
      "type": "Feature",
      "properties": {
        "@id": "node/10295305547",
        "bus": "yes",
        "highway": "bus_stop",
        "name": "نهاية خط مقرين كوتو",
        "name:ar": "نهاية خط مقرين كوتو",
        "name:fr": "Terminus M-COTEAUX",
        "public_transport": "stop_position"
      },
      "geometry": {
        "type": "Point",
        "coordinates": [
          10.2318386,
          36.7707311
        ]
      },
      "id": "node/10295305547"
    },
    {
      "type": "Feature",
      "properties": {
        "@id": "node/10295305548",
        "bus": "yes",
        "highway": "bus_stop",
        "name": "شارع الجمهورية 3",
        "name:ar": "شارع الجمهورية 3",
        "name:fr": "Avenue RÉPUBLIQUE 3",
        "public_transport": "stop_position"
      },
      "geometry": {
        "type": "Point",
        "coordinates": [
          10.2335276,
          36.7740536
        ]
      },
      "id": "node/10295305548"
    },
    {
      "type": "Feature",
      "properties": {
        "@id": "node/10295305561",
        "bus": "yes",
        "highway": "bus_stop",
        "name": "الحي التجاري",
        "name:ar": "الحي التجاري",
        "name:fr": "CITÉ COMMERCIALE",
        "public_transport": "stop_position"
      },
      "geometry": {
        "type": "Point",
        "coordinates": [
          10.232187,
          36.7700768
        ]
      },
      "id": "node/10295305561"
    },
    {
      "type": "Feature",
      "properties": {
        "@id": "node/10295305525",
        "bus": "yes",
        "highway": "bus_stop",
        "name": "معهد طه حسين مقرين",
        "name:ar": "معهد طه حسين مقرين",
        "name:fr": "LYCÉE TAHA HSSINE MEGRINE",
        "public_transport": "stop_position"
      },
      "geometry": {
        "type": "Point",
        "coordinates": [
          10.22472,
          36.7765878
        ]
      },
      "id": "node/10295305525"
    },
    {
      "type": "Feature",
      "properties": {
        "@id": "node/10295305534",
        "bus": "yes",
        "highway": "bus_stop",
        "name": "حي جوهرة",
        "name:ar": "حي جوهرة",
        "name:fr": "CITÉ JAOUHARA",
        "public_transport": "stop_position"
      },
      "geometry": {
        "type": "Point",
        "coordinates": [
          10.2278955,
          36.7756462
        ]
      },
      "id": "node/10295305534"
    },
    {
      "type": "Feature",
      "properties": {
        "@id": "node/10295305533",
        "bus": "yes",
        "highway": "bus_stop",
        "name": "مقهي عياد",
        "name:ar": "مقهي عياد",
        "name:fr": "CAFÉ AYED",
        "public_transport": "stop_position"
      },
      "geometry": {
        "type": "Point",
        "coordinates": [
          10.2315647,
          36.7793924
        ]
      },
      "id": "node/10295305533"
    },
    {
      "type": "Feature",
      "properties": {
        "@id": "node/13255124730",
        "amenity": "bus_station",
        "bus": "yes",
        "name": "محطة حافلات",
        "public_transport": "station"
      },
      "geometry": {
        "type": "Point",
        "coordinates": [
          10.2344,
          36.7817679
        ]
      },
      "id": "node/13255124730"
    },
    {
      "type": "Feature",
      "properties": {
        "@id": "node/13287206477",
        "bus": "yes",
        "departures_board": "realtime",
        "highway": "bus_stop",
        "name": "حي جوهرة",
        "public_transport": "platform"
      },
      "geometry": {
        "type": "Point",
        "coordinates": [
          10.2315672,
          36.7795875
        ]
      },
      "id": "node/13287206477"
    },
    {
      "type": "Feature",
      "properties": {
        "@id": "node/13421195146",
        "bus": "yes",
        "highway": "bus_stop",
        "public_transport": "platform"
      },
      "geometry": {
        "type": "Point",
        "coordinates": [
          10.234335,
          36.7819913
        ]
      },
      "id": "node/13421195146"
    },
    {
      "type": "Feature",
      "properties": {
        "@id": "node/13421195147",
        "bus": "yes",
        "highway": "bus_stop",
        "public_transport": "platform"
      },
      "geometry": {
        "type": "Point",
        "coordinates": [
          10.2343813,
          36.781932
        ]
      },
      "id": "node/13421195147"
    },
    {
      "type": "Feature",
      "properties": {
        "@id": "node/10295305550",
        "bus": "yes",
        "highway": "bus_stop",
        "name": "شارع الجمهورية 2",
        "name:ar": "شارع الجمهورية 2",
        "name:fr": "Avenue RÉPUBLIQUE 2",
        "public_transport": "stop_position"
      },
      "geometry": {
        "type": "Point",
        "coordinates": [
          10.2383671,
          36.7743964
        ]
      },
      "id": "node/10295305550"
    },
    {
      "type": "Feature",
      "properties": {
        "@id": "node/10295305551",
        "bus": "yes",
        "highway": "bus_stop",
        "name": "ملعب مقرين كوتو",
        "name:ar": "ملعب مقرين كوتو",
        "name:fr": "STADE MEGRINE COTEAUX",
        "public_transport": "stop_position"
      },
      "geometry": {
        "type": "Point",
        "coordinates": [
          10.2390642,
          36.773566
        ]
      },
      "id": "node/10295305551"
    },
    {
      "type": "Feature",
      "properties": {
        "@id": "node/10295305552",
        "bus": "yes",
        "highway": "bus_stop",
        "name": "قاعة رياضة",
        "name:ar": "قاعة رياضة",
        "name:fr": "SALLE DE SPORT",
        "public_transport": "stop_position"
      },
      "geometry": {
        "type": "Point",
        "coordinates": [
          10.2410812,
          36.7730074
        ]
      },
      "id": "node/10295305552"
    },
    {
      "type": "Feature",
      "properties": {
        "@id": "node/10295305554",
        "bus": "yes",
        "highway": "bus_stop",
        "name": "المنتزه البلدي",
        "name:ar": "المنتزه البلدي",
        "name:fr": "PARC MUNICIPAL",
        "public_transport": "stop_position"
      },
      "geometry": {
        "type": "Point",
        "coordinates": [
          10.2418752,
          36.7712972
        ]
      },
      "id": "node/10295305554"
    },
    {
      "type": "Feature",
      "properties": {
        "@id": "node/10295305555",
        "bus": "yes",
        "highway": "bus_stop",
        "name": "1 شارع الجمهورية",
        "name:ar": "1 شارع الجمهورية",
        "name:fr": "Avenue RÉPUBLIQUE 1",
        "public_transport": "stop_position"
      },
      "geometry": {
        "type": "Point",
        "coordinates": [
          10.2436771,
          36.7703753
        ]
      },
      "id": "node/10295305555"
    },
    {
      "type": "Feature",
      "properties": {
        "@id": "node/10295305578",
        "bus": "yes",
        "highway": "bus_stop",
        "name": "ميناء رادس نهاية الخط",
        "name:ar": "ميناء رادس نهاية الخط",
        "name:fr": "PORT DE RADES (TERMINUS)",
        "public_transport": "stop_position"
      },
      "geometry": {
        "type": "Point",
        "coordinates": [
          10.2656073,
          36.8001165
        ]
      },
      "id": "node/10295305578"
    },
    {
      "type": "Feature",
      "properties": {
        "@id": "node/10295305580",
        "bus": "yes",
        "highway": "bus_stop",
        "name": "CAPITAINERIE",
        "name:fr": "Capitainerie",
        "public_transport": "stop_position"
      },
      "geometry": {
        "type": "Point",
        "coordinates": [
          10.2722699,
          36.8012161
        ]
      },
      "id": "node/10295305580"
    },
    {
      "type": "Feature",
      "properties": {
        "@id": "node/10295305570",
        "bus": "yes",
        "highway": "bus_stop",
        "name": "شارع الهادي نويرة",
        "name:ar": "شارع الهادي نويرة",
        "name:fr": "Avenue HÉDI NOUIRA",
        "public_transport": "stop_position"
      },
      "geometry": {
        "type": "Point",
        "coordinates": [
          10.2683003,
          36.8105022
        ]
      },
      "id": "node/10295305570"
    },
    {
      "type": "Feature",
      "properties": {
        "@id": "node/10295305701",
        "bus": "yes",
        "highway": "bus_stop",
        "name": "نكنة وادى الليل 1",
        "name:ar": "نكنة وادى الليل 1",
        "name:fr": "CASERNE OUED ELIL 1",
        "public_transport": "stop_position"
      },
      "geometry": {
        "type": "Point",
        "coordinates": [
          10.0711421,
          36.8235585
        ]
      },
      "id": "node/10295305701"
    },
    {
      "type": "Feature",
      "properties": {
        "@id": "node/10295304723",
        "bus": "yes",
        "highway": "bus_stop",
        "name": "قسم منوبة",
        "name:ar": "قسم منوبة",
        "name:fr": "SECTION MANOUBA",
        "public_transport": "stop_position"
      },
      "geometry": {
        "type": "Point",
        "coordinates": [
          10.0738601,
          36.8227111
        ]
      },
      "id": "node/10295304723"
    },
    {
      "type": "Feature",
      "properties": {
        "@id": "node/10295305702",
        "bus": "yes",
        "highway": "bus_stop",
        "name": "اينوبلاسة",
        "name:ar": "اينوبلاسة",
        "name:fr": "INOPLAST",
        "public_transport": "stop_position"
      },
      "geometry": {
        "type": "Point",
        "coordinates": [
          10.0775579,
          36.8217034
        ]
      },
      "id": "node/10295305702"
    },
    {
      "type": "Feature",
      "properties": {
        "@id": "node/6237226447",
        "bus": "yes",
        "highway": "bus_stop",
        "name": "Arrêt de bus TUS",
        "name:fr": "Arrêt de bus TUS",
        "public_transport": "platform"
      },
      "geometry": {
        "type": "Point",
        "coordinates": [
          10.07636,
          36.8283305
        ]
      },
      "id": "node/6237226447"
    },
    {
      "type": "Feature",
      "properties": {
        "@id": "node/10295304555",
        "bus": "yes",
        "highway": "bus_stop",
        "name": "السبالة 56",
        "name:ar": "السبالة 56",
        "name:fr": "SABBELA (56)",
        "public_transport": "stop_position"
      },
      "geometry": {
        "type": "Point",
        "coordinates": [
          10.0762648,
          36.828582
        ]
      },
      "id": "node/10295304555"
    },
    {
      "type": "Feature",
      "properties": {
        "@id": "node/10295304554",
        "bus": "yes",
        "highway": "bus_stop",
        "name": "جامع الشابي",
        "name:ar": "جامع الشابي",
        "name:fr": "MOSQUÉE AVENUE CHEBBI",
        "public_transport": "stop_position"
      },
      "geometry": {
        "type": "Point",
        "coordinates": [
          10.081018,
          36.8255253
        ]
      },
      "id": "node/10295304554"
    },
    {
      "type": "Feature",
      "properties": {
        "@id": "node/10295304553",
        "bus": "yes",
        "highway": "bus_stop",
        "name": "المغتسل",
        "name:ar": "المغتسل",
        "name:fr": "BAIGNEUR",
        "public_transport": "stop_position"
      },
      "geometry": {
        "type": "Point",
        "coordinates": [
          10.0893598,
          36.8221035
        ]
      },
      "id": "node/10295304553"
    },
    {
      "type": "Feature",
      "properties": {
        "@id": "node/10295304546",
        "bus": "yes",
        "highway": "bus_stop",
        "name": "الشوؤن الأجتماعية",
        "name:ar": "الشوؤن الأجتماعية",
        "name:fr": "AFFAIRES SOCIALES",
        "public_transport": "stop_position"
      },
      "geometry": {
        "type": "Point",
        "coordinates": [
          10.0831315,
          36.8316312
        ]
      },
      "id": "node/10295304546"
    },
    {
      "type": "Feature",
      "properties": {
        "@id": "node/10295304547",
        "bus": "yes",
        "highway": "bus_stop",
        "name": "نهاية الخط 56/72",
        "name:ar": "نهاية الخط 56/72",
        "name:fr": "Terminus 56 72",
        "public_transport": "stop_position"
      },
      "geometry": {
        "type": "Point",
        "coordinates": [
          10.0886137,
          36.8326267
        ]
      },
      "id": "node/10295304547"
    },
    {
      "type": "Feature",
      "properties": {
        "@id": "node/5171329622",
        "bus": "yes",
        "highway": "bus_stop",
        "name": "14 ت 514 أ",
        "name:ar": "14 ت 514 أ",
        "name:en": "14 C 514 A",
        "name:fr": "14 C 514 A",
        "public_transport": "platform"
      },
      "geometry": {
        "type": "Point",
        "coordinates": [
          10.0898894,
          36.8448426
        ]
      },
      "id": "node/5171329622"
    },
    {
      "type": "Feature",
      "properties": {
        "@id": "node/10295304545",
        "bus": "yes",
        "highway": "bus_stop",
        "name": "نهاية الخط البساتين",
        "name:ar": "نهاية الخط البساتين",
        "name:fr": "TERMINUS CITÉ ELBASATINE",
        "public_transport": "stop_position"
      },
      "geometry": {
        "type": "Point",
        "coordinates": [
          10.0903467,
          36.8450177
        ]
      },
      "id": "node/10295304545"
    },
    {
      "type": "Feature",
      "properties": {
        "@id": "node/10295304549",
        "bus": "yes",
        "highway": "bus_stop",
        "name": "تاكسيفون دوار هيشر",
        "name:ar": "تاكسيفون دوار هيشر",
        "name:fr": "TAXIPHONE DAOUAR HICHER",
        "public_transport": "stop_position"
      },
      "geometry": {
        "type": "Point",
        "coordinates": [
          10.0964864,
          36.8273766
        ]
      },
      "id": "node/10295304549"
    },
    {
      "type": "Feature",
      "properties": {
        "@id": "node/10295304550",
        "bus": "yes",
        "highway": "bus_stop",
        "name": "جامع دوار هيشر",
        "name:ar": "جامع دوار هيشر",
        "name:fr": "MOSQUÉE DAOUAR HICHER",
        "public_transport": "stop_position"
      },
      "geometry": {
        "type": "Point",
        "coordinates": [
          10.096304,
          36.8242591
        ]
      },
      "id": "node/10295304550"
    },
    {
      "type": "Feature",
      "properties": {
        "@id": "node/10295304551",
        "bus": "yes",
        "highway": "bus_stop",
        "name": "المصنع",
        "name:ar": "المصنع",
        "name:fr": "USINE",
        "public_transport": "stop_position"
      },
      "geometry": {
        "type": "Point",
        "coordinates": [
          10.095518,
          36.8218452
        ]
      },
      "id": "node/10295304551"
    },
    {
      "type": "Feature",
      "properties": {
        "@id": "node/10295304548",
        "bus": "yes",
        "highway": "bus_stop",
        "name": "نهاية الخط مستشفى دوار هيشر",
        "name:ar": "نهاية الخط مستشفى دوار هيشر",
        "name:fr": "Terminus HÔPITAL DAOUAR HICHER",
        "public_transport": "stop_position"
      },
      "geometry": {
        "type": "Point",
        "coordinates": [
          10.0958184,
          36.8326359
        ]
      },
      "id": "node/10295304548"
    },
    {
      "type": "Feature",
      "properties": {
        "@id": "node/10295304568",
        "bus": "yes",
        "highway": "bus_stop",
        "name": "مطعم الضباط",
        "name:ar": "مطعم الضباط",
        "name:fr": "MESS des OFICIERS",
        "public_transport": "stop_position"
      },
      "geometry": {
        "type": "Point",
        "coordinates": [
          10.1082585,
          36.8235715
        ]
      },
      "id": "node/10295304568"
    },
    {
      "type": "Feature",
      "properties": {
        "@id": "node/10295304569",
        "bus": "yes",
        "highway": "bus_stop",
        "name": "نهاية الخط 18 جانفي",
        "name:ar": "نهاية الخط 18 جانفي",
        "name:fr": "Terminus 18 Janvier",
        "public_transport": "stop_position"
      },
      "geometry": {
        "type": "Point",
        "coordinates": [
          10.1063056,
          36.8278944
        ]
      },
      "id": "node/10295304569"
    },
    {
      "type": "Feature",
      "properties": {
        "@id": "node/10295304570",
        "bus": "yes",
        "highway": "bus_stop",
        "name": "حي صفر",
        "name:ar": "حي صفر",
        "name:fr": "CITÉ SFAR",
        "public_transport": "stop_position"
      },
      "geometry": {
        "type": "Point",
        "coordinates": [
          10.1089556,
          36.8249659
        ]
      },
      "id": "node/10295304570"
    },
    {
      "type": "Feature",
      "properties": {
        "@id": "node/10295304277",
        "bus": "yes",
        "highway": "bus_stop",
        "name": "معمل ماي مود",
        "name:ar": "معمل ماي مود",
        "name:fr": "USINE MY MODE",
        "public_transport": "stop_position"
      },
      "geometry": {
        "type": "Point",
        "coordinates": [
          10.11582,
          36.8241888
        ]
      },
      "id": "node/10295304277"
    },
    {
      "type": "Feature",
      "properties": {
        "@id": "node/10295304278",
        "bus": "yes",
        "highway": "bus_stop",
        "name": "محطة التضامن",
        "name:ar": "محطة التضامن",
        "name:fr": "Arrêt ETTADHAMEN",
        "public_transport": "stop_position"
      },
      "geometry": {
        "type": "Point",
        "coordinates": [
          10.1153908,
          36.8264861
        ]
      },
      "id": "node/10295304278"
    },
    {
      "type": "Feature",
      "properties": {
        "@id": "node/10295304571",
        "bus": "yes",
        "highway": "bus_stop",
        "name": "التضامن",
        "name:ar": "التضامن",
        "name:fr": "ETTADHAMEN",
        "public_transport": "stop_position"
      },
      "geometry": {
        "type": "Point",
        "coordinates": [
          10.1145402,
          36.82708
        ]
      },
      "id": "node/10295304571"
    },
    {
      "type": "Feature",
      "properties": {
        "@id": "node/10295305522",
        "bus": "yes",
        "highway": "bus_stop",
        "name": "سبرولس",
        "name:ar": "سبرولس",
        "name:fr": "SPROLOS",
        "public_transport": "stop_position"
      },
      "geometry": {
        "type": "Point",
        "coordinates": [
          10.1164371,
          36.8265859
        ]
      },
      "id": "node/10295305522"
    },
    {
      "type": "Feature",
      "properties": {
        "@id": "node/10295305523",
        "bus": "yes",
        "highway": "bus_stop",
        "name": "مفترق قصر سعيد 2",
        "name:ar": "مفترق قصر سعيد 2",
        "name:fr": "Croisement KSAR SAID 2",
        "public_transport": "stop_position"
      },
      "geometry": {
        "type": "Point",
        "coordinates": [
          10.1178134,
          36.8260228
        ]
      },
      "id": "node/10295305523"
    },
    {
      "type": "Feature",
      "properties": {
        "@id": "node/10295304808",
        "bus": "yes",
        "highway": "bus_stop",
        "name": "نهاية الخط 3د",
        "name:ar": "نهاية الخط 3د",
        "name:fr": "Terminus 3D",
        "public_transport": "stop_position"
      },
      "geometry": {
        "type": "Point",
        "coordinates": [
          10.10637,
          36.8334333
        ]
      },
      "id": "node/10295304808"
    },
    {
      "type": "Feature",
      "properties": {
        "@id": "node/10295305711",
        "bus": "yes",
        "highway": "bus_stop",
        "name": "نوقرة",
        "name:ar": "نوقرة",
        "name:fr": "NOGRA",
        "public_transport": "stop_position"
      },
      "geometry": {
        "type": "Point",
        "coordinates": [
          10.1178661,
          36.8345164
        ]
      },
      "id": "node/10295305711"
    },
    {
      "type": "Feature",
      "properties": {
        "@id": "node/10295304544",
        "bus": "yes",
        "highway": "bus_stop",
        "name": "معمل الأزرق",
        "name:ar": "معمل الأزرق",
        "name:fr": "USINE LAZREG",
        "public_transport": "stop_position"
      },
      "geometry": {
        "type": "Point",
        "coordinates": [
          10.0960546,
          36.8472184
        ]
      },
      "id": "node/10295304544"
    },
    {
      "type": "Feature",
      "properties": {
        "@id": "node/10295305709",
        "bus": "yes",
        "highway": "bus_stop",
        "name": "موبلاتاكس التضامن",
        "name:ar": "موبلاتاكس التضامن",
        "name:fr": "MEUBLATEX ETTADHAMEN",
        "public_transport": "stop_position"
      },
      "geometry": {
        "type": "Point",
        "coordinates": [
          10.1114638,
          36.8380419
        ]
      },
      "id": "node/10295305709"
    },
    {
      "type": "Feature",
      "properties": {
        "@id": "node/5814938565",
        "light_rail": "yes",
        "name": "الانطلاقة",
        "name:ar": "الانطلاقة",
        "name:fr": "Intilaka",
        "public_transport": "stop_position",
        "railway": "stop"
      },
      "geometry": {
        "type": "Point",
        "coordinates": [
          10.116996,
          36.8392008
        ]
      },
      "id": "node/5814938565"
    },
    {
      "type": "Feature",
      "properties": {
        "@id": "node/5814938576",
        "light_rail": "yes",
        "name": "Ettadhamen",
        "public_transport": "stop_position"
      },
      "geometry": {
        "type": "Point",
        "coordinates": [
          10.1176344,
          36.835723
        ]
      },
      "id": "node/5814938576"
    },
    {
      "type": "Feature",
      "properties": {
        "@id": "node/10295304486",
        "bus": "yes",
        "highway": "bus_stop",
        "name": "الانطلاقة",
        "name:ar": "الانطلاقة",
        "name:fr": "ENTILEKA",
        "public_transport": "stop_position"
      },
      "geometry": {
        "type": "Point",
        "coordinates": [
          10.1168229,
          36.8396863
        ]
      },
      "id": "node/10295304486"
    },
    {
      "type": "Feature",
      "properties": {
        "@id": "node/10295305582",
        "bus": "yes",
        "highway": "bus_stop",
        "name": "معهد حي الرفاهة",
        "name:ar": "معهد حي الرفاهة",
        "name:fr": "LYCEE CITE ERRAFEHA",
        "public_transport": "stop_position"
      },
      "geometry": {
        "type": "Point",
        "coordinates": [
          10.1167978,
          36.8454003
        ]
      },
      "id": "node/10295305582"
    },
    {
      "type": "Feature",
      "properties": {
        "@id": "node/10295304543",
        "bus": "yes",
        "highway": "bus_stop",
        "name": "مقهى سيرين",
        "name:ar": "مقهى سيرين",
        "name:fr": "CAFÉ SIRINE",
        "public_transport": "stop_position"
      },
      "geometry": {
        "type": "Point",
        "coordinates": [
          10.1014914,
          36.8495257
        ]
      },
      "id": "node/10295304543"
    },
    {
      "type": "Feature",
      "properties": {
        "@id": "node/10295304542",
        "bus": "yes",
        "highway": "bus_stop",
        "name": "طريق البساتين",
        "name:ar": "طريق البساتين",
        "name:fr": "ROUTE ELBASATINE",
        "public_transport": "stop_position"
      },
      "geometry": {
        "type": "Point",
        "coordinates": [
          10.1083443,
          36.8527617
        ]
      },
      "id": "node/10295304542"
    },
    {
      "type": "Feature",
      "properties": {
        "@id": "node/10295305581",
        "bus": "yes",
        "highway": "bus_stop",
        "name": "حي الرفاهة",
        "name:ar": "حي الرفاهة",
        "name:fr": "CITÉ ERRAFEHA",
        "public_transport": "stop_position"
      },
      "geometry": {
        "type": "Point",
        "coordinates": [
          10.1168622,
          36.8512041
        ]
      },
      "id": "node/10295305581"
    },
    {
      "type": "Feature",
      "properties": {
        "@id": "node/10295304541",
        "bus": "yes",
        "highway": "bus_stop",
        "name": "بئر منيهلة",
        "name:ar": "بئر منيهلة",
        "name:fr": "Bir MNIHLA",
        "public_transport": "stop_position"
      },
      "geometry": {
        "type": "Point",
        "coordinates": [
          10.1157901,
          36.8567966
        ]
      },
      "id": "node/10295304541"
    },
    {
      "type": "Feature",
      "properties": {
        "@id": "node/10295305577",
        "bus": "yes",
        "highway": "bus_stop",
        "name": "المنيهلة",
        "name:ar": "المنيهلة",
        "name:fr": "MNIHLA",
        "public_transport": "stop_position"
      },
      "geometry": {
        "type": "Point",
        "coordinates": [
          10.1164759,
          36.8575912
        ]
      },
      "id": "node/10295305577"
    },
    {
      "type": "Feature",
      "properties": {
        "@id": "node/10295305574",
        "bus": "yes",
        "highway": "bus_stop",
        "name": "برج جبس",
        "name:ar": "برج جبس",
        "name:fr": "Borj JEBES",
        "public_transport": "stop_position"
      },
      "geometry": {
        "type": "Point",
        "coordinates": [
          10.1157249,
          36.8717714
        ]
      },
      "id": "node/10295305574"
    },
    {
      "type": "Feature",
      "properties": {
        "@id": "node/10295305575",
        "bus": "yes",
        "highway": "bus_stop",
        "name": "الكيوسك",
        "name:ar": "الكيوسك",
        "name:fr": "KIOSQUE",
        "public_transport": "stop_position"
      },
      "geometry": {
        "type": "Point",
        "coordinates": [
          10.1172044,
          36.8681445
        ]
      },
      "id": "node/10295305575"
    },
    {
      "type": "Feature",
      "properties": {
        "@id": "node/10295304279",
        "bus": "yes",
        "highway": "bus_stop",
        "name": "نهاية خط قصر سعيد 2",
        "name:ar": "نهاية خط قصر سعيد 2",
        "name:fr": "Terminus KSAR SAID 2",
        "public_transport": "stop_position"
      },
      "geometry": {
        "type": "Point",
        "coordinates": [
          10.1188669,
          36.8246354
        ]
      },
      "id": "node/10295304279"
    },
    {
      "type": "Feature",
      "properties": {
        "@id": "node/10295304329",
        "bus": "yes",
        "highway": "bus_stop",
        "name": "حي قصر سعيد",
        "name:ar": "حي قصر سعيد",
        "name:fr": "CITE KSAIR SAID",
        "public_transport": "stop_position"
      },
      "geometry": {
        "type": "Point",
        "coordinates": [
          10.1227487,
          36.8231801
        ]
      },
      "id": "node/10295304329"
    },
    {
      "type": "Feature",
      "properties": {
        "@id": "node/10295305713",
        "bus": "yes",
        "highway": "bus_stop",
        "name": "صوناد",
        "name:ar": "صوناد",
        "name:fr": "SONED",
        "public_transport": "stop_position"
      },
      "geometry": {
        "type": "Point",
        "coordinates": [
          10.1215727,
          36.8251204
        ]
      },
      "id": "node/10295305713"
    },
    {
      "type": "Feature",
      "properties": {
        "@id": "node/10295304328",
        "bus": "yes",
        "highway": "bus_stop",
        "name": "حي التحرير (نهاية خط 64/30)",
        "name:ar": "حي التحرير (نهاية خط 64/30)",
        "name:fr": "Cité Ettahrir (Terminus 64/30)",
        "operator": "Transtu",
        "public_transport": "stop_position"
      },
      "geometry": {
        "type": "Point",
        "coordinates": [
          10.1256744,
          36.826001
        ]
      },
      "id": "node/10295304328"
    },
    {
      "type": "Feature",
      "properties": {
        "@id": "node/10295304485",
        "bus": "yes",
        "highway": "bus_stop",
        "name": "حي التحرير",
        "name:ar": "حي التحرير",
        "name:fr": "ETTAHRIR SUPÉRIEUR",
        "public_transport": "stop_position"
      },
      "geometry": {
        "type": "Point",
        "coordinates": [
          10.131281,
          36.8270723
        ]
      },
      "id": "node/10295304485"
    },
    {
      "type": "Feature",
      "properties": {
        "@id": "node/5814938595",
        "light_rail": "yes",
        "name": "العمران الأعلى",
        "name:ar": "العمران الأعلى",
        "name:fr": "Omrane Superieur",
        "operator": "شركة النقل بتونس",
        "public_transport": "stop_position"
      },
      "geometry": {
        "type": "Point",
        "coordinates": [
          10.1240062,
          36.8305919
        ]
      },
      "id": "node/5814938595"
    },
    {
      "type": "Feature",
      "properties": {
        "@id": "node/5814938596",
        "light_rail": "yes",
        "name": "العمران الأعلى",
        "name:ar": "العمران الأعلى",
        "name:fr": "Omrane Superieur",
        "operator": "شركة النقل بتونس",
        "public_transport": "stop_position"
      },
      "geometry": {
        "type": "Point",
        "coordinates": [
          10.1239832,
          36.8305524
        ]
      },
      "id": "node/5814938596"
    },
    {
      "type": "Feature",
      "properties": {
        "@id": "node/10295304331",
        "bus": "yes",
        "highway": "bus_stop",
        "name": "ميني بري العمران الاعلى",
        "name:ar": "ميني بري العمران الاعلى",
        "name:fr": "MINIPRIX OMRANE SUPÉRIEUR",
        "public_transport": "stop_position"
      },
      "geometry": {
        "type": "Point",
        "coordinates": [
          10.1249159,
          36.8325236
        ]
      },
      "id": "node/10295304331"
    },
    {
      "type": "Feature",
      "properties": {
        "@id": "node/10295304726",
        "bus": "yes",
        "highway": "bus_stop",
        "name": "العمران الأعلى (ذهاب)",
        "name:ar": "العمران الأعلى (ذهاب)",
        "name:fr": "OMRANE SUPÉRIEUR (Aller)",
        "public_transport": "stop_position"
      },
      "geometry": {
        "type": "Point",
        "coordinates": [
          10.1245258,
          36.8301724
        ]
      },
      "id": "node/10295304726"
    },
    {
      "type": "Feature",
      "properties": {
        "@id": "node/5814938605",
        "light_rail": "yes",
        "name": "التحرير",
        "name:ar": "التحرير",
        "name:en": "Ettahrir",
        "name:fr": "Ettahrir",
        "operator": "شركة النقل بتونس",
        "public_transport": "stop_position"
      },
      "geometry": {
        "type": "Point",
        "coordinates": [
          10.1286569,
          36.8290593
        ]
      },
      "id": "node/5814938605"
    },
    {
      "type": "Feature",
      "properties": {
        "@id": "node/5814938606",
        "addr:city": "التحرير",
        "light_rail": "yes",
        "name": "التحرير",
        "name:ar": "التحرير",
        "name:en": "Ettahrir",
        "operator": "شركة النقل بتونس",
        "public_transport": "station",
        "railway": "station"
      },
      "geometry": {
        "type": "Point",
        "coordinates": [
          10.1286636,
          36.8290786
        ]
      },
      "id": "node/5814938606"
    },
    {
      "type": "Feature",
      "properties": {
        "@id": "node/10295304318",
        "bus": "yes",
        "highway": "bus_stop",
        "name": "حي فرنسا",
        "name:ar": "حي فرنسا",
        "name:fr": "CITE FRANCE",
        "public_transport": "stop_position"
      },
      "geometry": {
        "type": "Point",
        "coordinates": [
          10.1304842,
          36.8319311
        ]
      },
      "id": "node/10295304318"
    },
    {
      "type": "Feature",
      "properties": {
        "@id": "node/5814938633",
        "light_rail": "yes",
        "name": "الياسمين",
        "name:ar": "الياسمين",
        "name:fr": "Les Jasmins",
        "operator": "شركة النقل بتونس",
        "public_transport": "stop_position"
      },
      "geometry": {
        "type": "Point",
        "coordinates": [
          10.1345672,
          36.8258131
        ]
      },
      "id": "node/5814938633"
    },
    {
      "type": "Feature",
      "properties": {
        "@id": "node/10295304311",
        "bus": "yes",
        "highway": "bus_stop",
        "name": "مغازة ابن خلدون",
        "name:ar": "مغازة ابن خلدون",
        "name:fr": "MAGAZIN IBN KHALDOUNE",
        "public_transport": "stop_position"
      },
      "geometry": {
        "type": "Point",
        "coordinates": [
          10.1371062,
          36.827475
        ]
      },
      "id": "node/10295304311"
    },
    {
      "type": "Feature",
      "properties": {
        "@id": "node/10295304479",
        "bus": "yes",
        "highway": "bus_stop",
        "name": "إقامة الياسمين (إياب)",
        "name:ar": "إقامة الياسمين (إياب)",
        "name:fr": "RÉSIDENCE YESMINE (Retour)",
        "public_transport": "stop_position"
      },
      "geometry": {
        "type": "Point",
        "coordinates": [
          10.1356811,
          36.8239959
        ]
      },
      "id": "node/10295304479"
    },
    {
      "type": "Feature",
      "properties": {
        "@id": "node/10295304743",
        "bus": "yes",
        "highway": "bus_stop",
        "name": "إقامة الياسمين (ذهاب)",
        "name:ar": "إقامة الياسمين (ذهاب)",
        "name:fr": "RÉSIDENCE YESMINE (Aller)",
        "public_transport": "stop_position"
      },
      "geometry": {
        "type": "Point",
        "coordinates": [
          10.1342327,
          36.826254
        ]
      },
      "id": "node/10295304743"
    },
    {
      "type": "Feature",
      "properties": {
        "@id": "node/5814938651",
        "light_rail": "yes",
        "name": "14 يناير 2011",
        "name:ar": "14 يناير 2011",
        "name:fr": "14 Janvier 2011",
        "public_transport": "stop_position"
      },
      "geometry": {
        "type": "Point",
        "coordinates": [
          10.1399866,
          36.8228394
        ]
      },
      "id": "node/5814938651"
    },
    {
      "type": "Feature",
      "properties": {
        "@id": "node/5814938955",
        "light_rail": "yes",
        "name": "14 يناير 2011",
        "name:ar": "14 يناير 2011",
        "name:fr": "14 Janvier 2011",
        "public_transport": "station",
        "railway": "station"
      },
      "geometry": {
        "type": "Point",
        "coordinates": [
          10.1399718,
          36.8228587
        ]
      },
      "id": "node/5814938955"
    },
    {
      "type": "Feature",
      "properties": {
        "@id": "node/5814938966",
        "light_rail": "yes",
        "name": "حرم الجامعة",
        "name:ar": "حرم الجامعة",
        "name:fr": "Campus",
        "public_transport": "stop_position"
      },
      "geometry": {
        "type": "Point",
        "coordinates": [
          10.1440112,
          36.826002
        ]
      },
      "id": "node/5814938966"
    },
    {
      "type": "Feature",
      "properties": {
        "@id": "node/5814938967",
        "light_rail": "yes",
        "name": "حرم الجامعة",
        "name:ar": "حرم الجامعة",
        "name:fr": "Campus",
        "public_transport": "station",
        "railway": "station"
      },
      "geometry": {
        "type": "Point",
        "coordinates": [
          10.1439911,
          36.8260149
        ]
      },
      "id": "node/5814938967"
    },
    {
      "type": "Feature",
      "properties": {
        "@id": "node/10295304439",
        "bus": "yes",
        "highway": "bus_stop",
        "name": "المركب الجامعي (ذهاب)",
        "name:ar": "المركب الجامعي ذهاب",
        "name:fr": "CAMPUS (Aller)",
        "public_transport": "stop_position"
      },
      "geometry": {
        "type": "Point",
        "coordinates": [
          10.1439852,
          36.8251118
        ]
      },
      "id": "node/10295304439"
    },
    {
      "type": "Feature",
      "properties": {
        "@id": "node/10295304440",
        "bus": "yes",
        "highway": "bus_stop",
        "name": "المركب الجامعي (إياب)",
        "name:ar": "المركب الجامعي (إياب)",
        "name:fr": "CAMPUS (Retour)",
        "public_transport": "stop_position"
      },
      "geometry": {
        "type": "Point",
        "coordinates": [
          10.1438886,
          36.8253694
        ]
      },
      "id": "node/10295304440"
    },
    {
      "type": "Feature",
      "properties": {
        "@id": "node/10295304441",
        "bus": "yes",
        "highway": "bus_stop",
        "name": "جانفي14 (إياب)",
        "name:ar": "جانفي14 (اياب)",
        "name:fr": "14 JANVIER 2011 (Retour)",
        "public_transport": "stop_position"
      },
      "geometry": {
        "type": "Point",
        "coordinates": [
          10.1414964,
          36.823507
        ]
      },
      "id": "node/10295304441"
    },
    {
      "type": "Feature",
      "properties": {
        "@id": "node/10295304442",
        "bus": "yes",
        "highway": "bus_stop",
        "name": "جانفي14 (ذهاب)",
        "name:ar": "جانفي14 (ذهاب)",
        "name:fr": "14 JANVIER 2011 (Aller)",
        "public_transport": "stop_position"
      },
      "geometry": {
        "type": "Point",
        "coordinates": [
          10.1418129,
          36.823507
        ]
      },
      "id": "node/10295304442"
    },
    {
      "type": "Feature",
      "properties": {
        "@id": "node/5815161181",
        "light_rail": "yes",
        "name": "ابن خلدون",
        "name:ar": "ابن خلدون",
        "name:en": "Ibn Khaldoun",
        "name:fr": "Ibn Khaldoun",
        "public_transport": "station",
        "railway": "station"
      },
      "geometry": {
        "type": "Point",
        "coordinates": [
          10.1341622,
          36.8307338
        ]
      },
      "id": "node/5815161181"
    },
    {
      "type": "Feature",
      "properties": {
        "@id": "node/5815161183",
        "light_rail": "yes",
        "name": "ابن خلدون",
        "name:ar": "ابن خلدون",
        "name:en": "Ibn Khaldoun",
        "name:fr": "Ibn Khaldoun",
        "public_transport": "stop_position"
      },
      "geometry": {
        "type": "Point",
        "coordinates": [
          10.134142,
          36.8307456
        ]
      },
      "id": "node/5815161183"
    },
    {
      "type": "Feature",
      "properties": {
        "@id": "node/10295304735",
        "bus": "yes",
        "highway": "bus_stop",
        "name": "ملعب ابن خلدون (إياب)",
        "name:ar": "ملعب ابن خلدون (إياب)",
        "name:fr": "STADE IBN KHALDOUN (Retour)",
        "public_transport": "stop_position"
      },
      "geometry": {
        "type": "Point",
        "coordinates": [
          10.1362554,
          36.832932
        ]
      },
      "id": "node/10295304735"
    },
    {
      "type": "Feature",
      "properties": {
        "@id": "node/10295304736",
        "bus": "yes",
        "highway": "bus_stop",
        "name": "ملعب ابن خلدون (ذهاب)",
        "name:ar": "ملعب ابن خلدون (ذهاب)",
        "name:fr": "STADE IBN KHALDOUN (Aller)",
        "public_transport": "stop_position"
      },
      "geometry": {
        "type": "Point",
        "coordinates": [
          10.1360032,
          36.8330222
        ]
      },
      "id": "node/10295304736"
    },
    {
      "type": "Feature",
      "properties": {
        "@id": "node/10295304739",
        "bus": "yes",
        "highway": "bus_stop",
        "name": "جامع ابن خلدون (إياب)",
        "name:ar": "جامع ابن خلدون (إياب)",
        "name:fr": "MOSQUEE IBN KHALDOUN (Retour)",
        "public_transport": "stop_position"
      },
      "geometry": {
        "type": "Point",
        "coordinates": [
          10.1378943,
          36.8293538
        ]
      },
      "id": "node/10295304739"
    },
    {
      "type": "Feature",
      "properties": {
        "@id": "node/10295304740",
        "bus": "yes",
        "highway": "bus_stop",
        "name": "جامع ابن خلدون (ذهاب)",
        "name:ar": "جامع ابن خلدون (ذهاب)",
        "name:fr": "MOSQUÉE IBN KHALDOUN (Aller)",
        "public_transport": "stop_position"
      },
      "geometry": {
        "type": "Point",
        "coordinates": [
          10.1377359,
          36.8291708
        ]
      },
      "id": "node/10295304740"
    },
    {
      "type": "Feature",
      "properties": {
        "@id": "node/10295304741",
        "bus": "yes",
        "highway": "bus_stop",
        "name": "حي ابن خلدون (إياب)",
        "name:ar": "حي ابن خلدون (إياب)",
        "name:fr": "CITE IBN KHALDOUN (Retour)",
        "public_transport": "stop_position"
      },
      "geometry": {
        "type": "Point",
        "coordinates": [
          10.1350352,
          36.8291448
        ]
      },
      "id": "node/10295304741"
    },
    {
      "type": "Feature",
      "properties": {
        "@id": "node/10295304742",
        "bus": "yes",
        "highway": "bus_stop",
        "name": "حي ابن خلدون (ذهاب)",
        "name:ar": "حي ابن خلدون (ذهاب)",
        "name:fr": "CITE IBN KHALDOUN (Aller)",
        "public_transport": "stop_position"
      },
      "geometry": {
        "type": "Point",
        "coordinates": [
          10.1348874,
          36.8290508
        ]
      },
      "id": "node/10295304742"
    },
    {
      "type": "Feature",
      "properties": {
        "@id": "node/10295303705",
        "bus": "yes",
        "highway": "bus_stop",
        "name": "حي ابن خلدون",
        "name:ar": "حي ابن خلدون",
        "name:fr": "CITÉ IBN KHALDOUN",
        "public_transport": "stop_position"
      },
      "geometry": {
        "type": "Point",
        "coordinates": [
          10.1406379,
          36.832223
        ]
      },
      "id": "node/10295303705"
    },
    {
      "type": "Feature",
      "properties": {
        "@id": "node/10295304737",
        "bus": "yes",
        "highway": "bus_stop",
        "name": "حي بن خلدون 5 (إياب)",
        "name:ar": "حي بن خلدون 5 (إياب)",
        "name:fr": "CITÉ IBN KHALDOUN (Retour)",
        "public_transport": "stop_position"
      },
      "geometry": {
        "type": "Point",
        "coordinates": [
          10.1395071,
          36.8314819
        ]
      },
      "id": "node/10295304737"
    },
    {
      "type": "Feature",
      "properties": {
        "@id": "node/10295304738",
        "bus": "yes",
        "highway": "bus_stop",
        "name": "حي بن خلدون 5 (ذهاب)",
        "name:ar": "حي بن خلدون 5 (ذهاب)",
        "name:fr": "CITE IBN KHALDOUN 5 (Aller)",
        "public_transport": "stop_position"
      },
      "geometry": {
        "type": "Point",
        "coordinates": [
          10.1396512,
          36.8314236
        ]
      },
      "id": "node/10295304738"
    },
    {
      "type": "Feature",
      "properties": {
        "@id": "node/10295304314",
        "bus": "yes",
        "highway": "bus_stop",
        "name": "TERMINUS 14A/514C",
        "name:ar": "TERMINUS 14A/514C",
        "name:fr": "Terminus 14A/514C",
        "public_transport": "stop_position"
      },
      "geometry": {
        "type": "Point",
        "coordinates": [
          10.1246619,
          36.8388428
        ]
      },
      "id": "node/10295304314"
    },
    {
      "type": "Feature",
      "properties": {
        "@id": "node/10295304313",
        "bus": "yes",
        "highway": "bus_stop",
        "name": "مركز الشرطة العمران الاعلى اياب",
        "name:ar": "مركز الشرطة العمران الاعلى اياب",
        "name:fr": "POSTE POLICE OMRANE SUPERIEUR (Retour)",
        "public_transport": "stop_position"
      },
      "geometry": {
        "type": "Point",
        "coordinates": [
          10.1284641,
          36.8372087
        ]
      },
      "id": "node/10295304313"
    },
    {
      "type": "Feature",
      "properties": {
        "@id": "node/10295304316",
        "bus": "yes",
        "highway": "bus_stop",
        "name": "مركز الشرطة العمران الاعلى",
        "name:ar": "مركز الشرطة العمران الاعلى",
        "name:fr": "POSTE POLICE OMRANE SUPERIEUR",
        "public_transport": "stop_position"
      },
      "geometry": {
        "type": "Point",
        "coordinates": [
          10.1290328,
          36.8374491
        ]
      },
      "id": "node/10295304316"
    },
    {
      "type": "Feature",
      "properties": {
        "@id": "node/10295304317",
        "bus": "yes",
        "highway": "bus_stop",
        "name": "معهد ابن خلدون",
        "name:ar": "معهد ابن خلدون",
        "name:fr": "LYCEE IBN KHALDOUNE",
        "public_transport": "stop_position"
      },
      "geometry": {
        "type": "Point",
        "coordinates": [
          10.1290757,
          36.835165
        ]
      },
      "id": "node/10295304317"
    },
    {
      "type": "Feature",
      "properties": {
        "@id": "node/10295304724",
        "bus": "yes",
        "highway": "bus_stop",
        "name": "نهاية خط 78+38 ب العمران الأعلى",
        "name:ar": "نهاية خط 78+38 ب العمران الأعلى",
        "name:fr": "Terminus OMRANE SUPÉRIEUR L 78 + 38 B",
        "public_transport": "stop_position"
      },
      "geometry": {
        "type": "Point",
        "coordinates": [
          10.1290292,
          36.8368594
        ]
      },
      "id": "node/10295304724"
    },
    {
      "type": "Feature",
      "properties": {
        "@id": "node/10295304725",
        "bus": "yes",
        "highway": "bus_stop",
        "name": "العمران الأعلى (إياب)",
        "name:ar": "العمران الأعلى (إياب)",
        "name:fr": "OMRANE SUPÉRIEUR (Retour)",
        "public_transport": "stop_position"
      },
      "geometry": {
        "type": "Point",
        "coordinates": [
          10.1283805,
          36.8410321
        ]
      },
      "id": "node/10295304725"
    },
    {
      "type": "Feature",
      "properties": {
        "@id": "node/10295303702",
        "bus": "yes",
        "highway": "bus_stop",
        "name": "حدائق المنزه 1",
        "name:ar": "حدائق المنزه 1",
        "name:fr": "LES JARDINS D'EL MENZAH 1",
        "public_transport": "stop_position"
      },
      "geometry": {
        "type": "Point",
        "coordinates": [
          10.1317222,
          36.8457382
        ]
      },
      "id": "node/10295303702"
    },
    {
      "type": "Feature",
      "properties": {
        "@id": "node/10295304315",
        "bus": "yes",
        "highway": "bus_stop",
        "name": "مقهي سيرين",
        "name:ar": "مقهي سيرين",
        "name:fr": "CAFE CIRINE",
        "public_transport": "stop_position"
      },
      "geometry": {
        "type": "Point",
        "coordinates": [
          10.1262594,
          36.8413431
        ]
      },
      "id": "node/10295304315"
    },
    {
      "type": "Feature",
      "properties": {
        "@id": "node/10295304727",
        "bus": "yes",
        "highway": "bus_stop",
        "name": "معهد العمران الأعلى (إياب)",
        "name:ar": "معهد العمران الأعلى (إياب)",
        "name:fr": "LYCÉE OMRANE SUPÉRIEURE (Retour)",
        "public_transport": "stop_position"
      },
      "geometry": {
        "type": "Point",
        "coordinates": [
          10.1300596,
          36.8430606
        ]
      },
      "id": "node/10295304727"
    },
    {
      "type": "Feature",
      "properties": {
        "@id": "node/10295304728",
        "bus": "yes",
        "highway": "bus_stop",
        "name": "معهد العمران الأعلى (ذهاب)",
        "name:ar": "معهد العمران الأعلى (ذهاب)",
        "name:fr": "LYCÉE OMRANE SUPERIEUR (Aller)",
        "public_transport": "stop_position"
      },
      "geometry": {
        "type": "Point",
        "coordinates": [
          10.1302071,
          36.8429662
        ]
      },
      "id": "node/10295304728"
    },
    {
      "type": "Feature",
      "properties": {
        "@id": "node/10295304729",
        "bus": "yes",
        "highway": "bus_stop",
        "name": "كرش الغابة (إياب)",
        "name:ar": "كرش الغابة (إياب)",
        "name:fr": "KERCH EL GHABA (Retour)",
        "public_transport": "stop_position"
      },
      "geometry": {
        "type": "Point",
        "coordinates": [
          10.13103,
          36.8413116
        ]
      },
      "id": "node/10295304729"
    },
    {
      "type": "Feature",
      "properties": {
        "@id": "node/10295304730",
        "bus": "yes",
        "highway": "bus_stop",
        "name": "كرش الغابة (ذهاب)",
        "name:ar": "كرش الغابة (ذهاب)",
        "name:fr": "KERCH EL GHABA (Aller)",
        "public_transport": "stop_position"
      },
      "geometry": {
        "type": "Point",
        "coordinates": [
          10.1311271,
          36.8412361
        ]
      },
      "id": "node/10295304730"
    },
    {
      "type": "Feature",
      "properties": {
        "@id": "node/10295303703",
        "bus": "yes",
        "highway": "bus_stop",
        "name": "سنيت",
        "name:ar": "سنيت",
        "name:fr": "SNIT",
        "public_transport": "stop_position"
      },
      "geometry": {
        "type": "Point",
        "coordinates": [
          10.1339538,
          36.838835
        ]
      },
      "id": "node/10295303703"
    },
    {
      "type": "Feature",
      "properties": {
        "@id": "node/10295303704",
        "bus": "yes",
        "highway": "bus_stop",
        "name": "العمران الاعلى (أكس 3)",
        "name:ar": "العمران الاعلى (أكس 3)",
        "name:fr": "OMRAN SUPÉRIEUR(X3)",
        "public_transport": "stop_position"
      },
      "geometry": {
        "type": "Point",
        "coordinates": [
          10.1349143,
          36.836672
        ]
      },
      "id": "node/10295303704"
    },
    {
      "type": "Feature",
      "properties": {
        "@id": "node/10295303707",
        "bus": "yes",
        "highway": "bus_stop",
        "name": "مبيت العمران الاعلى",
        "name:ar": "مبيت العمران الاعلى",
        "name:fr": "FOYER OMRANE SUPÉRIEUR",
        "public_transport": "stop_position"
      },
      "geometry": {
        "type": "Point",
        "coordinates": [
          10.1320441,
          36.8361903
        ]
      },
      "id": "node/10295303707"
    },
    {
      "type": "Feature",
      "properties": {
        "@id": "node/10295303708",
        "bus": "yes",
        "highway": "bus_stop",
        "name": "دار الامهات",
        "name:ar": "دار الامهات",
        "name:fr": "MAISON des MAMANS",
        "public_transport": "stop_position"
      },
      "geometry": {
        "type": "Point",
        "coordinates": [
          10.1381169,
          36.8353969
        ]
      },
      "id": "node/10295303708"
    },
    {
      "type": "Feature",
      "properties": {
        "@id": "node/10295304731",
        "bus": "yes",
        "highway": "bus_stop",
        "name": "مقهى كمال بوعلي (إياب)",
        "name:ar": "مقهى كمال بوعلي إياب",
        "name:fr": "CAFE KAMEL BOU ALI (Retour)",
        "public_transport": "stop_position"
      },
      "geometry": {
        "type": "Point",
        "coordinates": [
          10.1322772,
          36.8388613
        ]
      },
      "id": "node/10295304731"
    },
    {
      "type": "Feature",
      "properties": {
        "@id": "node/10295304732",
        "bus": "yes",
        "highway": "bus_stop",
        "name": "مقهى كمال بو علي (ذهاب)",
        "name:ar": "مقهى كمال بو علي ذهاب",
        "name:fr": "CAFÉ KAMEL BOU ALI (Aller)",
        "public_transport": "stop_position"
      },
      "geometry": {
        "type": "Point",
        "coordinates": [
          10.1323636,
          36.8387975
        ]
      },
      "id": "node/10295304732"
    },
    {
      "type": "Feature",
      "properties": {
        "@id": "node/10295304733",
        "bus": "yes",
        "highway": "bus_stop",
        "name": "المبيت الجامعي العمران الأعلى (إياب)",
        "name:ar": "المبيت الجامعي العمران الأعلى (إياب)",
        "name:fr": "FOYER OMRANE SUPERIEUR (Retour)",
        "public_transport": "stop_position"
      },
      "geometry": {
        "type": "Point",
        "coordinates": [
          10.1329605,
          36.8375206
        ]
      },
      "id": "node/10295304733"
    },
    {
      "type": "Feature",
      "properties": {
        "@id": "node/10295304734",
        "bus": "yes",
        "highway": "bus_stop",
        "name": "المبيت الجامعي العمران الأعلى",
        "name:ar": "المبيت الجامعي العمران الأعلى",
        "name:fr": "FOYER OMRANE SUPÉRIEUR (Aller)",
        "public_transport": "stop_position"
      },
      "geometry": {
        "type": "Point",
        "coordinates": [
          10.1329989,
          36.8375721
        ]
      },
      "id": "node/10295304734"
    },
    {
      "type": "Feature",
      "properties": {
        "@id": "node/10295304109",
        "bus": "yes",
        "highway": "bus_stop",
        "name": "كارفور",
        "name:ar": "كارفور",
        "name:fr": "CARREFOUR",
        "public_transport": "stop_position"
      },
      "geometry": {
        "type": "Point",
        "coordinates": [
          10.1446936,
          36.836543
        ]
      },
      "id": "node/10295304109"
    },
    {
      "type": "Feature",
      "properties": {
        "@id": "node/5814938990",
        "light_rail": "yes",
        "name": "الرمانة",
        "name:ar": "الرمانة",
        "name:en": "Rommana",
        "name:fr": "Rommana",
        "operator": "شركة النقل بتونس",
        "public_transport": "stop_position",
        "railway": "stop"
      },
      "geometry": {
        "type": "Point",
        "coordinates": [
          10.1508656,
          36.8235254
        ]
      },
      "id": "node/5814938990"
    },
    {
      "type": "Feature",
      "properties": {
        "@id": "node/10295304754",
        "bus": "yes",
        "highway": "bus_stop",
        "name": "حي الزياتين (إياب)",
        "name:ar": "حي الزياتين (إياب)",
        "name:fr": "CITE ZAYATINE (Retour)",
        "public_transport": "stop_position"
      },
      "geometry": {
        "type": "Point",
        "coordinates": [
          10.1549224,
          36.8237054
        ]
      },
      "id": "node/10295304754"
    },
    {
      "type": "Feature",
      "properties": {
        "@id": "node/10295304755",
        "bus": "yes",
        "highway": "bus_stop",
        "name": "حي الزياتين (ذهاب)",
        "name:ar": "حي الزياتين (ذهاب)",
        "name:fr": "CITE ZAYATINE (Aller)",
        "public_transport": "stop_position"
      },
      "geometry": {
        "type": "Point",
        "coordinates": [
          10.1549585,
          36.8237867
        ]
      },
      "id": "node/10295304755"
    },
    {
      "type": "Feature",
      "properties": {
        "@id": "node/10295304756",
        "bus": "yes",
        "highway": "bus_stop",
        "name": "نهاية خط 12 حي الزياتين",
        "name:ar": "نهاية خط 12 حي الزياتين",
        "name:fr": "Terminus L12 ZAYATINE",
        "public_transport": "stop_position"
      },
      "geometry": {
        "type": "Point",
        "coordinates": [
          10.1538557,
          36.8252062
        ]
      },
      "id": "node/10295304756"
    },
    {
      "type": "Feature",
      "properties": {
        "@id": "node/10295303706",
        "bus": "yes",
        "highway": "bus_stop",
        "name": "المركب الجامعي",
        "name:ar": "المركب الجامعي",
        "name:fr": "CAMPUS(RX)",
        "public_transport": "stop_position"
      },
      "geometry": {
        "type": "Point",
        "coordinates": [
          10.149645,
          36.8293858
        ]
      },
      "id": "node/10295303706"
    },
    {
      "type": "Feature",
      "properties": {
        "@id": "node/10295304110",
        "bus": "yes",
        "highway": "bus_stop",
        "name": "كلية العلوم بتونس",
        "name:ar": "كلية العلوم بتونس",
        "name:fr": "FACULTÉ des SCIENCES DE TUNIS",
        "public_transport": "stop_position"
      },
      "geometry": {
        "type": "Point",
        "coordinates": [
          10.148073,
          36.8328327
        ]
      },
      "id": "node/10295304110"
    },
    {
      "type": "Feature",
      "properties": {
        "@id": "node/10295304111",
        "bus": "yes",
        "highway": "bus_stop",
        "name": "كلية الحقوق",
        "name:ar": "كلية الحقوق",
        "name:fr": "FACULTÉ DE DROIT",
        "public_transport": "stop_position"
      },
      "geometry": {
        "type": "Point",
        "coordinates": [
          10.1503797,
          36.8307202
        ]
      },
      "id": "node/10295304111"
    },
    {
      "type": "Feature",
      "properties": {
        "@id": "node/10295304438",
        "bus": "yes",
        "highway": "bus_stop",
        "name": "مصحة التوفيق (ذهاب)",
        "name:ar": "مصحة التوفيق (ذهاب)",
        "name:fr": "CLINIQUE TAOUFIK (Aller)",
        "public_transport": "stop_position"
      },
      "geometry": {
        "type": "Point",
        "coordinates": [
          10.154312,
          36.8321978
        ]
      },
      "id": "node/10295304438"
    },
    {
      "type": "Feature",
      "properties": {
        "@id": "node/10295304516",
        "bus": "yes",
        "highway": "bus_stop",
        "name": "مصحة توفيق (إياب)",
        "name:ar": "مصحة توفيق (إياب)",
        "name:fr": "CLINIQUE TAOUFIK (Retour)",
        "public_transport": "stop_position"
      },
      "geometry": {
        "type": "Point",
        "coordinates": [
          10.1529334,
          36.8316956
        ]
      },
      "id": "node/10295304516"
    },
    {
      "type": "Feature",
      "properties": {
        "@id": "node/10295304512",
        "bus": "yes",
        "highway": "bus_stop",
        "name": "ملعب الشادلي زويتن (إياب)",
        "name:ar": "ملعب الشادلي زويتن (إياب)",
        "name:fr": "STADE ZOUITEN (Retour)",
        "public_transport": "stop_position"
      },
      "geometry": {
        "type": "Point",
        "coordinates": [
          10.1699761,
          36.8277066
        ]
      },
      "id": "node/10295304512"
    },
    {
      "type": "Feature",
      "properties": {
        "@id": "node/10295304513",
        "bus": "yes",
        "highway": "bus_stop",
        "name": "ملعب الشادلي زويتن (ذهاب)",
        "name:ar": "ملعب الشادلي زويتن (ذهاب)",
        "name:fr": "STADE ZOUITEN (Aller)",
        "public_transport": "stop_position"
      },
      "geometry": {
        "type": "Point",
        "coordinates": [
          10.169842,
          36.827844
        ]
      },
      "id": "node/10295304513"
    },
    {
      "type": "Feature",
      "properties": {
        "@id": "node/10295304509",
        "bus": "yes",
        "highway": "bus_stop",
        "name": "نهاية خط 36 ب وزارة الشؤون الخارجية",
        "name:ar": "نهاية خط 36 ب وزارة الشؤون الخارجية",
        "name:fr": "Terminus MINISTÈRE des AFFAIRES ETRANGERES ( L 36 B )",
        "public_transport": "stop_position"
      },
      "geometry": {
        "type": "Point",
        "coordinates": [
          10.1590382,
          36.8295624
        ]
      },
      "id": "node/10295304509"
    },
    {
      "type": "Feature",
      "properties": {
        "@id": "node/10295304114",
        "bus": "yes",
        "highway": "bus_stop",
        "name": "بلدية متيال فيل",
        "name:ar": "بلدية متيال فيل",
        "name:fr": "Municipalité de Mutuelle Ville",
        "public_transport": "stop_position"
      },
      "geometry": {
        "type": "Point",
        "coordinates": [
          10.1672081,
          36.8337782
        ]
      },
      "id": "node/10295304114"
    },
    {
      "type": "Feature",
      "properties": {
        "@id": "node/10295304115",
        "bus": "yes",
        "highway": "bus_stop",
        "name": "شادلي زويتن",
        "name:ar": "شادلي زويتن",
        "name:fr": "CHEDLY ZOUITEN",
        "public_transport": "stop_position"
      },
      "geometry": {
        "type": "Point",
        "coordinates": [
          10.1705499,
          36.829621
        ]
      },
      "id": "node/10295304115"
    },
    {
      "type": "Feature",
      "properties": {
        "@id": "node/10295304510",
        "bus": "yes",
        "highway": "bus_stop",
        "name": "ميتيال فيل (إياب)",
        "name:ar": "ميتيال فيل (إياب)",
        "name:fr": "MUTUELLE VILLE (Retour)",
        "public_transport": "stop_position"
      },
      "geometry": {
        "type": "Point",
        "coordinates": [
          10.1658184,
          36.8290622
        ]
      },
      "id": "node/10295304510"
    },
    {
      "type": "Feature",
      "properties": {
        "@id": "node/10295304511",
        "bus": "yes",
        "highway": "bus_stop",
        "name": "ميتيال فيل (ذهاب)",
        "name:ar": "ميتيال فيل (ذهاب)",
        "name:fr": "MUTUELLE VILLE (Aller)",
        "public_transport": "stop_position"
      },
      "geometry": {
        "type": "Point",
        "coordinates": [
          10.1657647,
          36.8292941
        ]
      },
      "id": "node/10295304511"
    },
    {
      "type": "Feature",
      "properties": {
        "@id": "node/10295304127",
        "bus": "yes",
        "highway": "bus_stop",
        "name": "صولا",
        "name:ar": "صولا",
        "name:fr": "SOULA",
        "public_transport": "stop_position"
      },
      "geometry": {
        "type": "Point",
        "coordinates": [
          10.1568011,
          36.8390892
        ]
      },
      "id": "node/10295304127"
    },
    {
      "type": "Feature",
      "properties": {
        "@id": "node/10295304125",
        "bus": "yes",
        "highway": "bus_stop",
        "name": "المركز التجاري مقني",
        "name:ar": "المركز التجاري مقني",
        "name:fr": "CENTRE MAKNI",
        "public_transport": "stop_position"
      },
      "geometry": {
        "type": "Point",
        "coordinates": [
          10.1531906,
          36.8462019
        ]
      },
      "id": "node/10295304125"
    },
    {
      "type": "Feature",
      "properties": {
        "@id": "node/10295304126",
        "bus": "yes",
        "highway": "bus_stop",
        "name": "البنك",
        "name:ar": "البنك",
        "name:fr": "BANQUE",
        "public_transport": "stop_position"
      },
      "geometry": {
        "type": "Point",
        "coordinates": [
          10.1552506,
          36.8416341
        ]
      },
      "id": "node/10295304126"
    },
    {
      "type": "Feature",
      "properties": {
        "@id": "node/10295304112",
        "bus": "yes",
        "highway": "bus_stop",
        "name": "صوناد",
        "name:ar": "صوناد",
        "name:fr": "SONED",
        "public_transport": "stop_position"
      },
      "geometry": {
        "type": "Point",
        "coordinates": [
          10.1606257,
          36.8360529
        ]
      },
      "id": "node/10295304112"
    },
    {
      "type": "Feature",
      "properties": {
        "@id": "node/10295304128",
        "bus": "yes",
        "highway": "bus_stop",
        "name": "اسبرولس المنار",
        "name:ar": "اسبرولس المنار",
        "name:fr": "SPROLS MANAR",
        "public_transport": "stop_position"
      },
      "geometry": {
        "type": "Point",
        "coordinates": [
          10.1621385,
          36.8410674
        ]
      },
      "id": "node/10295304128"
    },
    {
      "type": "Feature",
      "properties": {
        "@id": "node/10295304113",
        "bus": "yes",
        "highway": "bus_stop",
        "name": "روتيكس",
        "name:ar": "روتيكس",
        "name:fr": "RX",
        "public_transport": "stop_position"
      },
      "geometry": {
        "type": "Point",
        "coordinates": [
          10.1661513,
          36.8385611
        ]
      },
      "id": "node/10295304113"
    },
    {
      "type": "Feature",
      "properties": {
        "@id": "node/10295304129",
        "bus": "yes",
        "highway": "bus_stop",
        "name": "سنيت",
        "name:ar": "سنيت",
        "name:fr": "SNIT",
        "public_transport": "stop_position"
      },
      "geometry": {
        "type": "Point",
        "coordinates": [
          10.1640482,
          36.8425786
        ]
      },
      "id": "node/10295304129"
    },
    {
      "type": "Feature",
      "properties": {
        "@id": "node/10295304137",
        "bus": "yes",
        "highway": "bus_stop",
        "name": "صيدلية المنزه 6",
        "name:ar": "صيدلية المنزه 6",
        "name:fr": "PHARMACIE MENZEH 6",
        "public_transport": "stop_position"
      },
      "geometry": {
        "type": "Point",
        "coordinates": [
          10.165282,
          36.8469317
        ]
      },
      "id": "node/10295304137"
    },
    {
      "type": "Feature",
      "properties": {
        "@id": "node/10295304138",
        "bus": "yes",
        "highway": "bus_stop",
        "name": "مونوبري منزه6",
        "name:ar": "مونوبري منزه6",
        "name:fr": "MONOPRIX MENZEH 6",
        "public_transport": "stop_position"
      },
      "geometry": {
        "type": "Point",
        "coordinates": [
          10.1662365,
          36.8461572
        ]
      },
      "id": "node/10295304138"
    },
    {
      "type": "Feature",
      "properties": {
        "@id": "node/10295304139",
        "bus": "yes",
        "highway": "bus_stop",
        "name": "سنيت منزه6",
        "name:ar": "سنيت منزه6",
        "name:fr": "SNIT MENZEH 6",
        "public_transport": "stop_position"
      },
      "geometry": {
        "type": "Point",
        "coordinates": [
          10.1661189,
          36.84421
        ]
      },
      "id": "node/10295304139"
    },
    {
      "type": "Feature",
      "properties": {
        "@id": "node/10295304140",
        "bus": "yes",
        "highway": "bus_stop",
        "name": "سوريزو",
        "name:ar": "سوريزو",
        "name:fr": "SOURÉSEAU",
        "public_transport": "stop_position"
      },
      "geometry": {
        "type": "Point",
        "coordinates": [
          10.1673476,
          36.8421244
        ]
      },
      "id": "node/10295304140"
    },
    {
      "type": "Feature",
      "properties": {
        "@id": "node/10295303699",
        "bus": "yes",
        "highway": "bus_stop",
        "name": "حي الرفاهة",
        "name:ar": "حي الرفاهة",
        "name:fr": "CITÉ ERRAFEHA",
        "public_transport": "stop_position"
      },
      "geometry": {
        "type": "Point",
        "coordinates": [
          10.1233855,
          36.852579
        ]
      },
      "id": "node/10295303699"
    },
    {
      "type": "Feature",
      "properties": {
        "@id": "node/10295304540",
        "bus": "yes",
        "highway": "bus_stop",
        "name": "الطريق الوطنية x20",
        "name:ar": "الطريق الوطنية x20",
        "name:fr": "X20",
        "public_transport": "stop_position"
      },
      "geometry": {
        "type": "Point",
        "coordinates": [
          10.1195695,
          36.8537603
        ]
      },
      "id": "node/10295304540"
    },
    {
      "type": "Feature",
      "properties": {
        "@id": "node/10295303700",
        "bus": "yes",
        "highway": "bus_stop",
        "name": "مقهي شيراز",
        "name:ar": "مقهي شيراز",
        "name:fr": "CAFÉ CHIRAZ",
        "public_transport": "stop_position"
      },
      "geometry": {
        "type": "Point",
        "coordinates": [
          10.1283212,
          36.8513016
        ]
      },
      "id": "node/10295303700"
    },
    {
      "type": "Feature",
      "properties": {
        "@id": "node/10295303701",
        "bus": "yes",
        "highway": "bus_stop",
        "name": "كيوسك شال ج.م.2",
        "name:ar": "كيوسك شال ج.م.2",
        "name:fr": "KIOSQUE SHELL J.M.2",
        "public_transport": "stop_position"
      },
      "geometry": {
        "type": "Point",
        "coordinates": [
          10.1310841,
          36.8486625
        ]
      },
      "id": "node/10295303701"
    },
    {
      "type": "Feature",
      "properties": {
        "@id": "node/10295303697",
        "bus": "yes",
        "highway": "bus_stop",
        "name": "نهاية خط 38 ت",
        "name:ar": "نهاية خط 38 ت",
        "name:fr": "Terminus 38C",
        "public_transport": "stop_position"
      },
      "geometry": {
        "type": "Point",
        "coordinates": [
          10.1276455,
          36.8597284
        ]
      },
      "id": "node/10295303697"
    },
    {
      "type": "Feature",
      "properties": {
        "@id": "node/10295303698",
        "bus": "yes",
        "highway": "bus_stop",
        "name": "ماركير",
        "name:ar": "ماركير",
        "name:fr": "MERCURE",
        "public_transport": "stop_position"
      },
      "geometry": {
        "type": "Point",
        "coordinates": [
          10.1276455,
          36.8572647
        ]
      },
      "id": "node/10295303698"
    },
    {
      "type": "Feature",
      "properties": {
        "@id": "node/10295304539",
        "bus": "yes",
        "highway": "bus_stop",
        "name": "حي الدريدي",
        "name:ar": "حي الدريدي",
        "name:fr": "CITÉ DRIDI",
        "public_transport": "stop_position"
      },
      "geometry": {
        "type": "Point",
        "coordinates": [
          10.1289329,
          36.8558952
        ]
      },
      "id": "node/10295304539"
    },
    {
      "type": "Feature",
      "properties": {
        "@id": "node/10295304538",
        "bus": "yes",
        "highway": "bus_stop",
        "name": "حي الأمان",
        "name:ar": "حي الأمان",
        "name:fr": "CITÉ ELAMEN",
        "public_transport": "stop_position"
      },
      "geometry": {
        "type": "Point",
        "coordinates": [
          10.1388303,
          36.853895
        ]
      },
      "id": "node/10295304538"
    },
    {
      "type": "Feature",
      "properties": {
        "@id": "node/10295304122",
        "bus": "yes",
        "highway": "bus_stop",
        "name": "مصحة الامل اياب",
        "name:ar": "مصحة الامل اياب",
        "name:fr": "CLINIQUE EL AMEL (Retour)",
        "public_transport": "stop_position"
      },
      "geometry": {
        "type": "Point",
        "coordinates": [
          10.1491351,
          36.8512244
        ]
      },
      "id": "node/10295304122"
    },
    {
      "type": "Feature",
      "properties": {
        "@id": "node/10295304123",
        "bus": "yes",
        "highway": "bus_stop",
        "name": "مصحة الامل",
        "name:ar": "مصحة الامل",
        "name:fr": "CLINIQUE EL AMEL",
        "public_transport": "stop_position"
      },
      "geometry": {
        "type": "Point",
        "coordinates": [
          10.149575,
          36.8503229
        ]
      },
      "id": "node/10295304123"
    },
    {
      "type": "Feature",
      "properties": {
        "@id": "node/10295304124",
        "bus": "yes",
        "highway": "bus_stop",
        "name": "منزه 9",
        "name:ar": "منزه 9",
        "name:fr": "MENZEH 9",
        "public_transport": "stop_position"
      },
      "geometry": {
        "type": "Point",
        "coordinates": [
          10.1507016,
          36.8493013
        ]
      },
      "id": "node/10295304124"
    },
    {
      "type": "Feature",
      "properties": {
        "@id": "node/10295304121",
        "bus": "yes",
        "highway": "bus_stop",
        "name": "شال المنزه 7",
        "name:ar": "شال المنزه 7",
        "name:fr": "SHELL MENZEH 7",
        "public_transport": "stop_position"
      },
      "geometry": {
        "type": "Point",
        "coordinates": [
          10.1533516,
          36.8523919
        ]
      },
      "id": "node/10295304121"
    },
    {
      "type": "Feature",
      "properties": {
        "@id": "node/10295304119",
        "bus": "yes",
        "highway": "bus_stop",
        "name": "مصحة حي النصر",
        "name:ar": "مصحة حي النصر",
        "name:fr": "CLINIQUE CITÉ NACER",
        "public_transport": "stop_position"
      },
      "geometry": {
        "type": "Point",
        "coordinates": [
          10.1531585,
          36.8599292
        ]
      },
      "id": "node/10295304119"
    },
    {
      "type": "Feature",
      "properties": {
        "@id": "node/10295304120",
        "bus": "yes",
        "highway": "bus_stop",
        "name": "معهد النصر2",
        "name:ar": "معهد النصر2",
        "name:fr": "LYCÉE NACER 2",
        "public_transport": "stop_position"
      },
      "geometry": {
        "type": "Point",
        "coordinates": [
          10.1535662,
          36.8573539
        ]
      },
      "id": "node/10295304120"
    },
    {
      "type": "Feature",
      "properties": {
        "@id": "node/10295304520",
        "bus": "yes",
        "highway": "bus_stop",
        "name": "النصر 2 طريق وطنية 20",
        "name:ar": "النصر 2 طريق وطنية 20",
        "name:fr": "ENNASER 2 X20",
        "public_transport": "stop_position"
      },
      "geometry": {
        "type": "Point",
        "coordinates": [
          10.1516566,
          36.8550241
        ]
      },
      "id": "node/10295304520"
    },
    {
      "type": "Feature",
      "properties": {
        "@id": "node/10295304136",
        "bus": "yes",
        "highway": "bus_stop",
        "name": "معهد المنزه 6",
        "name:ar": "معهد المنزه 6",
        "name:fr": "LYCÉE MENZEH 6",
        "public_transport": "stop_position"
      },
      "geometry": {
        "type": "Point",
        "coordinates": [
          10.16466,
          36.8521868
        ]
      },
      "id": "node/10295304136"
    },
    {
      "type": "Feature",
      "properties": {
        "@id": "node/10295304116",
        "bus": "yes",
        "highway": "bus_stop",
        "name": "جامع حي النصر اياب",
        "name:ar": "جامع حي النصر اياب",
        "name:fr": "MOSQUÉE CITÉ NACER (Retour)",
        "public_transport": "stop_position"
      },
      "geometry": {
        "type": "Point",
        "coordinates": [
          10.1631466,
          36.8605455
        ]
      },
      "id": "node/10295304116"
    },
    {
      "type": "Feature",
      "properties": {
        "@id": "node/10295304117",
        "bus": "yes",
        "highway": "bus_stop",
        "name": "جامع حي النصر",
        "name:ar": "جامع حي النصر",
        "name:fr": "MOSQUÉE CITÉ NACER",
        "public_transport": "stop_position"
      },
      "geometry": {
        "type": "Point",
        "coordinates": [
          10.1625247,
          36.8600408
        ]
      },
      "id": "node/10295304117"
    },
    {
      "type": "Feature",
      "properties": {
        "@id": "node/10295304118",
        "bus": "yes",
        "highway": "bus_stop",
        "name": "كمون الطبي",
        "name:ar": "كمون الطبي",
        "name:fr": "CAMOUNE MÉDICALE",
        "public_transport": "stop_position"
      },
      "geometry": {
        "type": "Point",
        "coordinates": [
          10.1607118,
          36.8603379
        ]
      },
      "id": "node/10295304118"
    },
    {
      "type": "Feature",
      "properties": {
        "@id": "node/10295304519",
        "bus": "yes",
        "highway": "bus_stop",
        "name": "مركز إكرام",
        "name:ar": "مركز إكرام",
        "name:fr": "CENTRE IKRAM",
        "public_transport": "platform"
      },
      "geometry": {
        "type": "Point",
        "coordinates": [
          10.1614625,
          36.8555163
        ]
      },
      "id": "node/10295304519"
    },
    {
      "type": "Feature",
      "properties": {
        "@id": "node/10295304133",
        "bus": "yes",
        "highway": "bus_stop",
        "name": "عجيل",
        "name:ar": "عجيل",
        "name:fr": "AGIL",
        "public_transport": "stop_position"
      },
      "geometry": {
        "type": "Point",
        "coordinates": [
          10.1660545,
          36.8585643
        ]
      },
      "id": "node/10295304133"
    },
    {
      "type": "Feature",
      "properties": {
        "@id": "node/10295304134",
        "bus": "yes",
        "highway": "bus_stop",
        "name": "مقهي رندة",
        "name:ar": "مقهي رندة",
        "name:fr": "CAFÉ RANDA",
        "public_transport": "stop_position"
      },
      "geometry": {
        "type": "Point",
        "coordinates": [
          10.166736,
          36.8595095
        ]
      },
      "id": "node/10295304134"
    },
    {
      "type": "Feature",
      "properties": {
        "@id": "node/10295304135",
        "bus": "yes",
        "highway": "bus_stop",
        "name": "المركز التجاري إكرام",
        "name:ar": "المركز التجاري إكرام",
        "name:fr": "CENTRE IKRAM",
        "public_transport": "platform"
      },
      "geometry": {
        "type": "Point",
        "coordinates": [
          10.1682516,
          36.8560526
        ]
      },
      "id": "node/10295304135"
    },
    {
      "type": "Feature",
      "properties": {
        "@id": "node/10295304518",
        "bus": "yes",
        "highway": "bus_stop",
        "name": "حي النصر 1",
        "name:ar": "حي النصر 1",
        "name:fr": "CITE ENNASR 1",
        "public_transport": "stop_position"
      },
      "geometry": {
        "type": "Point",
        "coordinates": [
          10.1682756,
          36.8585478
        ]
      },
      "id": "node/10295304518"
    },
    {
      "type": "Feature",
      "properties": {
        "@id": "node/8408525517",
        "bus": "yes",
        "highway": "bus_stop",
        "name": "rrrrrrrrrrrrr",
        "public_transport": "platform"
      },
      "geometry": {
        "type": "Point",
        "coordinates": [
          10.1636287,
          36.8670348
        ]
      },
      "id": "node/8408525517"
    },
    {
      "type": "Feature",
      "properties": {
        "@id": "node/10295304130",
        "bus": "yes",
        "highway": "bus_stop",
        "name": "نهاية خط 5د/51أ",
        "name:ar": "نهاية خط 5د/51أ",
        "name:fr": "Terminus 5D/ 51A",
        "public_transport": "stop_position"
      },
      "geometry": {
        "type": "Point",
        "coordinates": [
          10.1631472,
          36.8616813
        ]
      },
      "id": "node/10295304130"
    },
    {
      "type": "Feature",
      "properties": {
        "@id": "node/10295304131",
        "bus": "yes",
        "highway": "bus_stop",
        "name": "مجطة الهادي نويرة",
        "name:ar": "مجطة الهادي نويرة",
        "name:fr": "HEDI NOUIRA",
        "public_transport": "stop_position"
      },
      "geometry": {
        "type": "Point",
        "coordinates": [
          10.1644508,
          36.8619817
        ]
      },
      "id": "node/10295304131"
    },
    {
      "type": "Feature",
      "properties": {
        "@id": "node/10295304132",
        "bus": "yes",
        "highway": "bus_stop",
        "name": "حي النصر 1",
        "name:ar": "حي النصر 1",
        "name:fr": "CITÉ NACER 1",
        "public_transport": "stop_position"
      },
      "geometry": {
        "type": "Point",
        "coordinates": [
          10.1685385,
          36.8634753
        ]
      },
      "id": "node/10295304132"
    },
    {
      "type": "Feature",
      "properties": {
        "@id": "node/8408120141",
        "bus": "yes",
        "highway": "bus_stop",
        "name": "station tchoutchou 1",
        "public_transport": "platform"
      },
      "geometry": {
        "type": "Point",
        "coordinates": [
          10.1706231,
          36.8701838
        ]
      },
      "id": "node/8408120141"
    },
    {
      "type": "Feature",
      "properties": {
        "@id": "node/10295304715",
        "bus": "yes",
        "highway": "bus_stop",
        "name": "مقهى جباس",
        "name:ar": "مقهى جباس",
        "name:fr": "CAFÉ JABBES",
        "public_transport": "stop_position"
      },
      "geometry": {
        "type": "Point",
        "coordinates": [
          10.0760773,
          36.8877204
        ]
      },
      "id": "node/10295304715"
    },
    {
      "type": "Feature",
      "properties": {
        "@id": "node/10295304716",
        "bus": "yes",
        "highway": "bus_stop",
        "name": "مستوصف جباس",
        "name:ar": "مستوصف جباس",
        "name:fr": "DISPENSAIRE JABBES",
        "public_transport": "stop_position"
      },
      "geometry": {
        "type": "Point",
        "coordinates": [
          10.0807175,
          36.8895482
        ]
      },
      "id": "node/10295304716"
    },
    {
      "type": "Feature",
      "properties": {
        "@id": "node/10295304717",
        "bus": "yes",
        "highway": "bus_stop",
        "name": "جباس",
        "name:ar": "جباس",
        "name:fr": "JABBES",
        "public_transport": "stop_position"
      },
      "geometry": {
        "type": "Point",
        "coordinates": [
          10.0822837,
          36.8898645
        ]
      },
      "id": "node/10295304717"
    },
    {
      "type": "Feature",
      "properties": {
        "@id": "node/10295305535",
        "bus": "yes",
        "highway": "bus_stop",
        "name": "جباس البرج",
        "name:ar": "جباس البرج",
        "name:fr": "JABBES ELBORJ",
        "public_transport": "stop_position"
      },
      "geometry": {
        "type": "Point",
        "coordinates": [
          10.0874231,
          36.8925985
        ]
      },
      "id": "node/10295305535"
    },
    {
      "type": "Feature",
      "properties": {
        "@id": "node/10295304718",
        "bus": "yes",
        "highway": "bus_stop",
        "name": "سوناد 44س",
        "name:ar": "سوناد 44س",
        "name:fr": "SONED 44C",
        "public_transport": "stop_position"
      },
      "geometry": {
        "type": "Point",
        "coordinates": [
          10.0878147,
          36.8958334
        ]
      },
      "id": "node/10295304718"
    },
    {
      "type": "Feature",
      "properties": {
        "@id": "node/10295304382",
        "bus": "yes",
        "highway": "bus_stop",
        "name": "مقهي مرايا",
        "name:ar": "مقهي مرايا",
        "name:fr": "CAFÉ MARAYA",
        "public_transport": "stop_position"
      },
      "geometry": {
        "type": "Point",
        "coordinates": [
          10.1158024,
          36.8779179
        ]
      },
      "id": "node/10295304382"
    },
    {
      "type": "Feature",
      "properties": {
        "@id": "node/10295305573",
        "bus": "yes",
        "highway": "bus_stop",
        "name": "صنهاجي",
        "name:ar": "صنهاجي",
        "name:fr": "SANHEJI",
        "public_transport": "stop_position"
      },
      "geometry": {
        "type": "Point",
        "coordinates": [
          10.1155307,
          36.8780318
        ]
      },
      "id": "node/10295305573"
    },
    {
      "type": "Feature",
      "properties": {
        "@id": "node/10295305569",
        "bus": "yes",
        "highway": "bus_stop",
        "name": "بن عرفة",
        "name:ar": "بن عرفة",
        "name:fr": "BEN ARFA",
        "public_transport": "stop_position"
      },
      "geometry": {
        "type": "Point",
        "coordinates": [
          10.1156056,
          36.8830525
        ]
      },
      "id": "node/10295305569"
    },
    {
      "type": "Feature",
      "properties": {
        "@id": "node/10295305571",
        "bus": "yes",
        "highway": "bus_stop",
        "name": "النحلي",
        "name:ar": "النحلي",
        "name:fr": "NAHLI",
        "public_transport": "platform"
      },
      "geometry": {
        "type": "Point",
        "coordinates": [
          10.1173992,
          36.8898644
        ]
      },
      "id": "node/10295305571"
    },
    {
      "type": "Feature",
      "properties": {
        "@id": "node/10295304333",
        "bus": "yes",
        "highway": "bus_stop",
        "name": "حي البكري",
        "name:ar": "حي البكري",
        "name:fr": "CITE EL BOKRI",
        "public_transport": "platform"
      },
      "geometry": {
        "type": "Point",
        "coordinates": [
          10.1120259,
          36.8953034
        ]
      },
      "id": "node/10295304333"
    },
    {
      "type": "Feature",
      "properties": {
        "@id": "node/10295304385",
        "bus": "yes",
        "highway": "bus_stop",
        "name": "كيوسك عجيل",
        "name:ar": "كيوسك عجيل",
        "name:fr": "KIOSQUE AGILE",
        "public_transport": "platform"
      },
      "geometry": {
        "type": "Point",
        "coordinates": [
          10.114386,
          36.8985124
        ]
      },
      "id": "node/10295304385"
    },
    {
      "type": "Feature",
      "properties": {
        "@id": "node/10295305572",
        "bus": "yes",
        "highway": "bus_stop",
        "name": "سيدي مروان",
        "name:ar": "سيدي مروان",
        "name:fr": "SIDI MAROUEN",
        "public_transport": "platform"
      },
      "geometry": {
        "type": "Point",
        "coordinates": [
          10.1163587,
          36.8939971
        ]
      },
      "id": "node/10295305572"
    },
    {
      "type": "Feature",
      "properties": {
        "@id": "node/10295304719",
        "bus": "yes",
        "highway": "bus_stop",
        "name": "مقبرة الجباس",
        "name:ar": "مقبرة الجباس",
        "name:fr": "CIMETIÈRE JABBES",
        "public_transport": "stop_position"
      },
      "geometry": {
        "type": "Point",
        "coordinates": [
          10.091441,
          36.9041643
        ]
      },
      "id": "node/10295304719"
    },
    {
      "type": "Feature",
      "properties": {
        "@id": "node/10295304711",
        "bus": "yes",
        "highway": "bus_stop",
        "name": "سند",
        "name:ar": "سند",
        "name:fr": "SANAD",
        "public_transport": "stop_position"
      },
      "geometry": {
        "type": "Point",
        "coordinates": [
          10.0759644,
          36.9194455
        ]
      },
      "id": "node/10295304711"
    },
    {
      "type": "Feature",
      "properties": {
        "@id": "node/10295304714",
        "bus": "yes",
        "highway": "bus_stop",
        "name": "ماشتا السبالة",
        "name:ar": "ماشتا السبالة",
        "name:fr": "MACHTA SEBBALA",
        "public_transport": "stop_position"
      },
      "geometry": {
        "type": "Point",
        "coordinates": [
          10.0907697,
          36.9181566
        ]
      },
      "id": "node/10295304714"
    },
    {
      "type": "Feature",
      "properties": {
        "@id": "node/10295304712",
        "bus": "yes",
        "highway": "bus_stop",
        "name": "مكفوفين 2",
        "name:ar": "مكفوفين 2",
        "name:fr": "MAKFOUFINE 2",
        "public_transport": "stop_position"
      },
      "geometry": {
        "type": "Point",
        "coordinates": [
          10.0812415,
          36.9209311
        ]
      },
      "id": "node/10295304712"
    },
    {
      "type": "Feature",
      "properties": {
        "@id": "node/10295304713",
        "bus": "yes",
        "highway": "bus_stop",
        "name": "مكفوفين1",
        "name:ar": "مكفوفين1",
        "name:fr": "MAKFOUFINE 1",
        "public_transport": "stop_position"
      },
      "geometry": {
        "type": "Point",
        "coordinates": [
          10.0848903,
          36.9205754
        ]
      },
      "id": "node/10295304713"
    },
    {
      "type": "Feature",
      "properties": {
        "@id": "node/10295304720",
        "bus": "yes",
        "highway": "bus_stop",
        "name": "جباس 1",
        "name:ar": "جباس 1",
        "name:fr": "JABBES 1",
        "public_transport": "stop_position"
      },
      "geometry": {
        "type": "Point",
        "coordinates": [
          10.1035054,
          36.9114599
        ]
      },
      "id": "node/10295304720"
    },
    {
      "type": "Feature",
      "properties": {
        "@id": "node/10295305536",
        "bus": "yes",
        "highway": "bus_stop",
        "name": "دوار بن عمار",
        "name:ar": "دوار بن عمار",
        "name:fr": "FERME BEN AMMAR",
        "public_transport": "stop_position"
      },
      "geometry": {
        "type": "Point",
        "coordinates": [
          10.1021106,
          36.9098637
        ]
      },
      "id": "node/10295305536"
    },
    {
      "type": "Feature",
      "properties": {
        "@id": "node/10295304295",
        "bus": "yes",
        "highway": "bus_stop",
        "name": "محطة بريكوراما",
        "name:ar": "محطة بريكوراما",
        "name:fr": "Arrêt BRICORAMA",
        "public_transport": "stop_position"
      },
      "geometry": {
        "type": "Point",
        "coordinates": [
          10.1155492,
          36.9027927
        ]
      },
      "id": "node/10295304295"
    },
    {
      "type": "Feature",
      "properties": {
        "@id": "node/10295305564",
        "bus": "yes",
        "highway": "bus_stop",
        "name": "سبالة بن عمار",
        "name:ar": "سبالة بن عمار",
        "name:fr": "SABALET BEN AMAR",
        "public_transport": "stop_position"
      },
      "geometry": {
        "type": "Point",
        "coordinates": [
          10.1084462,
          36.9080505
        ]
      },
      "id": "node/10295305564"
    },
    {
      "type": "Feature",
      "properties": {
        "@id": "node/10295305537",
        "bus": "yes",
        "highway": "bus_stop",
        "name": "الفراشيش",
        "name:ar": "الفراشيش",
        "name:fr": "FRECHICH",
        "public_transport": "stop_position"
      },
      "geometry": {
        "type": "Point",
        "coordinates": [
          10.0994286,
          36.9146687
        ]
      },
      "id": "node/10295305537"
    },
    {
      "type": "Feature",
      "properties": {
        "@id": "node/10295305538",
        "bus": "yes",
        "highway": "bus_stop",
        "name": "المثاليث",
        "name:ar": "المثاليث",
        "name:fr": "MTHALITH",
        "public_transport": "stop_position"
      },
      "geometry": {
        "type": "Point",
        "coordinates": [
          10.1007912,
          36.9138924
        ]
      },
      "id": "node/10295305538"
    },
    {
      "type": "Feature",
      "properties": {
        "@id": "node/10295305557",
        "bus": "yes",
        "highway": "bus_stop",
        "name": "الاستخلاص",
        "name:ar": "الاستخلاص",
        "name:fr": "PÉAGE",
        "public_transport": "stop_position"
      },
      "geometry": {
        "type": "Point",
        "coordinates": [
          10.1022513,
          36.9259815
        ]
      },
      "id": "node/10295305557"
    },
    {
      "type": "Feature",
      "properties": {
        "@id": "node/10295305562",
        "bus": "yes",
        "highway": "bus_stop",
        "name": "المشتى",
        "name:ar": "المشتى",
        "name:fr": "EL MACHTA",
        "public_transport": "stop_position"
      },
      "geometry": {
        "type": "Point",
        "coordinates": [
          10.1063055,
          36.9138011
        ]
      },
      "id": "node/10295305562"
    },
    {
      "type": "Feature",
      "properties": {
        "@id": "node/10295304537",
        "bus": "yes",
        "highway": "bus_stop",
        "name": "النحلي 3",
        "name:ar": "النحلي 3",
        "name:fr": "NAHLI 3",
        "public_transport": "stop_position"
      },
      "geometry": {
        "type": "Point",
        "coordinates": [
          10.1300863,
          36.8929592
        ]
      },
      "id": "node/10295304537"
    },
    {
      "type": "Feature",
      "properties": {
        "@id": "node/10295305566",
        "bus": "yes",
        "highway": "bus_stop",
        "name": "جيان",
        "name:ar": "جيان",
        "name:fr": "GEANT",
        "public_transport": "platform"
      },
      "geometry": {
        "type": "Point",
        "coordinates": [
          10.1204885,
          36.8982192
        ]
      },
      "id": "node/10295305566"
    },
    {
      "type": "Feature",
      "properties": {
        "@id": "node/10295304536",
        "bus": "yes",
        "highway": "bus_stop",
        "name": "النحلي 2",
        "name:ar": "النحلي 2",
        "name:fr": "NAHLI 2",
        "public_transport": "stop_position"
      },
      "geometry": {
        "type": "Point",
        "coordinates": [
          10.1384548,
          36.8923498
        ]
      },
      "id": "node/10295304536"
    },
    {
      "type": "Feature",
      "properties": {
        "@id": "node/10295304532",
        "bus": "yes",
        "highway": "bus_stop",
        "name": "مصنع البلاط",
        "name:ar": "مصنع البلاط",
        "name:fr": "USINE DE CARRELAGE",
        "public_transport": "stop_position"
      },
      "geometry": {
        "type": "Point",
        "coordinates": [
          10.171149,
          36.8842822
        ]
      },
      "id": "node/10295304532"
    },
    {
      "type": "Feature",
      "properties": {
        "@id": "node/10295304535",
        "bus": "yes",
        "highway": "bus_stop",
        "name": "النحلي",
        "name:ar": "النحلي",
        "name:fr": "NAHLI",
        "public_transport": "stop_position"
      },
      "geometry": {
        "type": "Point",
        "coordinates": [
          10.146882,
          36.893211
        ]
      },
      "id": "node/10295304535"
    },
    {
      "type": "Feature",
      "properties": {
        "@id": "node/5254774043",
        "bus": "yes",
        "highway": "bus_stop",
        "network": "27A",
        "public_transport": "platform"
      },
      "geometry": {
        "type": "Point",
        "coordinates": [
          10.1640861,
          36.8922668
        ]
      },
      "id": "node/5254774043"
    },
    {
      "type": "Feature",
      "properties": {
        "@id": "node/10295304213",
        "bus": "yes",
        "highway": "bus_stop",
        "name": "مدرسة ابو القاسم الشابي",
        "name:ar": "مدرسة ابو القاسم الشابي",
        "name:fr": "ECOLE ABOU EL KACEM ECHEBBI",
        "public_transport": "stop_position"
      },
      "geometry": {
        "type": "Point",
        "coordinates": [
          10.1642193,
          36.8922513
        ]
      },
      "id": "node/10295304213"
    },
    {
      "type": "Feature",
      "properties": {
        "@id": "node/10295304534",
        "bus": "yes",
        "highway": "bus_stop",
        "name": "مقاطع النحلي",
        "name:ar": "مقاطع النحلي",
        "name:fr": "CARRIÈRE NAHLI",
        "public_transport": "stop_position"
      },
      "geometry": {
        "type": "Point",
        "coordinates": [
          10.1598052,
          36.8908012
        ]
      },
      "id": "node/10295304534"
    },
    {
      "type": "Feature",
      "properties": {
        "@id": "node/5252447365",
        "bus": "yes",
        "highway": "bus_stop",
        "network": "27A, 527, TUT",
        "public_transport": "platform"
      },
      "geometry": {
        "type": "Point",
        "coordinates": [
          10.1697918,
          36.8930391
        ]
      },
      "id": "node/5252447365"
    },
    {
      "type": "Feature",
      "properties": {
        "@id": "node/10295304533",
        "bus": "yes",
        "highway": "bus_stop",
        "name": "الحي الشعبي النحلي",
        "name:ar": "الحي الشعبي النحلي",
        "name:fr": "CITÉ POPULAIRE ENNAHLI",
        "public_transport": "stop_position"
      },
      "geometry": {
        "type": "Point",
        "coordinates": [
          10.1669078,
          36.8874807
        ]
      },
      "id": "node/10295304533"
    },
    {
      "type": "Feature",
      "properties": {
        "@id": "node/5252444886",
        "bus": "yes",
        "highway": "bus_stop",
        "network": "27A, 527, TUT",
        "public_transport": "platform"
      },
      "geometry": {
        "type": "Point",
        "coordinates": [
          10.1663076,
          36.899294
        ]
      },
      "id": "node/5252444886"
    },
    {
      "type": "Feature",
      "properties": {
        "@id": "node/10295304212",
        "bus": "yes",
        "highway": "bus_stop",
        "name": "نهاية خط حي الغزالة",
        "name:ar": "نهاية خط حي الغزالة",
        "name:fr": "TERMINUS CITÉ EL GHAZELA",
        "public_transport": "stop_position"
      },
      "geometry": {
        "type": "Point",
        "coordinates": [
          10.165452,
          36.8935117
        ]
      },
      "id": "node/10295304212"
    },
    {
      "type": "Feature",
      "properties": {
        "@id": "node/10295304675",
        "bus": "yes",
        "highway": "bus_stop",
        "name": "شباك تذاكر جيان",
        "name:ar": "شباك تذاكر جيان",
        "name:fr": "GUICHET GÉANT",
        "public_transport": "stop_position"
      },
      "geometry": {
        "type": "Point",
        "coordinates": [
          10.1215676,
          36.9004193
        ]
      },
      "id": "node/10295304675"
    },
    {
      "type": "Feature",
      "properties": {
        "@id": "node/10295304581",
        "bus": "yes",
        "highway": "bus_stop",
        "name": "ساحة باستور (ذهاب)",
        "name:ar": "ساحة باستور (ذهاب)",
        "name:fr": "PLACE PASTEUR (Aller)",
        "public_transport": "stop_position"
      },
      "geometry": {
        "type": "Point",
        "coordinates": [
          10.1776738,
          36.8230935
        ]
      },
      "id": "node/10295304581"
    },
    {
      "type": "Feature",
      "properties": {
        "@id": "node/7863879722",
        "bus": "yes",
        "highway": "bus_stop",
        "public_transport": "platform"
      },
      "geometry": {
        "type": "Point",
        "coordinates": [
          10.18033,
          36.8232875
        ]
      },
      "id": "node/7863879722"
    },
    {
      "type": "Feature",
      "properties": {
        "@id": "node/7863879723",
        "bus": "yes",
        "highway": "bus_stop",
        "public_transport": "platform"
      },
      "geometry": {
        "type": "Point",
        "coordinates": [
          10.180455,
          36.8232191
        ]
      },
      "id": "node/7863879723"
    },
    {
      "type": "Feature",
      "properties": {
        "@id": "node/10295304337",
        "bus": "yes",
        "highway": "bus_stop",
        "name": "مكتب بريد بستور",
        "name:ar": "مكتب بريد بستور",
        "name:fr": "BUREAU DE POSTE Place PASTEUR",
        "public_transport": "stop_position"
      },
      "geometry": {
        "type": "Point",
        "coordinates": [
          10.1782811,
          36.8220207
        ]
      },
      "id": "node/10295304337"
    },
    {
      "type": "Feature",
      "properties": {
        "@id": "node/10295304358",
        "bus": "yes",
        "highway": "bus_stop",
        "name": "مرطبات بن يدر",
        "name:ar": "مرطبات بن يدر",
        "name:fr": "PÂTISSERIE BEN YEDER",
        "public_transport": "stop_position"
      },
      "geometry": {
        "type": "Point",
        "coordinates": [
          10.1795924,
          36.8265347
        ]
      },
      "id": "node/10295304358"
    },
    {
      "type": "Feature",
      "properties": {
        "@id": "node/10295304359",
        "bus": "yes",
        "highway": "bus_stop",
        "name": "ساحة بستور",
        "name:ar": "ساحة بستور",
        "name:fr": "Place PASTEUR",
        "public_transport": "stop_position"
      },
      "geometry": {
        "type": "Point",
        "coordinates": [
          10.1785494,
          36.8232402
        ]
      },
      "id": "node/10295304359"
    },
    {
      "type": "Feature",
      "properties": {
        "@id": "node/10295304372",
        "bus": "yes",
        "highway": "bus_stop",
        "name": "الان صفاري",
        "name:ar": "الان صفاري",
        "name:fr": "ALAIN SAVARY",
        "public_transport": "stop_position"
      },
      "geometry": {
        "type": "Point",
        "coordinates": [
          10.1808024,
          36.8235494
        ]
      },
      "id": "node/10295304372"
    },
    {
      "type": "Feature",
      "properties": {
        "@id": "node/5815305342",
        "light_rail": "yes",
        "name": "الشباب",
        "name:ar": "الشباب",
        "name:fr": "La Jeunesse",
        "public_transport": "station",
        "railway": "station",
        "ref": "Ligne 2, 12",
        "station": "light_rail"
      },
      "geometry": {
        "type": "Point",
        "coordinates": [
          10.1828017,
          36.8333222
        ]
      },
      "id": "node/5815305342"
    },
    {
      "type": "Feature",
      "properties": {
        "@id": "node/10295304143",
        "bus": "yes",
        "highway": "bus_stop",
        "name": "منزه 1",
        "name:ar": "منزه 1",
        "name:fr": "MENZEH 1",
        "public_transport": "stop_position"
      },
      "geometry": {
        "type": "Point",
        "coordinates": [
          10.1792613,
          36.8335866
        ]
      },
      "id": "node/10295304143"
    },
    {
      "type": "Feature",
      "properties": {
        "@id": "node/10295304356",
        "bus": "yes",
        "highway": "bus_stop",
        "name": "وزارة التجهيز",
        "name:ar": "وزارة التجهيز",
        "name:fr": "MINISTÈRE DE L’EQUIPEMENT",
        "public_transport": "stop_position"
      },
      "geometry": {
        "type": "Point",
        "coordinates": [
          10.1801694,
          36.8319311
        ]
      },
      "id": "node/10295304356"
    },
    {
      "type": "Feature",
      "properties": {
        "@id": "node/10295304357",
        "bus": "yes",
        "highway": "bus_stop",
        "name": "Cité Mahrajène",
        "name:ar": "حي المهرجان",
        "name:fr": "Cité Mahrajène",
        "public_transport": "platform"
      },
      "geometry": {
        "type": "Point",
        "coordinates": [
          10.1800943,
          36.828874
        ]
      },
      "id": "node/10295304357"
    },
    {
      "type": "Feature",
      "properties": {
        "@id": "node/10295303693",
        "bus": "yes",
        "highway": "bus_stop",
        "name": "حي الخضراء",
        "name:ar": "حي الخضراء",
        "name:fr": "CITÉ EL KHADHRA",
        "public_transport": "stop_position"
      },
      "geometry": {
        "type": "Point",
        "coordinates": [
          10.1950602,
          36.823838
        ]
      },
      "id": "node/10295303693"
    },
    {
      "type": "Feature",
      "properties": {
        "@id": "node/10295303694",
        "bus": "yes",
        "highway": "bus_stop",
        "name": "Montplaisir",
        "name:ar": "مونبليزير",
        "name:fr": "Montplaisir",
        "public_transport": "platform"
      },
      "geometry": {
        "type": "Point",
        "coordinates": [
          10.1939602,
          36.8233261
        ]
      },
      "id": "node/10295303694"
    },
    {
      "type": "Feature",
      "properties": {
        "@id": "node/7863879719",
        "bus": "yes",
        "highway": "bus_stop",
        "public_transport": "platform"
      },
      "geometry": {
        "type": "Point",
        "coordinates": [
          10.1847652,
          36.8283547
        ]
      },
      "id": "node/7863879719"
    },
    {
      "type": "Feature",
      "properties": {
        "@id": "node/7863879720",
        "bus": "yes",
        "highway": "bus_stop",
        "public_transport": "platform"
      },
      "geometry": {
        "type": "Point",
        "coordinates": [
          10.1850783,
          36.8283205
        ]
      },
      "id": "node/7863879720"
    },
    {
      "type": "Feature",
      "properties": {
        "@id": "node/10295304360",
        "bus": "yes",
        "highway": "bus_stop",
        "name": "مدرسة حي الخضراءاياب",
        "name:ar": "مدرسة حي الخضراءاياب",
        "name:fr": "ECOLE CITE EL KHADHRA (Retour)",
        "public_transport": "stop_position"
      },
      "geometry": {
        "type": "Point",
        "coordinates": [
          10.1904929,
          36.8333703
        ]
      },
      "id": "node/10295304360"
    },
    {
      "type": "Feature",
      "properties": {
        "@id": "node/10295304370",
        "bus": "yes",
        "highway": "bus_stop",
        "name": "Ministère de l'Agriculture",
        "name:ar": "وزارة الفلاحة",
        "name:fr": "Ministère de l'Agriculture",
        "public_transport": "platform"
      },
      "geometry": {
        "type": "Point",
        "coordinates": [
          10.1858832,
          36.829001
        ]
      },
      "id": "node/10295304370"
    },
    {
      "type": "Feature",
      "properties": {
        "@id": "node/10295304371",
        "bus": "yes",
        "highway": "bus_stop",
        "name": "بلدية حي الخضراء",
        "name:ar": "بلدية حي الخضراء",
        "name:fr": "Municipalité de Cité El Khadhra",
        "public_transport": "stop_position"
      },
      "geometry": {
        "type": "Point",
        "coordinates": [
          10.1883663,
          36.8313982
        ]
      },
      "id": "node/10295304371"
    },
    {
      "type": "Feature",
      "properties": {
        "@id": "node/10295304361",
        "bus": "yes",
        "highway": "bus_stop",
        "name": "سوق حي الخضراء اياب",
        "name:ar": "سوق حي الخضراء اياب",
        "name:fr": "MARCHE CITE EL KHADHRA (Retour)",
        "public_transport": "stop_position"
      },
      "geometry": {
        "type": "Point",
        "coordinates": [
          10.1925207,
          36.8336838
        ]
      },
      "id": "node/10295304361"
    },
    {
      "type": "Feature",
      "properties": {
        "@id": "node/10295304367",
        "bus": "yes",
        "highway": "bus_stop",
        "name": "ساحة الشهداء",
        "name:ar": "ساحة الشهداء",
        "name:en": "Martyrs Square",
        "name:fr": "Place des Martyrs",
        "public_transport": "stop_position"
      },
      "geometry": {
        "type": "Point",
        "coordinates": [
          10.1955676,
          36.8318118
        ]
      },
      "id": "node/10295304367"
    },
    {
      "type": "Feature",
      "properties": {
        "@id": "node/10295304368",
        "bus": "yes",
        "highway": "bus_stop",
        "name": "سوق حي الخضراء",
        "name:ar": "سوق حي الخضراء",
        "name:fr": "MARCHE CITE EL KHADHRA",
        "public_transport": "stop_position"
      },
      "geometry": {
        "type": "Point",
        "coordinates": [
          10.1934433,
          36.8321595
        ]
      },
      "id": "node/10295304368"
    },
    {
      "type": "Feature",
      "properties": {
        "@id": "node/10295304369",
        "bus": "yes",
        "highway": "bus_stop",
        "name": "مدرسة حي الخضراء",
        "name:ar": "مدرسة حي الخضراء",
        "name:fr": "ECOLE CITE EL KHADHRA",
        "public_transport": "stop_position"
      },
      "geometry": {
        "type": "Point",
        "coordinates": [
          10.1913811,
          36.8331934
        ]
      },
      "id": "node/10295304369"
    },
    {
      "type": "Feature",
      "properties": {
        "@id": "node/10295304141",
        "bus": "yes",
        "highway": "bus_stop",
        "name": "الآمم المتحدة",
        "name:ar": "الآمم المتحدة",
        "name:fr": "ÉTAT UNIS",
        "public_transport": "stop_position"
      },
      "geometry": {
        "type": "Point",
        "coordinates": [
          10.1737849,
          36.8369167
        ]
      },
      "id": "node/10295304141"
    },
    {
      "type": "Feature",
      "properties": {
        "@id": "node/10295304142",
        "bus": "yes",
        "highway": "bus_stop",
        "name": "سفارة العراق",
        "name:ar": "سفارة العراق",
        "name:fr": "AMBASSADE IRAQ",
        "public_transport": "stop_position"
      },
      "geometry": {
        "type": "Point",
        "coordinates": [
          10.1756778,
          36.8353899
        ]
      },
      "id": "node/10295304142"
    },
    {
      "type": "Feature",
      "properties": {
        "@id": "node/5815305343",
        "light_rail": "yes",
        "name": "الحي الرياضي",
        "name:ar": "الحي الرياضي",
        "name:fr": "Cité Sportive",
        "public_transport": "station",
        "railway": "station",
        "ref": "خط 2, 12",
        "station": "light_rail"
      },
      "geometry": {
        "type": "Point",
        "coordinates": [
          10.1819614,
          36.8385103
        ]
      },
      "id": "node/5815305343"
    },
    {
      "type": "Feature",
      "properties": {
        "@id": "node/10295304354",
        "bus": "yes",
        "highway": "bus_stop",
        "name": "الحي الرياضي",
        "name:ar": "الحي الرياضي",
        "name:fr": "CITÉ SPORTIVE",
        "public_transport": "stop_position"
      },
      "geometry": {
        "type": "Point",
        "coordinates": [
          10.1818869,
          36.838641
        ]
      },
      "id": "node/10295304354"
    },
    {
      "type": "Feature",
      "properties": {
        "@id": "node/10295304355",
        "bus": "yes",
        "highway": "bus_stop",
        "name": "الصيدلية المركزية",
        "name:ar": "الصيدلية المركزية",
        "name:fr": "PHARMACIE CENTRAL",
        "public_transport": "stop_position"
      },
      "geometry": {
        "type": "Point",
        "coordinates": [
          10.1811198,
          36.8350238
        ]
      },
      "id": "node/10295304355"
    },
    {
      "type": "Feature",
      "properties": {
        "@id": "node/10295304320",
        "bus": "yes",
        "highway": "bus_stop",
        "name": "كارنوا 2",
        "name:ar": "كارنوا 2",
        "name:fr": "CARNOIE2",
        "public_transport": "stop_position"
      },
      "geometry": {
        "type": "Point",
        "coordinates": [
          10.1769866,
          36.8456239
        ]
      },
      "id": "node/10295304320"
    },
    {
      "type": "Feature",
      "properties": {
        "@id": "node/10295304517",
        "bus": "yes",
        "highway": "bus_stop",
        "name": "المنزه 6",
        "name:ar": "المنزه 6",
        "name:fr": "EL MENZAH 6",
        "public_transport": "stop_position"
      },
      "geometry": {
        "type": "Point",
        "coordinates": [
          10.1722235,
          36.8422175
        ]
      },
      "id": "node/10295304517"
    },
    {
      "type": "Feature",
      "properties": {
        "@id": "node/5815305346",
        "alt_name:ar": "10 كانون الأول 1984",
        "light_rail": "yes",
        "name": "10 ديسمبر 1984",
        "name:ar": "10 ديسمبر 1984",
        "name:fr": "10 Décembre 1948",
        "public_transport": "station",
        "railway": "station",
        "ref": "خط 2, 12",
        "station": "light_rail"
      },
      "geometry": {
        "type": "Point",
        "coordinates": [
          10.1840392,
          36.8442536
        ]
      },
      "id": "node/5815305346"
    },
    {
      "type": "Feature",
      "properties": {
        "@id": "node/10295304327",
        "bus": "yes",
        "highway": "bus_stop",
        "name": "كارنوا",
        "name:ar": "كارنوا",
        "name:fr": "CARNOIE",
        "public_transport": "stop_position"
      },
      "geometry": {
        "type": "Point",
        "coordinates": [
          10.1780707,
          36.84761
        ]
      },
      "id": "node/10295304327"
    },
    {
      "type": "Feature",
      "properties": {
        "@id": "node/10295304352",
        "bus": "yes",
        "highway": "bus_stop",
        "name": "توتا 10 ديسمبر",
        "name:ar": "توتا 10 ديسمبر",
        "name:fr": "TOUTA 10 DECEMBRE",
        "public_transport": "stop_position"
      },
      "geometry": {
        "type": "Point",
        "coordinates": [
          10.1834417,
          36.8454206
        ]
      },
      "id": "node/10295304352"
    },
    {
      "type": "Feature",
      "properties": {
        "@id": "node/10295304353",
        "bus": "yes",
        "highway": "bus_stop",
        "name": "10 ديسمبر",
        "name:ar": "10 ديسمبر",
        "name:fr": "10 Décembre",
        "public_transport": "stop_position"
      },
      "geometry": {
        "type": "Point",
        "coordinates": [
          10.1825042,
          36.8422003
        ]
      },
      "id": "node/10295304353"
    },
    {
      "type": "Feature",
      "properties": {
        "@id": "node/10295304363",
        "bus": "yes",
        "highway": "bus_stop",
        "name": "الحي الالمبي",
        "name:ar": "الحي الالمبي",
        "name:fr": "CITE OLYMPIQUE",
        "public_transport": "stop_position"
      },
      "geometry": {
        "type": "Point",
        "coordinates": [
          10.194822,
          36.8393339
        ]
      },
      "id": "node/10295304363"
    },
    {
      "type": "Feature",
      "properties": {
        "@id": "node/10295304364",
        "bus": "yes",
        "highway": "bus_stop",
        "name": "مدرسة الحي الالمبي",
        "name:ar": "مدرسة الحي الالمبي",
        "name:fr": "ECOLE CITE OLYMPIQUE",
        "public_transport": "stop_position"
      },
      "geometry": {
        "type": "Point",
        "coordinates": [
          10.1955224,
          36.8383198
        ]
      },
      "id": "node/10295304364"
    },
    {
      "type": "Feature",
      "properties": {
        "@id": "node/10295304365",
        "bus": "yes",
        "highway": "bus_stop",
        "name": "محطة الغسيل حي الخضراء",
        "name:ar": "محطة الغسيل حي الخضراء",
        "name:fr": "STATION LAVAGE CITE EL KHADHRA",
        "public_transport": "stop_position"
      },
      "geometry": {
        "type": "Point",
        "coordinates": [
          10.1967107,
          36.8372695
        ]
      },
      "id": "node/10295304365"
    },
    {
      "type": "Feature",
      "properties": {
        "@id": "node/10295304341",
        "alt_name": "10 Décembre",
        "bus": "yes",
        "highway": "bus_stop",
        "name": "ترابط 10 ديسمبر",
        "name:ar": "ترابط 10 ديسمبر",
        "name:fr": "RABATTEMENT 10 DECEMBRE",
        "public_transport": "stop_position"
      },
      "geometry": {
        "type": "Point",
        "coordinates": [
          10.1843131,
          36.8445543
        ]
      },
      "id": "node/10295304341"
    },
    {
      "type": "Feature",
      "properties": {
        "@id": "node/5815305348",
        "light_rail": "yes",
        "name": "مدينة العلوم",
        "name:ar": "مدينة العلوم",
        "name:fr": "Cité des sciences",
        "old_name": "الفل",
        "old_name:ar": "الفل",
        "old_name:fr": "El Fell",
        "railway": "halt",
        "source:name": "https://www.transtu.tn/fr/article/0091-changement-du-nom-de-station"
      },
      "geometry": {
        "type": "Point",
        "coordinates": [
          10.1923621,
          36.8469893
        ]
      },
      "id": "node/5815305348"
    },
    {
      "type": "Feature",
      "properties": {
        "@id": "node/10295304344",
        "bus": "yes",
        "highway": "bus_stop",
        "name": "الفل",
        "name:ar": "الفل",
        "name:fr": "EL FELL",
        "public_transport": "stop_position"
      },
      "geometry": {
        "type": "Point",
        "coordinates": [
          10.1920248,
          36.8470262
        ]
      },
      "id": "node/10295304344"
    },
    {
      "type": "Feature",
      "properties": {
        "@id": "node/10295304350",
        "bus": "yes",
        "highway": "bus_stop",
        "name": "الشرقية 1",
        "name:ar": "الشرقية 1",
        "name:fr": "CHARGUIA 1",
        "public_transport": "stop_position"
      },
      "geometry": {
        "type": "Point",
        "coordinates": [
          10.2010967,
          36.8288636
        ]
      },
      "id": "node/10295304350"
    },
    {
      "type": "Feature",
      "properties": {
        "@id": "node/10295304366",
        "bus": "yes",
        "highway": "bus_stop",
        "name": "مقهي الجوهرة",
        "name:ar": "مقهي الجوهرة",
        "name:fr": "CAFE EL JAWHARA",
        "public_transport": "stop_position"
      },
      "geometry": {
        "type": "Point",
        "coordinates": [
          10.1987112,
          36.8344867
        ]
      },
      "id": "node/10295304366"
    },
    {
      "type": "Feature",
      "properties": {
        "@id": "node/7713681971",
        "bench": "yes",
        "bin": "no",
        "bus": "yes",
        "highway": "bus_stop",
        "lit": "no",
        "name": "الشرقية 1",
        "name:ar": "الشرقية 1",
        "public_transport": "platform",
        "shelter": "yes"
      },
      "geometry": {
        "type": "Point",
        "coordinates": [
          10.2063681,
          36.8285794
        ]
      },
      "id": "node/7713681971"
    },
    {
      "type": "Feature",
      "properties": {
        "@id": "node/10295303692",
        "bus": "yes",
        "highway": "bus_stop",
        "name": "الشرقية",
        "name:ar": "الشرقية",
        "name:fr": "CHARGUIA",
        "public_transport": "stop_position"
      },
      "geometry": {
        "type": "Point",
        "coordinates": [
          10.2061645,
          36.8285742
        ]
      },
      "id": "node/10295303692"
    },
    {
      "type": "Feature",
      "properties": {
        "@id": "node/10295303640",
        "bus": "yes",
        "highway": "bus_stop",
        "name": "بولينق",
        "name:ar": "بولينق",
        "name:fr": "BOWLING",
        "public_transport": "stop_position"
      },
      "geometry": {
        "type": "Point",
        "coordinates": [
          10.2174135,
          36.8313042
        ]
      },
      "id": "node/10295303640"
    },
    {
      "type": "Feature",
      "properties": {
        "@id": "node/10295304342",
        "bus": "yes",
        "highway": "bus_stop",
        "name": "بوسبيع",
        "name:ar": "بوسبيع",
        "name:fr": "BOUSBIAA",
        "public_transport": "stop_position"
      },
      "geometry": {
        "type": "Point",
        "coordinates": [
          10.199187,
          36.8405935
        ]
      },
      "id": "node/10295304342"
    },
    {
      "type": "Feature",
      "properties": {
        "@id": "node/10295304351",
        "bus": "yes",
        "highway": "bus_stop",
        "name": "معرض الشرقية",
        "name:ar": "معرض الشرقية",
        "name:fr": "FOIRE LA CHARGUIA",
        "public_transport": "stop_position"
      },
      "geometry": {
        "type": "Point",
        "coordinates": [
          10.2014554,
          36.8356665
        ]
      },
      "id": "node/10295304351"
    },
    {
      "type": "Feature",
      "properties": {
        "@id": "node/10295304362",
        "bus": "yes",
        "highway": "bus_stop",
        "name": "محطة الرصد الجوي",
        "name:ar": "محطة الرصد الجوي",
        "name:fr": "INSTITUT NATIONAL de la MÉTÉOROLOGIE",
        "public_transport": "stop_position"
      },
      "geometry": {
        "type": "Point",
        "coordinates": [
          10.1983717,
          36.8395189
        ]
      },
      "id": "node/10295304362"
    },
    {
      "type": "Feature",
      "properties": {
        "@id": "node/10295304349",
        "bus": "yes",
        "highway": "bus_stop",
        "name": "الديوان الوطني للتطهير",
        "name:ar": "الديوان الوطني للتطهير",
        "name:fr": "ONAS",
        "public_transport": "stop_position"
      },
      "geometry": {
        "type": "Point",
        "coordinates": [
          10.2086223,
          36.8368086
        ]
      },
      "id": "node/10295304349"
    },
    {
      "type": "Feature",
      "properties": {
        "@id": "node/10295304424",
        "bus": "yes",
        "highway": "bus_stop",
        "name": "مستودع الشرقية",
        "name:ar": "مستودع الشرقية",
        "name:fr": "DÉPÔT CHARGUIA",
        "public_transport": "stop_position"
      },
      "geometry": {
        "type": "Point",
        "coordinates": [
          10.2045873,
          36.839222
        ]
      },
      "id": "node/10295304424"
    },
    {
      "type": "Feature",
      "properties": {
        "@id": "node/10295304348",
        "bus": "yes",
        "highway": "bus_stop",
        "name": "فرات",
        "name:ar": "فرات",
        "name:fr": "FRETTE",
        "public_transport": "stop_position"
      },
      "geometry": {
        "type": "Point",
        "coordinates": [
          10.2133738,
          36.8365606
        ]
      },
      "id": "node/10295304348"
    },
    {
      "type": "Feature",
      "properties": {
        "@id": "node/10295304347",
        "bus": "yes",
        "highway": "bus_stop",
        "name": "مطار الحجيج",
        "name:ar": "مطار الحجيج",
        "name:fr": "AÉROPORT PÈLERINS",
        "public_transport": "stop_position"
      },
      "geometry": {
        "type": "Point",
        "coordinates": [
          10.2150442,
          36.8426027
        ]
      },
      "id": "node/10295304347"
    },
    {
      "type": "Feature",
      "properties": {
        "@id": "node/6234568192",
        "bus": "yes",
        "highway": "bus_stop",
        "name": "SNT 35",
        "public_transport": "platform"
      },
      "geometry": {
        "type": "Point",
        "coordinates": [
          10.2170671,
          36.847433
        ]
      },
      "id": "node/6234568192"
    },
    {
      "type": "Feature",
      "properties": {
        "@id": "node/10295304345",
        "bus": "yes",
        "highway": "bus_stop",
        "name": "مركز الفرز البريدي",
        "name:ar": "مركز الفرز البريدي",
        "name:fr": "CENTRE DE TRI POSTAL",
        "public_transport": "platform"
      },
      "geometry": {
        "type": "Point",
        "coordinates": [
          10.2186579,
          36.8447118
        ]
      },
      "id": "node/10295304345"
    },
    {
      "type": "Feature",
      "properties": {
        "@id": "node/4512430390",
        "bus": "yes",
        "highway": "bus_stop",
        "name": "TCV menzah 5/6",
        "public_transport": "platform"
      },
      "geometry": {
        "type": "Point",
        "coordinates": [
          10.1738894,
          36.8518088
        ]
      },
      "id": "node/4512430390"
    },
    {
      "type": "Feature",
      "properties": {
        "@id": "node/10295304319",
        "bus": "yes",
        "highway": "bus_stop",
        "name": "منزه 5",
        "name:ar": "منزه 5",
        "name:fr": "MENZEH 5",
        "public_transport": "platform"
      },
      "geometry": {
        "type": "Point",
        "coordinates": [
          10.1730499,
          36.8535046
        ]
      },
      "id": "node/10295304319"
    },
    {
      "type": "Feature",
      "properties": {
        "@id": "node/10295304324",
        "bus": "yes",
        "highway": "bus_stop",
        "name": "مركزأمير",
        "name:ar": "مركزأمير",
        "name:fr": "CENTRE AMIRE",
        "public_transport": "stop_position"
      },
      "geometry": {
        "type": "Point",
        "coordinates": [
          10.1774273,
          36.8534185
        ]
      },
      "id": "node/10295304324"
    },
    {
      "type": "Feature",
      "properties": {
        "@id": "node/10295304325",
        "bus": "yes",
        "highway": "bus_stop",
        "name": "معهد المنزه 6",
        "name:ar": "معهد المنزه 6",
        "name:fr": "LYCEE MENZEH 6",
        "public_transport": "stop_position"
      },
      "geometry": {
        "type": "Point",
        "coordinates": [
          10.1775445,
          36.8524589
        ]
      },
      "id": "node/10295304325"
    },
    {
      "type": "Feature",
      "properties": {
        "@id": "node/10295304236",
        "bus": "yes",
        "highway": "bus_stop",
        "name": "جامع أريانة الجديدة",
        "name:ar": "جامع أريانة الجديدة",
        "name:fr": "MOSQUÉE ARIANA EL JADIDA",
        "public_transport": "stop_position"
      },
      "geometry": {
        "type": "Point",
        "coordinates": [
          10.1825924,
          36.8531569
        ]
      },
      "id": "node/10295304236"
    },
    {
      "type": "Feature",
      "properties": {
        "@id": "node/10295304326",
        "bus": "yes",
        "highway": "bus_stop",
        "name": "منزه 8",
        "name:ar": "منزه 8",
        "name:fr": "MENZEH 8",
        "public_transport": "stop_position"
      },
      "geometry": {
        "type": "Point",
        "coordinates": [
          10.1784886,
          36.8482694
        ]
      },
      "id": "node/10295304326"
    },
    {
      "type": "Feature",
      "properties": {
        "@id": "node/10295304522",
        "bus": "yes",
        "highway": "bus_stop",
        "name": "العنبرية",
        "name:ar": "العنبرية",
        "name:fr": "EL ANBARIA",
        "public_transport": "stop_position"
      },
      "geometry": {
        "type": "Point",
        "coordinates": [
          10.1836125,
          36.8511265
        ]
      },
      "id": "node/10295304522"
    },
    {
      "type": "Feature",
      "properties": {
        "@id": "node/10295304321",
        "bus": "yes",
        "highway": "bus_stop",
        "name": "منزه 6",
        "name:ar": "منزه 6",
        "name:fr": "MENZEH 6",
        "public_transport": "stop_position"
      },
      "geometry": {
        "type": "Point",
        "coordinates": [
          10.1748199,
          36.8553709
        ]
      },
      "id": "node/10295304321"
    },
    {
      "type": "Feature",
      "properties": {
        "@id": "node/10295304322",
        "bus": "yes",
        "highway": "bus_stop",
        "name": "منتزه المنزه 7",
        "name:ar": "منتزه المنزه 7",
        "name:fr": "MENTAZEH MENZEH 7",
        "public_transport": "stop_position"
      },
      "geometry": {
        "type": "Point",
        "coordinates": [
          10.1753671,
          36.854212
        ]
      },
      "id": "node/10295304322"
    },
    {
      "type": "Feature",
      "properties": {
        "@id": "node/10295304323",
        "bus": "yes",
        "highway": "bus_stop",
        "name": "منزه 7",
        "name:ar": "منزه 7",
        "name:fr": "MENZEH 7",
        "public_transport": "stop_position"
      },
      "geometry": {
        "type": "Point",
        "coordinates": [
          10.1762254,
          36.8542635
        ]
      },
      "id": "node/10295304323"
    },
    {
      "type": "Feature",
      "properties": {
        "@id": "node/10295304234",
        "bus": "yes",
        "highway": "bus_stop",
        "name": "نهاية خط حى الملاحة",
        "name:ar": "نهاية خط حى الملاحة",
        "name:fr": "TERMINUS CITÉ EL MALLAHA",
        "public_transport": "stop_position"
      },
      "geometry": {
        "type": "Point",
        "coordinates": [
          10.1833541,
          36.85702
        ]
      },
      "id": "node/10295304234"
    },
    {
      "type": "Feature",
      "properties": {
        "@id": "node/10295304235",
        "bus": "yes",
        "highway": "bus_stop",
        "name": "أريانة العليا",
        "name:ar": "أريانة العليا",
        "name:fr": "ARIANA SUPÉRIEUR",
        "public_transport": "stop_position"
      },
      "geometry": {
        "type": "Point",
        "coordinates": [
          10.1837136,
          36.8558868
        ]
      },
      "id": "node/10295304235"
    },
    {
      "type": "Feature",
      "properties": {
        "@id": "node/10295304340",
        "bus": "yes",
        "highway": "bus_stop",
        "name": "معهد اريانة",
        "name:ar": "معهد اريانة",
        "name:fr": "LYCEE ARIANA",
        "public_transport": "stop_position"
      },
      "geometry": {
        "type": "Point",
        "coordinates": [
          10.1843751,
          36.8518082
        ]
      },
      "id": "node/10295304340"
    },
    {
      "type": "Feature",
      "properties": {
        "@id": "node/10295304523",
        "bus": "yes",
        "highway": "bus_stop",
        "name": "معهد خير الدين",
        "name:ar": "معهد خير الدين",
        "name:fr": "LYCÉE KHEREDINNE",
        "public_transport": "stop_position"
      },
      "geometry": {
        "type": "Point",
        "coordinates": [
          10.1852164,
          36.8531309
        ]
      },
      "id": "node/10295304523"
    },
    {
      "type": "Feature",
      "properties": {
        "@id": "node/10295304379",
        "bus": "yes",
        "highway": "bus_stop",
        "name": "محطة باب حديد",
        "name:ar": "محطة باب حديد",
        "name:fr": "Arrêt BAB HADID",
        "public_transport": "stop_position"
      },
      "geometry": {
        "type": "Point",
        "coordinates": [
          10.1885869,
          36.8581935
        ]
      },
      "id": "node/10295304379"
    },
    {
      "type": "Feature",
      "properties": {
        "@id": "node/10295304524",
        "bus": "yes",
        "highway": "bus_stop",
        "name": "مركز البريد",
        "name:ar": "مركز البريد",
        "name:fr": "LA POSTE",
        "public_transport": "stop_position"
      },
      "geometry": {
        "type": "Point",
        "coordinates": [
          10.1878432,
          36.8557499
        ]
      },
      "id": "node/10295304524"
    },
    {
      "type": "Feature",
      "properties": {
        "@id": "node/5815305349",
        "light_rail": "yes",
        "name": "الاستقلال",
        "name:ar": "الاستقلال",
        "name:fr": "L'Indépendance",
        "public_transport": "station",
        "railway": "station"
      },
      "geometry": {
        "type": "Point",
        "coordinates": [
          10.195916,
          36.8543919
        ]
      },
      "id": "node/5815305349"
    },
    {
      "type": "Feature",
      "properties": {
        "@id": "node/8944356332",
        "bus": "yes",
        "highway": "bus_stop",
        "public_transport": "platform"
      },
      "geometry": {
        "type": "Point",
        "coordinates": [
          10.1914715,
          36.8581567
        ]
      },
      "id": "node/8944356332"
    },
    {
      "type": "Feature",
      "properties": {
        "@id": "node/10295304332",
        "bus": "yes",
        "highway": "bus_stop",
        "name": "مبيت اريانة",
        "name:ar": "مبيت اريانة",
        "name:fr": "FOYER ARIANA",
        "public_transport": "stop_position"
      },
      "geometry": {
        "type": "Point",
        "coordinates": [
          10.194707,
          36.8584957
        ]
      },
      "id": "node/10295304332"
    },
    {
      "type": "Feature",
      "properties": {
        "@id": "node/10295304525",
        "bus": "yes",
        "highway": "bus_stop",
        "name": "ساحة سالا",
        "name:ar": "ساحة سالا",
        "name:fr": "Place SALA CENTRE",
        "public_transport": "stop_position"
      },
      "geometry": {
        "type": "Point",
        "coordinates": [
          10.1914205,
          36.8581404
        ]
      },
      "id": "node/10295304525"
    },
    {
      "type": "Feature",
      "properties": {
        "@id": "node/10295304339",
        "bus": "yes",
        "highway": "bus_stop",
        "name": "مستشفي محمود الماطري",
        "name:ar": "مستشفي محمود الماطري",
        "name:fr": "HÔPITAL MAHMOUDE EL MATRI 6P",
        "public_transport": "stop_position"
      },
      "geometry": {
        "type": "Point",
        "coordinates": [
          10.1827336,
          36.8668478
        ]
      },
      "id": "node/10295304339"
    },
    {
      "type": "Feature",
      "properties": {
        "@id": "node/10295304338",
        "bus": "yes",
        "highway": "bus_stop",
        "name": "نهاية خط 6",
        "name:ar": "نهاية خط 6",
        "name:fr": "Terminus 6P",
        "public_transport": "stop_position"
      },
      "geometry": {
        "type": "Point",
        "coordinates": [
          10.1787163,
          36.8705369
        ]
      },
      "id": "node/10295304338"
    },
    {
      "type": "Feature",
      "properties": {
        "@id": "node/10295304528",
        "bus": "yes",
        "highway": "bus_stop",
        "name": "مستشفي محمود الماطري",
        "name:ar": "مستشفي محمود الماطري",
        "name:fr": "HÔPITAL MAHMOUD MATRI",
        "public_transport": "stop_position"
      },
      "geometry": {
        "type": "Point",
        "coordinates": [
          10.1839567,
          36.8678092
        ]
      },
      "id": "node/10295304528"
    },
    {
      "type": "Feature",
      "properties": {
        "@id": "node/10295304529",
        "bus": "yes",
        "highway": "bus_stop",
        "name": "توبان 2",
        "name:ar": "توبان 2",
        "name:fr": "TOUBEN 2",
        "public_transport": "stop_position"
      },
      "geometry": {
        "type": "Point",
        "coordinates": [
          10.1821533,
          36.8716035
        ]
      },
      "id": "node/10295304529"
    },
    {
      "type": "Feature",
      "properties": {
        "@id": "node/8951637929",
        "bus": "yes",
        "highway": "bus_stop",
        "public_transport": "platform"
      },
      "geometry": {
        "type": "Point",
        "coordinates": [
          10.1872329,
          36.8619328
        ]
      },
      "id": "node/8951637929"
    },
    {
      "type": "Feature",
      "properties": {
        "@id": "node/10295304526",
        "bus": "yes",
        "highway": "bus_stop",
        "name": "ماقرو",
        "name:ar": "ماقرو",
        "name:fr": "MAGRO",
        "public_transport": "stop_position"
      },
      "geometry": {
        "type": "Point",
        "coordinates": [
          10.1872281,
          36.8619428
        ]
      },
      "id": "node/10295304526"
    },
    {
      "type": "Feature",
      "properties": {
        "@id": "node/10295304527",
        "bus": "yes",
        "highway": "bus_stop",
        "name": "حي الليل",
        "name:ar": "حي الليل",
        "name:fr": "CITÉ ELLIL",
        "public_transport": "stop_position"
      },
      "geometry": {
        "type": "Point",
        "coordinates": [
          10.184551,
          36.8665297
        ]
      },
      "id": "node/10295304527"
    },
    {
      "type": "Feature",
      "properties": {
        "@id": "node/10295304233",
        "bus": "yes",
        "highway": "bus_stop",
        "name": "مقهي لسكال",
        "name:ar": "مقهي لسكال",
        "name:fr": "CAFÉ LESKALE",
        "public_transport": "stop_position"
      },
      "geometry": {
        "type": "Point",
        "coordinates": [
          10.1853985,
          36.8730396
        ]
      },
      "id": "node/10295304233"
    },
    {
      "type": "Feature",
      "properties": {
        "@id": "node/10295303655",
        "bus": "yes",
        "highway": "bus_stop",
        "name": "حي نزهة",
        "name:ar": "حي نزهة",
        "name:fr": "CITÉ NOZHA",
        "public_transport": "stop_position"
      },
      "geometry": {
        "type": "Point",
        "coordinates": [
          10.1950961,
          36.8684561
        ]
      },
      "id": "node/10295303655"
    },
    {
      "type": "Feature",
      "properties": {
        "@id": "node/5815305352",
        "light_rail": "yes",
        "name": "أريانة",
        "name:ar": "أريانة",
        "name:en": "Ariana",
        "name:fr": "Ariana",
        "public_transport": "station",
        "railway": "station",
        "station": "light_rail",
        "wikidata": "Q110929018"
      },
      "geometry": {
        "type": "Point",
        "coordinates": [
          10.1974786,
          36.8597606
        ]
      },
      "id": "node/5815305352"
    },
    {
      "type": "Feature",
      "properties": {
        "@id": "node/8941732174",
        "public_transport": "station",
        "railway": "station",
        "station": "subway",
        "subway": "yes"
      },
      "geometry": {
        "type": "Point",
        "coordinates": [
          10.1975391,
          36.8598041
        ]
      },
      "id": "node/8941732174"
    },
    {
      "type": "Feature",
      "properties": {
        "@id": "node/10295304246",
        "bus": "yes",
        "highway": "bus_stop",
        "name": "حي النزهة",
        "name:ar": "حي النزهة",
        "name:fr": "CITÉ ENOZHA",
        "public_transport": "stop_position"
      },
      "geometry": {
        "type": "Point",
        "coordinates": [
          10.1990933,
          36.860076
        ]
      },
      "id": "node/10295304246"
    },
    {
      "type": "Feature",
      "properties": {
        "@id": "node/10295304422",
        "amenity": "bus_station",
        "bus": "yes",
        "highway": "bus_stop",
        "name": "محطة ترابط اريانة",
        "name:ar": "محطة ترابط اريانة",
        "name:fr": "station de rabattement Ariana",
        "operator": "TransTu",
        "public_transport": "station"
      },
      "geometry": {
        "type": "Point",
        "coordinates": [
          10.1981876,
          36.8601659
        ]
      },
      "id": "node/10295304422"
    },
    {
      "type": "Feature",
      "properties": {
        "@id": "node/10295304423",
        "bus": "yes",
        "highway": "bus_stop",
        "name": "الشرقية 2",
        "name:ar": "الشرقية 2",
        "name:fr": "CHARGUIA 2",
        "public_transport": "stop_position"
      },
      "geometry": {
        "type": "Point",
        "coordinates": [
          10.2028332,
          36.8543199
        ]
      },
      "id": "node/10295304423"
    },
    {
      "type": "Feature",
      "properties": {
        "@id": "node/13965378258",
        "bus": "yes",
        "highway": "bus_stop",
        "name": "الحجز البلدي",
        "operator": "TransTu",
        "public_transport": "platform"
      },
      "geometry": {
        "type": "Point",
        "coordinates": [
          10.1988283,
          36.8592943
        ]
      },
      "id": "node/13965378258"
    },
    {
      "type": "Feature",
      "properties": {
        "@id": "node/10295304203",
        "bus": "yes",
        "highway": "bus_stop",
        "name": "مقهي حميد 18 ت",
        "name:ar": "مقهي حميد 18 ت",
        "name:fr": "CAFÉ HAMIED 18C",
        "public_transport": "stop_position"
      },
      "geometry": {
        "type": "Point",
        "coordinates": [
          10.2056328,
          36.8593094
        ]
      },
      "id": "node/10295304203"
    },
    {
      "type": "Feature",
      "properties": {
        "@id": "node/6234568190",
        "bus": "yes",
        "highway": "bus_stop",
        "name": "SNT 635",
        "public_transport": "platform"
      },
      "geometry": {
        "type": "Point",
        "coordinates": [
          10.2171568,
          36.8477843
        ]
      },
      "id": "node/6234568190"
    },
    {
      "type": "Feature",
      "properties": {
        "@id": "node/10295304346",
        "bus": "yes",
        "highway": "bus_stop",
        "name": "مطارتونس قرطاج",
        "name:ar": "مطارتونس قرطاج",
        "name:fr": "AÉROPORT TUNIS CARTHAGE",
        "public_transport": "stop_position"
      },
      "geometry": {
        "type": "Point",
        "coordinates": [
          10.2172345,
          36.8476666
        ]
      },
      "id": "node/10295304346"
    },
    {
      "type": "Feature",
      "properties": {
        "@id": "node/10295304239",
        "bus": "yes",
        "highway": "bus_stop",
        "name": "نهاية خط النخيلات",
        "name:ar": "نهاية خط النخيلات",
        "name:fr": "Terminus ENKHILET",
        "public_transport": "stop_position"
      },
      "geometry": {
        "type": "Point",
        "coordinates": [
          10.1985092,
          36.8668598
        ]
      },
      "id": "node/10295304239"
    },
    {
      "type": "Feature",
      "properties": {
        "@id": "node/10295304240",
        "bus": "yes",
        "highway": "bus_stop",
        "name": "المنصورة",
        "name:ar": "المنصورة",
        "name:fr": "EL MANSOURA",
        "public_transport": "stop_position"
      },
      "geometry": {
        "type": "Point",
        "coordinates": [
          10.1990773,
          36.8670375
        ]
      },
      "id": "node/10295304240"
    },
    {
      "type": "Feature",
      "properties": {
        "@id": "node/10295304241",
        "bus": "yes",
        "highway": "bus_stop",
        "name": "حي الزهاني",
        "name:ar": "حي الزهاني",
        "name:fr": "CITÉ EZHENI",
        "public_transport": "stop_position"
      },
      "geometry": {
        "type": "Point",
        "coordinates": [
          10.1996663,
          36.8672168
        ]
      },
      "id": "node/10295304241"
    },
    {
      "type": "Feature",
      "properties": {
        "@id": "node/10295304243",
        "bus": "yes",
        "highway": "bus_stop",
        "name": "مركز شرطة-قسم",
        "name:ar": "مركز شرطة-قسم",
        "name:fr": "POSTE POLICE BORJE LOUZIR (SECTION)",
        "public_transport": "stop_position"
      },
      "geometry": {
        "type": "Point",
        "coordinates": [
          10.199982,
          36.8658408
        ]
      },
      "id": "node/10295304243"
    },
    {
      "type": "Feature",
      "properties": {
        "@id": "node/10295304244",
        "bus": "yes",
        "highway": "bus_stop",
        "name": "برج الوزير 2",
        "name:ar": "برج الوزير 2",
        "name:fr": "Borj LOUZIR 2",
        "public_transport": "stop_position"
      },
      "geometry": {
        "type": "Point",
        "coordinates": [
          10.2013464,
          36.865677
        ]
      },
      "id": "node/10295304244"
    },
    {
      "type": "Feature",
      "properties": {
        "@id": "node/10295304245",
        "bus": "yes",
        "highway": "bus_stop",
        "name": "برج الوزير",
        "name:ar": "برج الوزير",
        "name:fr": "Borj LOUZIR",
        "public_transport": "stop_position"
      },
      "geometry": {
        "type": "Point",
        "coordinates": [
          10.2011313,
          36.864771
        ]
      },
      "id": "node/10295304245"
    },
    {
      "type": "Feature",
      "properties": {
        "@id": "node/10295304242",
        "bus": "yes",
        "highway": "bus_stop",
        "name": "مقهي حميد",
        "name:ar": "مقهي حميد",
        "name:fr": "CAFÉ HMIED",
        "public_transport": "stop_position"
      },
      "geometry": {
        "type": "Point",
        "coordinates": [
          10.2001019,
          36.8673379
        ]
      },
      "id": "node/10295304242"
    },
    {
      "type": "Feature",
      "properties": {
        "@id": "node/10295304238",
        "bus": "yes",
        "highway": "bus_stop",
        "name": "سيدي سفيان",
        "name:ar": "سيدي سفيان",
        "name:fr": "SIDI SOUFIENE",
        "public_transport": "stop_position"
      },
      "geometry": {
        "type": "Point",
        "coordinates": [
          10.2084639,
          36.8677833
        ]
      },
      "id": "node/10295304238"
    },
    {
      "type": "Feature",
      "properties": {
        "@id": "node/10295304201",
        "bus": "yes",
        "highway": "bus_stop",
        "name": "مونوبري",
        "name:ar": "مونوبري",
        "name:fr": "MONOPRIX",
        "public_transport": "stop_position"
      },
      "geometry": {
        "type": "Point",
        "coordinates": [
          10.2153531,
          36.8635327
        ]
      },
      "id": "node/10295304201"
    },
    {
      "type": "Feature",
      "properties": {
        "@id": "node/10295303641",
        "bus": "yes",
        "highway": "bus_stop",
        "name": "دح دح 28د",
        "name:ar": "دح دح 28د",
        "name:fr": "DAH DAH 28D",
        "public_transport": "stop_position"
      },
      "geometry": {
        "type": "Point",
        "coordinates": [
          10.2240434,
          36.833621
        ]
      },
      "id": "node/10295303641"
    },
    {
      "type": "Feature",
      "properties": {
        "@id": "node/10295303691",
        "bus": "yes",
        "highway": "bus_stop",
        "name": "دح دح",
        "name:ar": "دح دح",
        "name:fr": "DAH DAH",
        "public_transport": "stop_position"
      },
      "geometry": {
        "type": "Point",
        "coordinates": [
          10.2242795,
          36.8353384
        ]
      },
      "id": "node/10295303691"
    },
    {
      "type": "Feature",
      "properties": {
        "@id": "node/7713730783",
        "bus": "yes",
        "highway": "bus_stop",
        "name": "البحيرة",
        "name:ar": "البحيرة",
        "public_transport": "platform"
      },
      "geometry": {
        "type": "Point",
        "coordinates": [
          10.232563,
          36.8377978
        ]
      },
      "id": "node/7713730783"
    },
    {
      "type": "Feature",
      "properties": {
        "@id": "node/10295303690",
        "bus": "yes",
        "highway": "bus_stop",
        "name": "قصر البحيرة",
        "name:ar": "قصر البحيرة",
        "name:fr": "LAC PALACE",
        "public_transport": "stop_position"
      },
      "geometry": {
        "type": "Point",
        "coordinates": [
          10.238269,
          36.8393019
        ]
      },
      "id": "node/10295303690"
    },
    {
      "type": "Feature",
      "properties": {
        "@id": "node/10295304202",
        "bus": "yes",
        "highway": "bus_stop",
        "name": "حمادي عبيد",
        "name:ar": "حمادي عبيد",
        "name:fr": "HAMADI ABID",
        "public_transport": "stop_position"
      },
      "geometry": {
        "type": "Point",
        "coordinates": [
          10.2237216,
          36.8671893
        ]
      },
      "id": "node/10295304202"
    },
    {
      "type": "Feature",
      "properties": {
        "@id": "node/10295304150",
        "bus": "yes",
        "highway": "bus_stop",
        "name": "نادي الأمن الوطني",
        "name:ar": "نادي الأمن الوطني",
        "name:fr": "CLUB de la POLICE NATIONAL",
        "public_transport": "stop_position"
      },
      "geometry": {
        "type": "Point",
        "coordinates": [
          10.2361353,
          36.8735254
        ]
      },
      "id": "node/10295304150"
    },
    {
      "type": "Feature",
      "properties": {
        "@id": "node/10295304199",
        "bus": "yes",
        "highway": "bus_stop",
        "name": "شال سكرة",
        "name:ar": "شال سكرة",
        "name:fr": "SHELL SOUKRA",
        "public_transport": "stop_position"
      },
      "geometry": {
        "type": "Point",
        "coordinates": [
          10.230685,
          36.870324
        ]
      },
      "id": "node/10295304199"
    },
    {
      "type": "Feature",
      "properties": {
        "@id": "node/10295304198",
        "bus": "yes",
        "highway": "bus_stop",
        "name": "شارع المطار",
        "name:ar": "شارع المطار",
        "name:fr": "RUE AÉROPORT",
        "public_transport": "stop_position"
      },
      "geometry": {
        "type": "Point",
        "coordinates": [
          10.237927,
          36.8736198
        ]
      },
      "id": "node/10295304198"
    },
    {
      "type": "Feature",
      "properties": {
        "@id": "node/10295304170",
        "bus": "yes",
        "highway": "bus_stop",
        "name": "دار فضال",
        "name:ar": "دار فضال",
        "name:fr": "DAR FADHAL",
        "public_transport": "stop_position"
      },
      "geometry": {
        "type": "Point",
        "coordinates": [
          10.2496214,
          36.8687533
        ]
      },
      "id": "node/10295304170"
    },
    {
      "type": "Feature",
      "properties": {
        "@id": "node/10295304171",
        "bus": "yes",
        "highway": "bus_stop",
        "name": "رأس الجدير",
        "name:ar": "رأس الجدير",
        "name:fr": "RAS EJDIR",
        "public_transport": "stop_position"
      },
      "geometry": {
        "type": "Point",
        "coordinates": [
          10.2482941,
          36.8708939
        ]
      },
      "id": "node/10295304171"
    },
    {
      "type": "Feature",
      "properties": {
        "@id": "node/10295304169",
        "bus": "yes",
        "highway": "bus_stop",
        "name": "قسم)العوينة)",
        "name:ar": "قسم)العوينة)",
        "name:fr": "EL AOUINA (SECTION)",
        "public_transport": "stop_position"
      },
      "geometry": {
        "type": "Point",
        "coordinates": [
          10.2577326,
          36.8528951
        ]
      },
      "id": "node/10295304169"
    },
    {
      "type": "Feature",
      "properties": {
        "@id": "node/4365999989",
        "addr:city": "العوينة",
        "addr:city:ar": "العوينة",
        "bus": "yes",
        "highway": "bus_stop",
        "name": "العوينة",
        "name:ar": "العوينة",
        "name:fr": "L'aouina",
        "public_transport": "platform",
        "shelter": "yes"
      },
      "geometry": {
        "type": "Point",
        "coordinates": [
          10.2639359,
          36.8491478
        ]
      },
      "id": "node/4365999989"
    },
    {
      "type": "Feature",
      "properties": {
        "@id": "node/10295304168",
        "bus": "yes",
        "highway": "bus_stop",
        "name": "حي الطيب المهيري",
        "name:ar": "حي الطيب المهيري",
        "name:fr": "CITÉ TAIEB MHIRI",
        "public_transport": "stop_position"
      },
      "geometry": {
        "type": "Point",
        "coordinates": [
          10.264062,
          36.8487844
        ]
      },
      "id": "node/10295304168"
    },
    {
      "type": "Feature",
      "properties": {
        "@id": "node/5228247026",
        "bench": "no",
        "bin": "no",
        "bus": "yes",
        "highway": "bus_stop",
        "public_transport": "platform",
        "shelter": "yes"
      },
      "geometry": {
        "type": "Point",
        "coordinates": [
          10.2743253,
          36.8532835
        ]
      },
      "id": "node/5228247026"
    },
    {
      "type": "Feature",
      "properties": {
        "@id": "node/10295304167",
        "bus": "yes",
        "highway": "bus_stop",
        "name": "حي السلام",
        "name:ar": "حي السلام",
        "name:fr": "CITÉ ESSALEM",
        "public_transport": "stop_position"
      },
      "geometry": {
        "type": "Point",
        "coordinates": [
          10.2742226,
          36.8532762
        ]
      },
      "id": "node/10295304167"
    },
    {
      "type": "Feature",
      "properties": {
        "@id": "node/10295303669",
        "bus": "yes",
        "highway": "bus_stop",
        "name": "حي السلام",
        "name:ar": "حي السلام",
        "name:fr": "CITÉ ESSALEM",
        "public_transport": "stop_position"
      },
      "geometry": {
        "type": "Point",
        "coordinates": [
          10.2721039,
          36.8549468
        ]
      },
      "id": "node/10295303669"
    },
    {
      "type": "Feature",
      "properties": {
        "@id": "node/10295304172",
        "bus": "yes",
        "highway": "bus_stop",
        "name": "مقبرة دار فضال",
        "name:ar": "مقبرة دار فضال",
        "name:fr": "CIMETIÈRE DAR FADHAL",
        "public_transport": "stop_position"
      },
      "geometry": {
        "type": "Point",
        "coordinates": [
          10.2528602,
          36.863821
        ]
      },
      "id": "node/10295304172"
    },
    {
      "type": "Feature",
      "properties": {
        "@id": "node/10295304530",
        "bus": "yes",
        "highway": "bus_stop",
        "name": "تقاطع رياض الاندلس",
        "name:ar": "تقاطع رياض الاندلس",
        "name:fr": "Croisement RIADH ANDALOS",
        "public_transport": "stop_position"
      },
      "geometry": {
        "type": "Point",
        "coordinates": [
          10.1784243,
          36.8781743
        ]
      },
      "id": "node/10295304530"
    },
    {
      "type": "Feature",
      "properties": {
        "@id": "node/10295304531",
        "bus": "yes",
        "highway": "bus_stop",
        "name": "معمل الرخام",
        "name:ar": "معمل الرخام",
        "name:fr": "MARBRERIE",
        "public_transport": "stop_position"
      },
      "geometry": {
        "type": "Point",
        "coordinates": [
          10.1778886,
          36.8801859
        ]
      },
      "id": "node/10295304531"
    },
    {
      "type": "Feature",
      "properties": {
        "@id": "node/10295304386",
        "bus": "yes",
        "highway": "bus_stop",
        "name": "حي الغزالة",
        "name:ar": "حي الغزالة",
        "name:fr": "CITÉ EL GHAZELA",
        "public_transport": "stop_position"
      },
      "geometry": {
        "type": "Point",
        "coordinates": [
          10.1754349,
          36.8817704
        ]
      },
      "id": "node/10295304386"
    },
    {
      "type": "Feature",
      "properties": {
        "@id": "node/10295304231",
        "bus": "yes",
        "highway": "bus_stop",
        "public_transport": "stop_position"
      },
      "geometry": {
        "type": "Point",
        "coordinates": [
          10.1856544,
          36.8799106
        ]
      },
      "id": "node/10295304231"
    },
    {
      "type": "Feature",
      "properties": {
        "@id": "node/10295304232",
        "bus": "yes",
        "highway": "bus_stop",
        "name": "لكراد",
        "name:ar": "لكراد",
        "name:fr": "LAKRADE",
        "public_transport": "stop_position"
      },
      "geometry": {
        "type": "Point",
        "coordinates": [
          10.1861866,
          36.8771309
        ]
      },
      "id": "node/10295304232"
    },
    {
      "type": "Feature",
      "properties": {
        "@id": "node/5252436714",
        "bus": "yes",
        "highway": "bus_stop",
        "network": "27A, 527, TUT",
        "public_transport": "platform",
        "shelter": "yes"
      },
      "geometry": {
        "type": "Point",
        "coordinates": [
          10.1735744,
          36.889872
        ]
      },
      "id": "node/5252436714"
    },
    {
      "type": "Feature",
      "properties": {
        "@id": "node/5252450543",
        "bus": "yes",
        "highway": "bus_stop",
        "network": "27A, 527, TUT",
        "public_transport": "platform",
        "shelter": "yes"
      },
      "geometry": {
        "type": "Point",
        "coordinates": [
          10.1764377,
          36.8896586
        ]
      },
      "id": "node/5252450543"
    },
    {
      "type": "Feature",
      "properties": {
        "@id": "node/10295304214",
        "bus": "yes",
        "highway": "bus_stop",
        "name": "مغازة عزيزة",
        "name:ar": "مغازة عزيزة",
        "name:fr": "MAGAZIN AZIZA",
        "public_transport": "stop_position"
      },
      "geometry": {
        "type": "Point",
        "coordinates": [
          10.1713529,
          36.8911864
        ]
      },
      "id": "node/10295304214"
    },
    {
      "type": "Feature",
      "properties": {
        "@id": "node/10295304215",
        "brand:wikidata": "Q3542108",
        "bus": "yes",
        "highway": "bus_stop",
        "name": "إتصالات تونس الغزالة",
        "name:ar": "إتصالات تونس الغزالة",
        "name:fr": "Tunisie Télécom El Ghazela",
        "operator:wikidata": "Q3542108",
        "public_transport": "stop_position"
      },
      "geometry": {
        "type": "Point",
        "coordinates": [
          10.172304,
          36.8900809
        ]
      },
      "id": "node/10295304215"
    },
    {
      "type": "Feature",
      "properties": {
        "@id": "node/10295304216",
        "bus": "yes",
        "highway": "bus_stop",
        "name": "قاعة بدر",
        "name:ar": "قاعة بدر",
        "name:fr": "SALON BADER",
        "public_transport": "stop_position"
      },
      "geometry": {
        "type": "Point",
        "coordinates": [
          10.1800604,
          36.8902563
        ]
      },
      "id": "node/10295304216"
    },
    {
      "type": "Feature",
      "properties": {
        "@id": "node/10295304229",
        "bus": "yes",
        "highway": "bus_stop",
        "name": "معهد الوفاء",
        "name:ar": "معهد الوفاء",
        "name:fr": "LYCÉE EL WAFA",
        "public_transport": "stop_position"
      },
      "geometry": {
        "type": "Point",
        "coordinates": [
          10.1812588,
          36.8920697
        ]
      },
      "id": "node/10295304229"
    },
    {
      "type": "Feature",
      "properties": {
        "@id": "node/10295304230",
        "bus": "yes",
        "highway": "bus_stop",
        "name": "الغزالة",
        "name:ar": "الغزالة",
        "name:fr": "EL GHAZELA",
        "public_transport": "stop_position"
      },
      "geometry": {
        "type": "Point",
        "coordinates": [
          10.1820495,
          36.8897019
        ]
      },
      "id": "node/10295304230"
    },
    {
      "type": "Feature",
      "properties": {
        "@id": "node/10295304227",
        "bus": "yes",
        "highway": "bus_stop",
        "name": "جعفر 1",
        "name:ar": "جعفر 1",
        "name:fr": "JAAFER 1",
        "public_transport": "stop_position"
      },
      "geometry": {
        "type": "Point",
        "coordinates": [
          10.1808367,
          36.899818
        ]
      },
      "id": "node/10295304227"
    },
    {
      "type": "Feature",
      "properties": {
        "@id": "node/10295304228",
        "bus": "yes",
        "highway": "bus_stop",
        "name": "أريانة الصغري",
        "name:ar": "أريانة الصغري",
        "name:fr": "LA PETITE ARIANA",
        "public_transport": "stop_position"
      },
      "geometry": {
        "type": "Point",
        "coordinates": [
          10.1807791,
          36.8976472
        ]
      },
      "id": "node/10295304228"
    },
    {
      "type": "Feature",
      "properties": {
        "@id": "node/10295304237",
        "bus": "yes",
        "highway": "bus_stop",
        "name": "نهاية الخط سيدي سفيان",
        "name:ar": "نهاية الخط سيدي سفيان",
        "name:fr": "Terminus SIDI SOUFIENE",
        "public_transport": "stop_position"
      },
      "geometry": {
        "type": "Point",
        "coordinates": [
          10.2192893,
          36.8738772
        ]
      },
      "id": "node/10295304237"
    },
    {
      "type": "Feature",
      "properties": {
        "@id": "node/10295304152",
        "bus": "yes",
        "highway": "bus_stop",
        "name": "سيدي صالح",
        "name:ar": "سيدي صالح",
        "name:fr": "SIDI SALAH",
        "public_transport": "stop_position"
      },
      "geometry": {
        "type": "Point",
        "coordinates": [
          10.2212754,
          36.884337
        ]
      },
      "id": "node/10295304152"
    },
    {
      "type": "Feature",
      "properties": {
        "@id": "node/10295304151",
        "bus": "yes",
        "highway": "bus_stop",
        "name": "ديوان التطهير سيدي صالح",
        "name:ar": "ديوان التطهير سيدي صالح",
        "name:fr": "ONAS SIDI SALAH",
        "public_transport": "stop_position"
      },
      "geometry": {
        "type": "Point",
        "coordinates": [
          10.211534,
          36.8921132
        ]
      },
      "id": "node/10295304151"
    },
    {
      "type": "Feature",
      "properties": {
        "@id": "node/10295304153",
        "bus": "yes",
        "highway": "bus_stop",
        "name": "جامع سيدي صالح",
        "name:ar": "جامع سيدي صالح",
        "name:fr": "MOSQUÉE SIDI SALAH",
        "public_transport": "stop_position"
      },
      "geometry": {
        "type": "Point",
        "coordinates": [
          10.2150317,
          36.8886294
        ]
      },
      "id": "node/10295304153"
    },
    {
      "type": "Feature",
      "properties": {
        "@id": "node/10295304225",
        "bus": "yes",
        "highway": "bus_stop",
        "name": "جامع جعفر",
        "name:ar": "جامع جعفر",
        "name:fr": "MOSQUÉE JAAFER",
        "public_transport": "stop_position"
      },
      "geometry": {
        "type": "Point",
        "coordinates": [
          10.1803201,
          36.9044651
        ]
      },
      "id": "node/10295304225"
    },
    {
      "type": "Feature",
      "properties": {
        "@id": "node/10295304226",
        "bus": "yes",
        "highway": "bus_stop",
        "name": "جعفر السبال",
        "name:ar": "جعفر السبال",
        "name:fr": "JAAFER ESSEBELLE",
        "public_transport": "stop_position"
      },
      "geometry": {
        "type": "Point",
        "coordinates": [
          10.1804931,
          36.903139
        ]
      },
      "id": "node/10295304226"
    },
    {
      "type": "Feature",
      "properties": {
        "@id": "node/10295304224",
        "bus": "yes",
        "highway": "bus_stop",
        "name": "أورنج",
        "name:ar": "أورنج",
        "name:fr": "ORANGE",
        "public_transport": "stop_position"
      },
      "geometry": {
        "type": "Point",
        "coordinates": [
          10.1790071,
          36.9080483
        ]
      },
      "id": "node/10295304224"
    },
    {
      "type": "Feature",
      "properties": {
        "@id": "node/10295304155",
        "bus": "yes",
        "highway": "bus_stop",
        "name": "قاعة أفراح الزيتونة",
        "name:ar": "قاعة أفراح الزيتونة",
        "name:fr": "SALLE des FÊTES EZITOUNA",
        "public_transport": "stop_position"
      },
      "geometry": {
        "type": "Point",
        "coordinates": [
          10.2324823,
          36.8767104
        ]
      },
      "id": "node/10295304155"
    },
    {
      "type": "Feature",
      "properties": {
        "@id": "node/10295304154",
        "bus": "yes",
        "highway": "bus_stop",
        "name": "جامعة آبن خلدون",
        "name:ar": "جامعة آبن خلدون",
        "name:fr": "UNIVERSITÉ IBN KHALDOUNE",
        "public_transport": "stop_position"
      },
      "geometry": {
        "type": "Point",
        "coordinates": [
          10.2283993,
          36.880973
        ]
      },
      "id": "node/10295304154"
    },
    {
      "type": "Feature",
      "properties": {
        "@id": "node/10295304178",
        "bus": "yes",
        "highway": "bus_stop",
        "name": "قولف قرطاج",
        "name:ar": "قولف قرطاج",
        "name:fr": "GOLFE DE CARTHAGE",
        "public_transport": "stop_position"
      },
      "geometry": {
        "type": "Point",
        "coordinates": [
          10.2426687,
          36.8782782
        ]
      },
      "id": "node/10295304178"
    },
    {
      "type": "Feature",
      "properties": {
        "@id": "node/10295304179",
        "bus": "yes",
        "highway": "bus_stop",
        "name": "مدرسة سكرة",
        "name:ar": "مدرسة سكرة",
        "name:fr": "E.P SOUKRA",
        "public_transport": "stop_position"
      },
      "geometry": {
        "type": "Point",
        "coordinates": [
          10.2451363,
          36.8760812
        ]
      },
      "id": "node/10295304179"
    },
    {
      "type": "Feature",
      "properties": {
        "@id": "node/10295304197",
        "bus": "yes",
        "highway": "bus_stop",
        "name": "مطعم لوبوف",
        "name:ar": "مطعم لوبوف",
        "name:fr": "RESTAURANT LE BOEUF",
        "public_transport": "stop_position"
      },
      "geometry": {
        "type": "Point",
        "coordinates": [
          10.2475955,
          36.8769859
        ]
      },
      "id": "node/10295304197"
    },
    {
      "type": "Feature",
      "properties": {
        "@id": "node/10295304200",
        "bus": "yes",
        "highway": "bus_stop",
        "name": "مكتب بريد سكرة",
        "name:ar": "مكتب بريد سكرة",
        "name:fr": "P.T.T SOUKRA",
        "public_transport": "stop_position"
      },
      "geometry": {
        "type": "Point",
        "coordinates": [
          10.2436779,
          36.8747021
        ]
      },
      "id": "node/10295304200"
    },
    {
      "type": "Feature",
      "properties": {
        "@id": "node/10295304175",
        "bus": "yes",
        "highway": "bus_stop",
        "name": "قناة حنبعل",
        "name:ar": "قناة حنبعل",
        "name:fr": "TV HANNIBAL",
        "public_transport": "stop_position"
      },
      "geometry": {
        "type": "Point",
        "coordinates": [
          10.2390857,
          36.8835235
        ]
      },
      "id": "node/10295304175"
    },
    {
      "type": "Feature",
      "properties": {
        "@id": "node/10295304176",
        "bus": "yes",
        "highway": "bus_stop",
        "name": "مقهي البلبولي",
        "name:ar": "مقهي البلبولي",
        "name:fr": "CAFÉ BALBOULI",
        "public_transport": "stop_position"
      },
      "geometry": {
        "type": "Point",
        "coordinates": [
          10.2367687,
          36.881028
        ]
      },
      "id": "node/10295304176"
    },
    {
      "type": "Feature",
      "properties": {
        "@id": "node/10295304177",
        "bus": "yes",
        "highway": "bus_stop",
        "name": "نادي المحامين",
        "name:ar": "نادي المحامين",
        "name:fr": "CLUB des AVOCAT",
        "public_transport": "stop_position"
      },
      "geometry": {
        "type": "Point",
        "coordinates": [
          10.239493,
          36.8804581
        ]
      },
      "id": "node/10295304177"
    },
    {
      "type": "Feature",
      "properties": {
        "@id": "node/10295304173",
        "bus": "yes",
        "name": "3 شطرانة",
        "name:ar": "3 شطرانة",
        "name:fr": "CHOTRANA 3",
        "public_transport": "stop_position"
      },
      "geometry": {
        "type": "Point",
        "coordinates": [
          10.2482683,
          36.8832865
        ]
      },
      "id": "node/10295304173"
    },
    {
      "type": "Feature",
      "properties": {
        "@id": "node/10295304174",
        "bus": "yes",
        "highway": "bus_stop",
        "name": "شطرانة 2",
        "name:ar": "شطرانة 2",
        "name:fr": "CHOTRANA 2",
        "public_transport": "stop_position"
      },
      "geometry": {
        "type": "Point",
        "coordinates": [
          10.2438059,
          36.8852466
        ]
      },
      "id": "node/10295304174"
    },
    {
      "type": "Feature",
      "properties": {
        "@id": "node/10295304195",
        "bus": "yes",
        "highway": "bus_stop",
        "name": "سكرة",
        "name:ar": "سكرة",
        "name:fr": "SOUKRA",
        "public_transport": "stop_position"
      },
      "geometry": {
        "type": "Point",
        "coordinates": [
          10.2607995,
          36.8799224
        ]
      },
      "id": "node/10295304195"
    },
    {
      "type": "Feature",
      "properties": {
        "@id": "node/10295304196",
        "bus": "yes",
        "highway": "bus_stop",
        "name": "نادي الحرس الوطني",
        "name:ar": "نادي الحرس الوطني",
        "name:fr": "CLUB DE GARDE NATIONAL",
        "public_transport": "stop_position"
      },
      "geometry": {
        "type": "Point",
        "coordinates": [
          10.2513449,
          36.8808098
        ]
      },
      "id": "node/10295304196"
    },
    {
      "type": "Feature",
      "properties": {
        "@id": "node/10295304193",
        "bus": "yes",
        "highway": "bus_stop",
        "name": "صيدلية الليل",
        "name:ar": "صيدلية الليل",
        "name:fr": "PHARMACIE DE NUIT",
        "public_transport": "stop_position"
      },
      "geometry": {
        "type": "Point",
        "coordinates": [
          10.2689114,
          36.875755
        ]
      },
      "id": "node/10295304193"
    },
    {
      "type": "Feature",
      "properties": {
        "@id": "node/10295304194",
        "bus": "yes",
        "highway": "bus_stop",
        "name": "جامع سيدي فرج",
        "name:ar": "جامع سيدي فرج",
        "name:fr": "MOSQUÉE SIDI FRAJ",
        "public_transport": "stop_position"
      },
      "geometry": {
        "type": "Point",
        "coordinates": [
          10.2660771,
          36.8778008
        ]
      },
      "id": "node/10295304194"
    },
    {
      "type": "Feature",
      "properties": {
        "@id": "node/10295304192",
        "bus": "yes",
        "highway": "bus_stop",
        "name": "منتزه سكرة",
        "name:ar": "منتزه سكرة",
        "name:fr": "PARC SOUKRA",
        "public_transport": "stop_position"
      },
      "geometry": {
        "type": "Point",
        "coordinates": [
          10.2725601,
          36.8741623
        ]
      },
      "id": "node/10295304192"
    },
    {
      "type": "Feature",
      "properties": {
        "@id": "node/10295303645",
        "bus": "yes",
        "highway": "bus_stop",
        "name": "كارفور ماركت قمرت",
        "name:ar": "كارفور ماركت قمرت",
        "name:fr": "Carrefour Market Gammarth",
        "public_transport": "stop_position"
      },
      "geometry": {
        "type": "Point",
        "coordinates": [
          10.2741171,
          36.9238185
        ]
      },
      "id": "node/10295303645"
    },
    {
      "type": "Feature",
      "properties": {
        "@id": "node/10295305123",
        "bus": "yes",
        "highway": "bus_stop",
        "name": "الخليج",
        "name:ar": "الخليج",
        "name:fr": "EL KHELIJ",
        "public_transport": "stop_position"
      },
      "geometry": {
        "type": "Point",
        "coordinates": [
          10.2886738,
          36.7172617
        ]
      },
      "id": "node/10295305123"
    },
    {
      "type": "Feature",
      "properties": {
        "@id": "node/10295304981",
        "bus": "yes",
        "highway": "bus_stop",
        "name": "مقهي الاحباب",
        "name:ar": "مقهي الاحباب",
        "name:fr": "CAFÉ ELAHBEB",
        "public_transport": "stop_position"
      },
      "geometry": {
        "type": "Point",
        "coordinates": [
          10.295615,
          36.7215821
        ]
      },
      "id": "node/10295304981"
    },
    {
      "type": "Feature",
      "properties": {
        "@id": "node/10295305100",
        "bus": "yes",
        "highway": "bus_stop",
        "name": "حي السنيت بومهل",
        "name:ar": "حي السنيت بومهل",
        "name:fr": "CITÉ SNIT BOUMHEL",
        "public_transport": "stop_position"
      },
      "geometry": {
        "type": "Point",
        "coordinates": [
          10.2956476,
          36.7191022
        ]
      },
      "id": "node/10295305100"
    },
    {
      "type": "Feature",
      "properties": {
        "@id": "node/10295305124",
        "bus": "yes",
        "highway": "bus_stop",
        "name": "البحري",
        "name:ar": "البحري",
        "name:fr": "EL BAHRI",
        "public_transport": "stop_position"
      },
      "geometry": {
        "type": "Point",
        "coordinates": [
          10.2920488,
          36.7185251
        ]
      },
      "id": "node/10295305124"
    },
    {
      "type": "Feature",
      "properties": {
        "@id": "node/10295305128",
        "bus": "yes",
        "highway": "bus_stop",
        "name": "قن",
        "name:ar": "قن",
        "name:fr": "GAN",
        "public_transport": "stop_position"
      },
      "geometry": {
        "type": "Point",
        "coordinates": [
          10.2965496,
          36.7210666
        ]
      },
      "id": "node/10295305128"
    },
    {
      "type": "Feature",
      "properties": {
        "@id": "node/10295304979",
        "bus": "yes",
        "highway": "bus_stop",
        "name": "جامع أمين",
        "name:ar": "جامع أمين",
        "name:fr": "MOSQUÉE AMINE",
        "public_transport": "stop_position"
      },
      "geometry": {
        "type": "Point",
        "coordinates": [
          10.2950473,
          36.7244276
        ]
      },
      "id": "node/10295304979"
    },
    {
      "type": "Feature",
      "properties": {
        "@id": "node/10295304980",
        "bus": "yes",
        "highway": "bus_stop",
        "name": "خليج بومهل",
        "name:ar": "خليج بومهل",
        "name:fr": "KHLIGE BOUMHAL",
        "public_transport": "stop_position"
      },
      "geometry": {
        "type": "Point",
        "coordinates": [
          10.2942533,
          36.7231721
        ]
      },
      "id": "node/10295304980"
    },
    {
      "type": "Feature",
      "properties": {
        "@id": "node/10295304978",
        "bus": "yes",
        "highway": "bus_stop",
        "name": "رياض اطفال الامل بومهل",
        "name:ar": "رياض اطفال الامل بومهل",
        "name:fr": "JARDIN D’ENFANTS ELAMEL BOUMHAL",
        "public_transport": "stop_position"
      },
      "geometry": {
        "type": "Point",
        "coordinates": [
          10.298105,
          36.7257175
        ]
      },
      "id": "node/10295304978"
    },
    {
      "type": "Feature",
      "properties": {
        "@id": "node/10295305127",
        "bus": "yes",
        "highway": "bus_stop",
        "name": "ساحة 14 جانفي",
        "name:ar": "ساحة 14 جانفي",
        "name:fr": "Place 14 Janvier (BOUMHEL)",
        "public_transport": "stop_position"
      },
      "geometry": {
        "type": "Point",
        "coordinates": [
          10.300766,
          36.7243385
        ]
      },
      "id": "node/10295305127"
    },
    {
      "type": "Feature",
      "properties": {
        "@id": "node/10295305131",
        "bus": "yes",
        "highway": "bus_stop",
        "name": "مصحة الزهراوي",
        "name:ar": "مصحة الزهراوي",
        "name:fr": "CLINIQUE EZZAHRAOUI",
        "public_transport": "stop_position"
      },
      "geometry": {
        "type": "Point",
        "coordinates": [
          10.2963763,
          36.7292125
        ]
      },
      "id": "node/10295305131"
    },
    {
      "type": "Feature",
      "properties": {
        "@id": "node/10295305108",
        "bus": "yes",
        "highway": "bus_stop",
        "name": "وادي مليان خط 26أ/ب-82",
        "name:ar": "وادي مليان خط 26أ/ب-82",
        "name:fr": "OUED MELIANE L(26A-B-82)",
        "public_transport": "stop_position"
      },
      "geometry": {
        "type": "Point",
        "coordinates": [
          10.2785458,
          36.7398941
        ]
      },
      "id": "node/10295305108"
    },
    {
      "type": "Feature",
      "properties": {
        "@id": "node/10295305107",
        "bus": "yes",
        "highway": "bus_stop",
        "name": "ONCV برج الوزير",
        "name:ar": "ONCV برج الوزير",
        "name:fr": "ONCV Borj LOUZIR",
        "public_transport": "stop_position"
      },
      "geometry": {
        "type": "Point",
        "coordinates": [
          10.2857556,
          36.7389483
        ]
      },
      "id": "node/10295305107"
    },
    {
      "type": "Feature",
      "properties": {
        "@id": "node/10295304976",
        "bus": "yes",
        "highway": "bus_stop",
        "name": "س.ت.ت.م",
        "name:ar": "س.ت.ت.م",
        "name:fr": "CTTM",
        "public_transport": "stop_position"
      },
      "geometry": {
        "type": "Point",
        "coordinates": [
          10.295197,
          36.7354404
        ]
      },
      "id": "node/10295304976"
    },
    {
      "type": "Feature",
      "properties": {
        "@id": "node/10295304977",
        "bus": "yes",
        "highway": "bus_stop",
        "name": "مخبزة العلاقا",
        "name:ar": "مخبزة العلاقا",
        "name:fr": "BOULANGERIE ELALLGUA",
        "public_transport": "stop_position"
      },
      "geometry": {
        "type": "Point",
        "coordinates": [
          10.2983512,
          36.7305049
        ]
      },
      "id": "node/10295304977"
    },
    {
      "type": "Feature",
      "properties": {
        "@id": "node/10295305104",
        "bus": "yes",
        "highway": "bus_stop",
        "name": "محطة وقود أسو ط.و.1",
        "name:ar": "محطة وقود أسو ط.و.1",
        "name:fr": "GP1 KIOSQUE ESSO",
        "public_transport": "stop_position"
      },
      "geometry": {
        "type": "Point",
        "coordinates": [
          10.2917535,
          36.7382198
        ]
      },
      "id": "node/10295305104"
    },
    {
      "type": "Feature",
      "properties": {
        "@id": "node/10295305106",
        "bus": "yes",
        "highway": "bus_stop",
        "name": "المصرف الصفاقسي",
        "name:ar": "المصرف الصفاقسي",
        "name:fr": "Comptoir Sfaxien",
        "public_transport": "stop_position"
      },
      "geometry": {
        "type": "Point",
        "coordinates": [
          10.2948398,
          36.7378091
        ]
      },
      "id": "node/10295305106"
    },
    {
      "type": "Feature",
      "properties": {
        "@id": "node/10295305105",
        "bus": "yes",
        "highway": "bus_stop",
        "name": "بولينا",
        "name:ar": "بولينا",
        "name:fr": "POULINA",
        "public_transport": "stop_position"
      },
      "geometry": {
        "type": "Point",
        "coordinates": [
          10.2976601,
          36.7370587
        ]
      },
      "id": "node/10295305105"
    },
    {
      "type": "Feature",
      "properties": {
        "@id": "node/10295305129",
        "bus": "yes",
        "highway": "bus_stop",
        "name": "مفترق الزهراء",
        "name:ar": "مفترق الزهراء",
        "name:fr": "Croisement EZZAHRA",
        "public_transport": "stop_position"
      },
      "geometry": {
        "type": "Point",
        "coordinates": [
          10.2999881,
          36.7364498
        ]
      },
      "id": "node/10295305129"
    },
    {
      "type": "Feature",
      "properties": {
        "@id": "node/10295305130",
        "bus": "yes",
        "highway": "bus_stop",
        "name": "كارفورالزهراء",
        "name:ar": "كارفورالزهراء",
        "name:fr": "CARREFOUR EZZAHRA",
        "public_transport": "stop_position"
      },
      "geometry": {
        "type": "Point",
        "coordinates": [
          10.3002592,
          36.7375122
        ]
      },
      "id": "node/10295305130"
    },
    {
      "type": "Feature",
      "properties": {
        "@id": "node/10295305152",
        "bus": "yes",
        "highway": "bus_stop",
        "name": "كيوسك طوطال",
        "name:ar": "كيوسك طوطال",
        "name:fr": "KIOSQUE TOTAL",
        "public_transport": "stop_position"
      },
      "geometry": {
        "type": "Point",
        "coordinates": [
          10.2997889,
          36.7419758
        ]
      },
      "id": "node/10295305152"
    },
    {
      "type": "Feature",
      "properties": {
        "@id": "node/10295304982",
        "bus": "yes",
        "highway": "bus_stop",
        "name": "نهاية خط 75/85",
        "name:ar": "نهاية خط 75/85",
        "name:fr": "Terminus 75 85",
        "public_transport": "stop_position"
      },
      "geometry": {
        "type": "Point",
        "coordinates": [
          10.3061252,
          36.7251325
        ]
      },
      "id": "node/10295304982"
    },
    {
      "type": "Feature",
      "properties": {
        "@id": "node/10295305126",
        "bus": "yes",
        "highway": "bus_stop",
        "name": "شارع البيئة",
        "name:ar": "شارع البيئة",
        "name:fr": "Avenue DE L'ENVIRONNEMENT",
        "public_transport": "stop_position"
      },
      "geometry": {
        "type": "Point",
        "coordinates": [
          10.3038721,
          36.7264523
        ]
      },
      "id": "node/10295305126"
    },
    {
      "type": "Feature",
      "properties": {
        "@id": "node/10295305135",
        "bus": "yes",
        "highway": "bus_stop",
        "name": "سات كار",
        "name:ar": "سات كار",
        "name:fr": "SETCAR",
        "public_transport": "stop_position"
      },
      "geometry": {
        "type": "Point",
        "coordinates": [
          10.3065266,
          36.7350793
        ]
      },
      "id": "node/10295305135"
    },
    {
      "type": "Feature",
      "properties": {
        "@id": "node/10295305125",
        "bus": "yes",
        "highway": "bus_stop",
        "name": "حي سبرولس بومهل",
        "name:ar": "حي سبرولس بومهل",
        "name:fr": "CITÉ SPROLS BOUMHEL",
        "public_transport": "stop_position"
      },
      "geometry": {
        "type": "Point",
        "coordinates": [
          10.3095307,
          36.7305565
        ]
      },
      "id": "node/10295305125"
    },
    {
      "type": "Feature",
      "properties": {
        "@id": "node/10295305134",
        "bus": "yes",
        "highway": "bus_stop",
        "name": "حي ميلاد",
        "name:ar": "حي ميلاد",
        "name:fr": "CITÉ MILED",
        "public_transport": "stop_position"
      },
      "geometry": {
        "type": "Point",
        "coordinates": [
          10.3143372,
          36.7338239
        ]
      },
      "id": "node/10295305134"
    },
    {
      "type": "Feature",
      "properties": {
        "@id": "node/10295305151",
        "bus": "yes",
        "highway": "bus_stop",
        "name": "شركة الكهرباء والغاز",
        "name:ar": "شركة الكهرباء والغاز",
        "name:fr": "STEG",
        "public_transport": "stop_position"
      },
      "geometry": {
        "type": "Point",
        "coordinates": [
          10.3053096,
          36.7392398
        ]
      },
      "id": "node/10295305151"
    },
    {
      "type": "Feature",
      "properties": {
        "@id": "node/10295305150",
        "bus": "yes",
        "highway": "bus_stop",
        "name": "شركة الجوارب",
        "name:ar": "شركة الجوارب",
        "name:fr": "SOCIÉTÉ DE CHAUSSETTES",
        "public_transport": "stop_position"
      },
      "geometry": {
        "type": "Point",
        "coordinates": [
          10.3107328,
          36.7373772
        ]
      },
      "id": "node/10295305150"
    },
    {
      "type": "Feature",
      "properties": {
        "@id": "node/10295305133",
        "bus": "yes",
        "highway": "bus_stop",
        "name": "كم 14 تقاطع ط.و1/ط.ج39",
        "name:ar": "كم 14 تقاطع ط.و1/ط.ج39",
        "name:fr": "KM 14 Croisement GP1/MC39",
        "public_transport": "stop_position"
      },
      "geometry": {
        "type": "Point",
        "coordinates": [
          10.3164086,
          36.7330621
        ]
      },
      "id": "node/10295305133"
    },
    {
      "type": "Feature",
      "properties": {
        "@id": "node/10295305170",
        "bus": "yes",
        "highway": "bus_stop",
        "name": "معهد حمام الانف",
        "name:ar": "معهد حمام الانف",
        "name:fr": "LYCÉE HAMMAM LIF",
        "public_transport": "stop_position"
      },
      "geometry": {
        "type": "Point",
        "coordinates": [
          10.3207643,
          36.7343851
        ]
      },
      "id": "node/10295305170"
    },
    {
      "type": "Feature",
      "properties": {
        "@id": "node/10295305171",
        "bus": "yes",
        "highway": "bus_stop",
        "name": "معهد الزهراء (قسم)",
        "name:ar": "معهد الزهراء (قسم)",
        "name:fr": "LYCÉE EZZAHRA (SECTION)",
        "public_transport": "stop_position"
      },
      "geometry": {
        "type": "Point",
        "coordinates": [
          10.315475,
          36.73595
        ]
      },
      "id": "node/10295305171"
    },
    {
      "type": "Feature",
      "properties": {
        "@id": "node/7830836236",
        "name": "بوقرنين",
        "name:ar": "بوقرنين",
        "name:fr": "Boukornine",
        "public_transport": "station",
        "railway": "station",
        "stop_id": "153G",
        "train": "yes"
      },
      "geometry": {
        "type": "Point",
        "coordinates": [
          10.3238925,
          36.7348633
        ]
      },
      "id": "node/7830836236"
    },
    {
      "type": "Feature",
      "properties": {
        "@id": "node/10295305169",
        "bus": "yes",
        "highway": "bus_stop",
        "name": "بوقرنين",
        "name:ar": "بوقرنين",
        "name:fr": "BOUKORNINE",
        "public_transport": "stop_position"
      },
      "geometry": {
        "type": "Point",
        "coordinates": [
          10.3275771,
          36.7318228
        ]
      },
      "id": "node/10295305169"
    },
    {
      "type": "Feature",
      "properties": {
        "@id": "node/5227817812",
        "gtfs_id": "45",
        "name": "معهد الزهراء",
        "name:ar": "معهد الزهراء",
        "name:fr": "Lycée Ezzahra",
        "operator": "الشركة الوطنية للسكك الحديدية التونسية",
        "operator:ar": "الشركة الوطنية للسكك الحديدية التونسية",
        "operator:website": "http://www.sncft.com.tn/Ar/",
        "operator:wikidata": "Q2297197",
        "operator:wikipedia": "ar:الشركة الوطنية للسكك الحديدية التونسية",
        "operator:wikipedia:ar": "الشركة الوطنية للسكك الحديدية التونسية",
        "public_transport": "station",
        "railway": "station",
        "route_ref": "19",
        "stop_id": "152F",
        "train": "yes"
      },
      "geometry": {
        "type": "Point",
        "coordinates": [
          10.3179235,
          36.7391485
        ]
      },
      "id": "node/5227817812"
    },
    {
      "type": "Feature",
      "properties": {
        "@id": "node/10295305474",
        "bus": "yes",
        "highway": "bus_stop",
        "name": "حي 18 جانفي نهاية خط 39",
        "name:ar": "حي 18 جانفي نهاية خط 39",
        "name:fr": "CITÉ 18 JANVIER TERMINUS 39",
        "public_transport": "stop_position"
      },
      "geometry": {
        "type": "Point",
        "coordinates": [
          10.2867274,
          36.7434768
        ]
      },
      "id": "node/10295305474"
    },
    {
      "type": "Feature",
      "properties": {
        "@id": "node/10295305178",
        "bus": "yes",
        "highway": "bus_stop",
        "name": "الوليجة",
        "name:ar": "الوليجة",
        "name:fr": "ELOULIJA",
        "public_transport": "stop_position"
      },
      "geometry": {
        "type": "Point",
        "coordinates": [
          10.2840594,
          36.7511538
        ]
      },
      "id": "node/10295305178"
    },
    {
      "type": "Feature",
      "properties": {
        "@id": "node/10295305175",
        "bus": "yes",
        "highway": "bus_stop",
        "name": "حي 18 جانفي",
        "name:ar": "حي 18 جانفي",
        "name:fr": "CITÉ 18 JANVIER",
        "public_transport": "stop_position"
      },
      "geometry": {
        "type": "Point",
        "coordinates": [
          10.2951546,
          36.7443842
        ]
      },
      "id": "node/10295305175"
    },
    {
      "type": "Feature",
      "properties": {
        "@id": "node/10295305475",
        "bus": "yes",
        "highway": "bus_stop",
        "name": "برج الوزير",
        "name:ar": "برج الوزير",
        "name:fr": "Borj LOUZIR (BEN AROUS)",
        "public_transport": "stop_position"
      },
      "geometry": {
        "type": "Point",
        "coordinates": [
          10.2893176,
          36.7473232
        ]
      },
      "id": "node/10295305475"
    },
    {
      "type": "Feature",
      "properties": {
        "@id": "node/10295305058",
        "bus": "yes",
        "highway": "bus_stop",
        "name": "نهاية خط 714",
        "name:ar": "نهاية خط 714",
        "name:fr": "Terminus 714",
        "public_transport": "stop_position"
      },
      "geometry": {
        "type": "Point",
        "coordinates": [
          10.2775163,
          36.7562388
        ]
      },
      "id": "node/10295305058"
    },
    {
      "type": "Feature",
      "properties": {
        "@id": "node/10295305476",
        "bus": "yes",
        "highway": "bus_stop",
        "name": "نوبو",
        "name:ar": "نوبو",
        "name:fr": "NOUBOU",
        "public_transport": "stop_position"
      },
      "geometry": {
        "type": "Point",
        "coordinates": [
          10.2774949,
          36.7571843
        ]
      },
      "id": "node/10295305476"
    },
    {
      "type": "Feature",
      "properties": {
        "@id": "node/10295304301",
        "bus": "yes",
        "highway": "bus_stop",
        "name": "شارع الجمهورية 2",
        "name:ar": "شارع الجمهورية 2",
        "name:fr": "Avenue de la RÉPUBLIQUE 2",
        "public_transport": "stop_position"
      },
      "geometry": {
        "type": "Point",
        "coordinates": [
          10.2771474,
          36.7677311
        ]
      },
      "id": "node/10295304301"
    },
    {
      "type": "Feature",
      "properties": {
        "@id": "node/10295305598",
        "bus": "yes",
        "highway": "bus_stop",
        "name": "معهد ابن خلدون",
        "name:ar": "معهد ابن خلدون",
        "name:fr": "LYCÉE IBN KHALDOUN",
        "public_transport": "stop_position"
      },
      "geometry": {
        "type": "Point",
        "coordinates": [
          10.2820976,
          36.7680571
        ]
      },
      "id": "node/10295305598"
    },
    {
      "type": "Feature",
      "properties": {
        "@id": "node/5227817793",
        "gtfs_id": "36",
        "name": "رادس مليان",
        "name:ar": "رادس مليان",
        "name:fr": "Radès Méliane",
        "operator": "الشركة الوطنية للسكك الحديدية التونسية",
        "operator:ar": "الشركة الوطنية للسكك الحديدية التونسية",
        "operator:website": "http://www.sncft.com.tn/Ar/",
        "operator:wikidata": "Q2297197",
        "operator:wikipedia": "ar:الشركة الوطنية للسكك الحديدية التونسية",
        "operator:wikipedia:ar": "الشركة الوطنية للسكك الحديدية التونسية",
        "public_transport": "station",
        "railway": "station",
        "route_ref": "19",
        "stop_id": "146Z",
        "train": "yes"
      },
      "geometry": {
        "type": "Point",
        "coordinates": [
          10.2841728,
          36.7631283
        ]
      },
      "id": "node/5227817793"
    },
    {
      "type": "Feature",
      "properties": {
        "@id": "node/10295305594",
        "bus": "yes",
        "highway": "bus_stop",
        "name": "كازينو رادس",
        "name:ar": "كازينو رادس",
        "name:fr": "CASINO RADÈS",
        "public_transport": "stop_position"
      },
      "geometry": {
        "type": "Point",
        "coordinates": [
          10.2846571,
          36.7673418
        ]
      },
      "id": "node/10295305594"
    },
    {
      "type": "Feature",
      "properties": {
        "@id": "node/9951183310",
        "name": "الزهراء",
        "name:ar": "الزهراء",
        "name:fr": "Ezzahra",
        "public_transport": "stop_position",
        "railway": "stop",
        "train": "yes"
      },
      "geometry": {
        "type": "Point",
        "coordinates": [
          10.3070321,
          36.7468786
        ]
      },
      "id": "node/9951183310"
    },
    {
      "type": "Feature",
      "properties": {
        "@id": "node/9951183311",
        "name": "الزهراء",
        "name:ar": "الزهراء",
        "name:fr": "Ezzahra",
        "public_transport": "stop_position",
        "railway": "stop",
        "train": "yes"
      },
      "geometry": {
        "type": "Point",
        "coordinates": [
          10.3070003,
          36.7468468
        ]
      },
      "id": "node/9951183311"
    },
    {
      "type": "Feature",
      "properties": {
        "@id": "node/9951183312",
        "name": "الزهراء",
        "name:ar": "الزهراء",
        "name:fr": "Ezzahra",
        "public_transport": "stop_position",
        "railway": "stop",
        "train": "yes"
      },
      "geometry": {
        "type": "Point",
        "coordinates": [
          10.3070756,
          36.7469343
        ]
      },
      "id": "node/9951183312"
    },
    {
      "type": "Feature",
      "properties": {
        "@id": "node/7830836244",
        "name": "حمام الأنف",
        "name:ar": "حمام الأنف",
        "name:fr": "Hammam Lif",
        "public_transport": "station",
        "railway": "station",
        "stop_id": "154H",
        "train": "yes"
      },
      "geometry": {
        "type": "Point",
        "coordinates": [
          10.3345507,
          36.7293809
        ]
      },
      "id": "node/7830836244"
    },
    {
      "type": "Feature",
      "properties": {
        "@id": "node/10295305166",
        "bus": "yes",
        "highway": "bus_stop",
        "name": "مركز حمام الانف",
        "name:ar": "مركز حمام الانف",
        "name:fr": "CENTRE HAMMAM LIF",
        "public_transport": "stop_position"
      },
      "geometry": {
        "type": "Point",
        "coordinates": [
          10.3348676,
          36.7277653
        ]
      },
      "id": "node/10295305166"
    },
    {
      "type": "Feature",
      "properties": {
        "@id": "node/10295305164",
        "bus": "yes",
        "highway": "bus_stop",
        "name": "المسرح",
        "name:ar": "المسرح",
        "name:fr": "LE THÉÂTRE",
        "public_transport": "stop_position"
      },
      "geometry": {
        "type": "Point",
        "coordinates": [
          10.3380908,
          36.726343
        ]
      },
      "id": "node/10295305164"
    },
    {
      "type": "Feature",
      "properties": {
        "@id": "node/10295305147",
        "bus": "yes",
        "highway": "bus_stop",
        "name": "قاعة رياضة غلالة",
        "name:ar": "قاعة رياضة غلالة",
        "name:fr": "SALLE DE SPORT GHLALA",
        "public_transport": "stop_position"
      },
      "geometry": {
        "type": "Point",
        "coordinates": [
          10.3540736,
          36.7204503
        ]
      },
      "id": "node/10295305147"
    },
    {
      "type": "Feature",
      "properties": {
        "@id": "node/10295305148",
        "bus": "yes",
        "highway": "bus_stop",
        "name": "(الشعبية (قسم",
        "name:ar": "(الشعبية (قسم",
        "name:fr": "ECHAABIA (SECTION)",
        "public_transport": "stop_position"
      },
      "geometry": {
        "type": "Point",
        "coordinates": [
          10.3487227,
          36.72308
        ]
      },
      "id": "node/10295305148"
    },
    {
      "type": "Feature",
      "properties": {
        "@id": "node/8231384562",
        "bus": "yes",
        "highway": "bus_stop",
        "name": "Arret Du Stade",
        "public_transport": "platform",
        "stop_id": "32"
      },
      "geometry": {
        "type": "Point",
        "coordinates": [
          10.3481333,
          36.7234277
        ]
      },
      "id": "node/8231384562"
    },
    {
      "type": "Feature",
      "properties": {
        "@id": "node/10295305149",
        "bus": "yes",
        "highway": "bus_stop",
        "name": "واد الطرابلسية",
        "name:ar": "واد الطرابلسية",
        "name:fr": "OUED TRABELSIA",
        "public_transport": "stop_position"
      },
      "geometry": {
        "type": "Point",
        "coordinates": [
          10.3423828,
          36.7257877
        ]
      },
      "id": "node/10295305149"
    },
    {
      "type": "Feature",
      "properties": {
        "@id": "node/10295360687",
        "bus": "yes",
        "highway": "bus_stop",
        "name": "HAMMAM LIF",
        "public_transport": "stop_position"
      },
      "geometry": {
        "type": "Point",
        "coordinates": [
          10.3452104,
          36.7246665
        ]
      },
      "id": "node/10295360687"
    },
    {
      "type": "Feature",
      "properties": {
        "@id": "node/5227817789",
        "gtfs_id": "32",
        "name": "محطة الملعب",
        "name:ar": "محطة الملعب",
        "name:fr": "Arrêt du Stade",
        "operator": "الشركة الوطنية للسكك الحديدية التونسية",
        "operator:ar": "الشركة الوطنية للسكك الحديدية التونسية",
        "operator:website": "http://www.sncft.com.tn/Ar/",
        "operator:wikidata": "Q2297197",
        "operator:wikipedia": "ar:الشركة الوطنية للسكك الحديدية التونسية",
        "operator:wikipedia:ar": "الشركة الوطنية للسكك الحديدية التونسية",
        "public_transport": "station",
        "railway": "station",
        "route_ref": "19",
        "stop_id": "155J",
        "train": "yes"
      },
      "geometry": {
        "type": "Point",
        "coordinates": [
          10.3483416,
          36.7236051
        ]
      },
      "id": "node/5227817789"
    },
    {
      "type": "Feature",
      "properties": {
        "@id": "node/10295305168",
        "bus": "yes",
        "highway": "bus_stop",
        "name": "الشالية الاخضر",
        "name:ar": "الشالية الاخضر",
        "name:fr": "CHALET VERT",
        "public_transport": "stop_position"
      },
      "geometry": {
        "type": "Point",
        "coordinates": [
          10.3297443,
          36.7303352
        ]
      },
      "id": "node/10295305168"
    },
    {
      "type": "Feature",
      "properties": {
        "@id": "node/5227817788",
        "gtfs_id": "31",
        "name": "الطاهر صفر",
        "name:ar": "الطاهر صفر",
        "name:fr": "Tahar Sfar",
        "operator": "الشركة الوطنية للسكك الحديدية التونسية",
        "operator:ar": "الشركة الوطنية للسكك الحديدية التونسية",
        "operator:website": "http://www.sncft.com.tn/Ar/",
        "operator:wikidata": "Q2297197",
        "operator:wikipedia": "ar:الشركة الوطنية للسكك الحديدية التونسية",
        "operator:wikipedia:ar": "الشركة الوطنية للسكك الحديدية التونسية",
        "public_transport": "station",
        "railway": "station",
        "route_ref": "19",
        "stop_id": "158M",
        "train": "yes"
      },
      "geometry": {
        "type": "Point",
        "coordinates": [
          10.3596067,
          36.7176523
        ]
      },
      "id": "node/5227817788"
    },
    {
      "type": "Feature",
      "properties": {
        "@id": "node/8231384563",
        "bus": "yes",
        "highway": "bus_stop",
        "name": "Tahar Sfar",
        "public_transport": "platform",
        "stop_id": "31"
      },
      "geometry": {
        "type": "Point",
        "coordinates": [
          10.3596014,
          36.7175391
        ]
      },
      "id": "node/8231384563"
    },
    {
      "type": "Feature",
      "properties": {
        "@id": "node/10295305146",
        "bus": "yes",
        "highway": "bus_stop",
        "name": "طاهر صفر",
        "name:ar": "طاهر صفر",
        "name:fr": "TAHAR SFAR",
        "public_transport": "stop_position"
      },
      "geometry": {
        "type": "Point",
        "coordinates": [
          10.3595276,
          36.7174462
        ]
      },
      "id": "node/10295305146"
    },
    {
      "type": "Feature",
      "properties": {
        "@id": "node/10295305596",
        "bus": "yes",
        "highway": "bus_stop",
        "name": "سوق رادس",
        "name:ar": "سوق رادس",
        "name:fr": "SOUK RADES",
        "public_transport": "stop_position"
      },
      "geometry": {
        "type": "Point",
        "coordinates": [
          10.2861204,
          36.7716129
        ]
      },
      "id": "node/10295305596"
    },
    {
      "type": "Feature",
      "properties": {
        "@id": "node/10295305591",
        "bus": "yes",
        "highway": "bus_stop",
        "name": "رادس الشاطئ 2",
        "name:ar": "رادس الشاطئ 2",
        "name:fr": "RADES PLAGE 2",
        "public_transport": "stop_position"
      },
      "geometry": {
        "type": "Point",
        "coordinates": [
          10.2882559,
          36.7786104
        ]
      },
      "id": "node/10295305591"
    },
    {
      "type": "Feature",
      "properties": {
        "@id": "node/10295305595",
        "bus": "yes",
        "highway": "bus_stop",
        "name": "قرية الاطفال",
        "name:ar": "قرية الاطفال",
        "name:fr": "VILLAGE D'ENFANTS",
        "public_transport": "stop_position"
      },
      "geometry": {
        "type": "Point",
        "coordinates": [
          10.2897099,
          36.7738164
        ]
      },
      "id": "node/10295305595"
    },
    {
      "type": "Feature",
      "properties": {
        "@id": "node/10295305592",
        "bus": "yes",
        "highway": "bus_stop",
        "name": "رادس الشاطئ 1",
        "name:ar": "رادس الشاطئ 1",
        "name:fr": "RADES PLAGE 1",
        "public_transport": "stop_position"
      },
      "geometry": {
        "type": "Point",
        "coordinates": [
          10.2897687,
          36.7771152
        ]
      },
      "id": "node/10295305592"
    },
    {
      "type": "Feature",
      "properties": {
        "@id": "node/10295305593",
        "bus": "yes",
        "highway": "bus_stop",
        "name": "بنكالو",
        "name:ar": "بنكالو",
        "name:fr": "LES BUNGALOWS",
        "public_transport": "stop_position"
      },
      "geometry": {
        "type": "Point",
        "coordinates": [
          10.2907557,
          36.7761355
        ]
      },
      "id": "node/10295305593"
    },
    {
      "type": "Feature",
      "properties": {
        "@id": "node/10295305590",
        "bus": "yes",
        "highway": "bus_stop",
        "name": "بحيرة رادس",
        "name:ar": "بحيرة رادس",
        "name:fr": "LAC DE RADES",
        "public_transport": "stop_position"
      },
      "geometry": {
        "type": "Point",
        "coordinates": [
          10.2828558,
          36.7861046
        ]
      },
      "id": "node/10295305590"
    },
    {
      "type": "Feature",
      "properties": {
        "@id": "node/10295305589",
        "bus": "yes",
        "highway": "bus_stop",
        "name": "لسالين",
        "name:ar": "لسالين",
        "name:fr": "LES SALINES",
        "public_transport": "stop_position"
      },
      "geometry": {
        "type": "Point",
        "coordinates": [
          10.2787823,
          36.7935098
        ]
      },
      "id": "node/10295305589"
    },
    {
      "type": "Feature",
      "properties": {
        "@id": "node/10295305587",
        "bus": "yes",
        "highway": "bus_stop",
        "name": "شركة الكهرباء والغاز رادس",
        "name:ar": "شركة الكهرباء والغاز رادس",
        "name:fr": "STEG RADES",
        "public_transport": "stop_position"
      },
      "geometry": {
        "type": "Point",
        "coordinates": [
          10.2797482,
          36.7962903
        ]
      },
      "id": "node/10295305587"
    },
    {
      "type": "Feature",
      "properties": {
        "@id": "node/10295305586",
        "bus": "yes",
        "highway": "bus_stop",
        "name": "كشباطي",
        "name:ar": "كشباطي",
        "name:fr": "KOCHBATI",
        "public_transport": "stop_position"
      },
      "geometry": {
        "type": "Point",
        "coordinates": [
          10.2829875,
          36.7999166
        ]
      },
      "id": "node/10295305586"
    },
    {
      "type": "Feature",
      "properties": {
        "@id": "node/10295305585",
        "bus": "yes",
        "highway": "bus_stop",
        "name": "غاز الشمال",
        "name:ar": "غاز الشمال",
        "name:fr": "NORD GAZ",
        "public_transport": "stop_position"
      },
      "geometry": {
        "type": "Point",
        "coordinates": [
          10.2861847,
          36.8025282
        ]
      },
      "id": "node/10295305585"
    },
    {
      "type": "Feature",
      "properties": {
        "@id": "node/10295305583",
        "bus": "yes",
        "highway": "bus_stop",
        "name": "17 نهاية خط",
        "name:ar": "17 نهاية خط",
        "name:fr": "BAC Terminus 17",
        "public_transport": "stop_position"
      },
      "geometry": {
        "type": "Point",
        "coordinates": [
          10.290368,
          36.805977
        ]
      },
      "id": "node/10295305583"
    },
    {
      "type": "Feature",
      "properties": {
        "@id": "node/5814603920",
        "light_rail": "yes",
        "name": "البطاح",
        "name:ar": "البطاح",
        "name:en": "Le Bac",
        "name:fr": "Le Bac",
        "name:zh": "渡口",
        "operator": "خط تونس-حلق الوادي-المرسى",
        "public_transport": "station",
        "railway": "station",
        "station": "light_rail"
      },
      "geometry": {
        "type": "Point",
        "coordinates": [
          10.2923749,
          36.8142253
        ]
      },
      "id": "node/5814603920"
    },
    {
      "type": "Feature",
      "properties": {
        "@id": "node/6177475000",
        "ferry": "yes",
        "name": "محطة الرحلات البحرية - حلق الوادي",
        "name:ar": "محطة الرحلات البحرية - حلق الوادي",
        "name:en": "Cruise Terminal - Ḥalq al-Wādī",
        "name:fr": "Terminal des Croisières - La Goulette",
        "public_transport": "platform"
      },
      "geometry": {
        "type": "Point",
        "coordinates": [
          10.2924953,
          36.8123524
        ]
      },
      "id": "node/6177475000"
    },
    {
      "type": "Feature",
      "properties": {
        "@id": "node/7701748630",
        "alt_name:ar": "حلق الوادي القديم",
        "name": "حلق الوادي",
        "name:ar": "حلق الوادي",
        "name:en": "La Goulette Vielle",
        "name:fr": "La Goulette Vielle",
        "name:zh": "拉古莱特",
        "railway": "station",
        "station": "light_rail",
        "wheelchair": "limited"
      },
      "geometry": {
        "type": "Point",
        "coordinates": [
          10.3019649,
          36.8180333
        ]
      },
      "id": "node/7701748630"
    },
    {
      "type": "Feature",
      "properties": {
        "@id": "node/10295305568",
        "bus": "yes",
        "highway": "bus_stop",
        "name": "م.س 33",
        "name:ar": "م.س 33",
        "name:fr": "MC 33",
        "public_transport": "stop_position"
      },
      "geometry": {
        "type": "Point",
        "coordinates": [
          10.2980069,
          36.816903
        ]
      },
      "id": "node/10295305568"
    },
    {
      "type": "Feature",
      "properties": {
        "@id": "node/10295305567",
        "bus": "yes",
        "highway": "bus_stop",
        "name": "ميناء حلق الوادي",
        "name:ar": "ميناء حلق الوادي",
        "name:fr": "PORT LA GOULETTE",
        "public_transport": "stop_position"
      },
      "geometry": {
        "type": "Point",
        "coordinates": [
          10.3027502,
          36.8134041
        ]
      },
      "id": "node/10295305567"
    },
    {
      "type": "Feature",
      "properties": {
        "@id": "node/5814603915",
        "light_rail": "yes",
        "name": "حلق الوادي الجديد",
        "name:ar": "حلق الوادي الجديد",
        "name:en": "La Goulette Neuve",
        "name:fr": "La Goulette Neuve",
        "name:zh": "新拉古莱特",
        "public_transport": "station",
        "railway": "station",
        "wheelchair": "limited"
      },
      "geometry": {
        "type": "Point",
        "coordinates": [
          10.3056364,
          36.819937
        ]
      },
      "id": "node/5814603915"
    },
    {
      "type": "Feature",
      "properties": {
        "@id": "node/10295304156",
        "bus": "yes",
        "highway": "bus_stop",
        "name": "حلق الوادي القديمة",
        "name:ar": "حلق الوادي القديمة",
        "name:fr": "LA GOULETTE VIEILLE",
        "public_transport": "stop_position"
      },
      "geometry": {
        "type": "Point",
        "coordinates": [
          10.3047887,
          36.816925
        ]
      },
      "id": "node/10295304156"
    },
    {
      "type": "Feature",
      "properties": {
        "@id": "node/10295304157",
        "bus": "yes",
        "highway": "bus_stop",
        "name": "حلق الوادي الجديدة",
        "name:ar": "حلق الوادي الجديدة",
        "name:fr": "LA GOULETTE NEUVE",
        "public_transport": "stop_position"
      },
      "geometry": {
        "type": "Point",
        "coordinates": [
          10.3066452,
          36.8195471
        ]
      },
      "id": "node/10295304157"
    },
    {
      "type": "Feature",
      "properties": {
        "@id": "node/5814603916",
        "light_rail": "yes",
        "name": "حلق الوادي الكازينو",
        "name:ar": "حلق الوادي الكازينو",
        "name:en": "La Goulette Casino",
        "name:fr": "La Goulette Casino",
        "name:zh": "拉古莱特赌城",
        "public_transport": "station",
        "railway": "station",
        "wheelchair": "limited"
      },
      "geometry": {
        "type": "Point",
        "coordinates": [
          10.3087129,
          36.8242387
        ]
      },
      "id": "node/5814603916"
    },
    {
      "type": "Feature",
      "properties": {
        "@id": "node/10295304158",
        "bus": "yes",
        "highway": "bus_stop",
        "name": "حلق الوادي كازينو",
        "name:ar": "حلق الوادي كازينو",
        "name:fr": "LA GOULETTE CASINO",
        "public_transport": "stop_position"
      },
      "geometry": {
        "type": "Point",
        "coordinates": [
          10.3100784,
          36.8244511
        ]
      },
      "id": "node/10295304158"
    },
    {
      "type": "Feature",
      "properties": {
        "@id": "node/5814603913",
        "light_rail": "yes",
        "name": "المرسى الجوية",
        "name:ar": "المرسى الجوية",
        "name:en": "L'Aéroport",
        "name:fr": "L'Aéroport",
        "name:zh": "水上航空站",
        "public_transport": "station",
        "railway": "station",
        "station": "light_rail"
      },
      "geometry": {
        "type": "Point",
        "coordinates": [
          10.3138695,
          36.8320405
        ]
      },
      "id": "node/5814603913"
    },
    {
      "type": "Feature",
      "properties": {
        "@id": "node/5814603914",
        "light_rail": "yes",
        "name": "خير الدين",
        "name:ar": "خير الدين",
        "name:en": "Khereddine",
        "name:fr": "Khereddine",
        "name:zh": "海雷丁",
        "public_transport": "station",
        "railway": "station"
      },
      "geometry": {
        "type": "Point",
        "coordinates": [
          10.311603,
          36.8289347
        ]
      },
      "id": "node/5814603914"
    },
    {
      "type": "Feature",
      "properties": {
        "@id": "node/10295304159",
        "bus": "yes",
        "highway": "bus_stop",
        "name": "خير الدين",
        "name:ar": "خير الدين",
        "name:fr": "KHEREDINNE",
        "public_transport": "stop_position"
      },
      "geometry": {
        "type": "Point",
        "coordinates": [
          10.3137048,
          36.8294321
        ]
      },
      "id": "node/10295304159"
    },
    {
      "type": "Feature",
      "properties": {
        "@id": "node/10295304161",
        "bus": "yes",
        "highway": "bus_stop",
        "name": "5 ديسمبر 1",
        "name:ar": "5 ديسمبر 1",
        "name:fr": "5 Décembre 1",
        "public_transport": "stop_position"
      },
      "geometry": {
        "type": "Point",
        "coordinates": [
          10.3068814,
          36.8388659
        ]
      },
      "id": "node/10295304161"
    },
    {
      "type": "Feature",
      "properties": {
        "@id": "node/10295304164",
        "bus": "yes",
        "highway": "bus_stop",
        "name": "معرض الكرم",
        "name:ar": "معرض الكرم",
        "name:fr": "FOIRE LE KRAM",
        "public_transport": "stop_position"
      },
      "geometry": {
        "type": "Point",
        "coordinates": [
          10.3043586,
          36.8378593
        ]
      },
      "id": "node/10295304164"
    },
    {
      "type": "Feature",
      "properties": {
        "@id": "node/10295304160",
        "bus": "yes",
        "highway": "bus_stop",
        "name": "5 ديسمبر 2",
        "name:ar": "5 ديسمبر 2",
        "name:fr": "5 Décembre 2",
        "public_transport": "stop_position"
      },
      "geometry": {
        "type": "Point",
        "coordinates": [
          10.3131361,
          36.841574
        ]
      },
      "id": "node/10295304160"
    },
    {
      "type": "Feature",
      "properties": {
        "@id": "node/10295304184",
        "bus": "yes",
        "highway": "bus_stop",
        "name": "يسمينة 2",
        "name:ar": "يسمينة 2",
        "name:fr": "YASSMINA 2",
        "public_transport": "stop_position"
      },
      "geometry": {
        "type": "Point",
        "coordinates": [
          10.3144021,
          36.8471978
        ]
      },
      "id": "node/10295304184"
    },
    {
      "type": "Feature",
      "properties": {
        "@id": "node/5814603912",
        "light_rail": "yes",
        "name": "الكرم",
        "name:ar": "الكرم",
        "name:en": "Le Kram",
        "name:fr": "Le Kram",
        "name:zh": "克拉姆",
        "public_transport": "station",
        "railway": "station",
        "station": "light_rail"
      },
      "geometry": {
        "type": "Point",
        "coordinates": [
          10.316655,
          36.8363423
        ]
      },
      "id": "node/5814603912"
    },
    {
      "type": "Feature",
      "properties": {
        "@id": "node/10295303654",
        "bus": "yes",
        "highway": "bus_stop",
        "name": "قرطاج صلامبو",
        "name:ar": "قرطاج صلامبو",
        "name:fr": "CARTHAGE SALAMBO",
        "public_transport": "stop_position"
      },
      "geometry": {
        "type": "Point",
        "coordinates": [
          10.3193584,
          36.8407136
        ]
      },
      "id": "node/10295303654"
    },
    {
      "type": "Feature",
      "properties": {
        "@id": "node/10295304162",
        "bus": "yes",
        "highway": "bus_stop",
        "name": "صلامبو",
        "name:ar": "صلامبو",
        "name:fr": "SALAMBO",
        "public_transport": "stop_position"
      },
      "geometry": {
        "type": "Point",
        "coordinates": [
          10.3173414,
          36.8389276
        ]
      },
      "id": "node/10295304162"
    },
    {
      "type": "Feature",
      "properties": {
        "@id": "node/10295304163",
        "bus": "yes",
        "highway": "bus_stop",
        "name": "الكرم",
        "name:ar": "الكرم",
        "name:fr": "LE KRAM",
        "public_transport": "stop_position"
      },
      "geometry": {
        "type": "Point",
        "coordinates": [
          10.3169122,
          36.8364203
        ]
      },
      "id": "node/10295304163"
    },
    {
      "type": "Feature",
      "properties": {
        "@id": "node/4727482461",
        "bus": "yes",
        "highway": "bus_stop",
        "name": "18C - 20C",
        "public_transport": "platform"
      },
      "geometry": {
        "type": "Point",
        "coordinates": [
          10.3157724,
          36.8474893
        ]
      },
      "id": "node/4727482461"
    },
    {
      "type": "Feature",
      "properties": {
        "@id": "node/5814603911",
        "light_rail": "yes",
        "name": "قرطاج صلامبو",
        "name:ar": "قرطاج صلامبو",
        "name:en": "Carthage Salammbô",
        "name:fr": "Carthage Salammbô",
        "name:zh": "迦太基萨朗伯",
        "public_transport": "station",
        "railway": "station",
        "station": "light_rail"
      },
      "geometry": {
        "type": "Point",
        "coordinates": [
          10.31914,
          36.8416949
        ]
      },
      "id": "node/5814603911"
    },
    {
      "type": "Feature",
      "properties": {
        "@id": "node/9162088821",
        "name": "قرطاج بيرصة",
        "name:ar": "قرطاج بيرصة",
        "name:en": "Carthage Byrsa",
        "name:fr": "Carthage Byrsa",
        "name:zh": "迦太基比尔萨",
        "public_transport": "station",
        "railway": "station",
        "station": "light_rail"
      },
      "geometry": {
        "type": "Point",
        "coordinates": [
          10.32184,
          36.8462307
        ]
      },
      "id": "node/9162088821"
    },
    {
      "type": "Feature",
      "properties": {
        "@id": "node/10295304185",
        "bus": "yes",
        "highway": "bus_stop",
        "name": "بيرصا 1",
        "name:ar": "بيرصا 1",
        "name:fr": "BYRSA 1",
        "public_transport": "stop_position"
      },
      "geometry": {
        "type": "Point",
        "coordinates": [
          10.3168805,
          36.8475498
        ]
      },
      "id": "node/10295304185"
    },
    {
      "type": "Feature",
      "properties": {
        "@id": "node/10295303653",
        "bus": "yes",
        "highway": "bus_stop",
        "name": "قرطاج بيرصا",
        "name:ar": "قرطاج بيرصا",
        "name:fr": "CARTHAGE BYRSA",
        "public_transport": "stop_position"
      },
      "geometry": {
        "type": "Point",
        "coordinates": [
          10.3233071,
          36.8459271
        ]
      },
      "id": "node/10295303653"
    },
    {
      "type": "Feature",
      "properties": {
        "@id": "node/10295304165",
        "bus": "yes",
        "highway": "bus_stop",
        "name": "عين زغوان -قسم",
        "name:ar": "عين زغوان -قسم",
        "name:fr": "AIN ZAGHOUAN (SECTION)",
        "public_transport": "stop_position"
      },
      "geometry": {
        "type": "Point",
        "coordinates": [
          10.2829345,
          36.8507178
        ]
      },
      "id": "node/10295304165"
    },
    {
      "type": "Feature",
      "properties": {
        "@id": "node/10295303689",
        "bus": "yes",
        "highway": "bus_stop",
        "name": "جامع عين زغوان",
        "name:ar": "جامع عين زغوان",
        "name:fr": "MOSQUÉE AIN ZAGHOUAN",
        "public_transport": "stop_position"
      },
      "geometry": {
        "type": "Point",
        "coordinates": [
          10.2820869,
          36.8564955
        ]
      },
      "id": "node/10295303689"
    },
    {
      "type": "Feature",
      "properties": {
        "@id": "node/10295304166",
        "bus": "yes",
        "highway": "bus_stop",
        "name": "بلدية عين زغوان",
        "name:ar": "بلدية عين زغوان",
        "name:fr": "Municipalité de Aïn Zaghouan",
        "public_transport": "stop_position"
      },
      "geometry": {
        "type": "Point",
        "coordinates": [
          10.2817972,
          36.8555512
        ]
      },
      "id": "node/10295304166"
    },
    {
      "type": "Feature",
      "properties": {
        "@id": "node/10295303688",
        "bus": "yes",
        "highway": "bus_stop",
        "name": "شتيوي",
        "name:ar": "شتيوي",
        "name:fr": "CHTIOUI",
        "public_transport": "stop_position"
      },
      "geometry": {
        "type": "Point",
        "coordinates": [
          10.2884521,
          36.8594606
        ]
      },
      "id": "node/10295303688"
    },
    {
      "type": "Feature",
      "properties": {
        "@id": "node/10295303667",
        "bus": "yes",
        "highway": "bus_stop",
        "name": "الزويدية 20أ",
        "name:ar": "الزويدية 20أ",
        "name:fr": "EZOIDIA 20A",
        "public_transport": "stop_position"
      },
      "geometry": {
        "type": "Point",
        "coordinates": [
          10.2873226,
          36.8663499
        ]
      },
      "id": "node/10295303667"
    },
    {
      "type": "Feature",
      "properties": {
        "@id": "node/10295303668",
        "bus": "yes",
        "highway": "bus_stop",
        "name": "عين زغوان",
        "name:ar": "عين زغوان",
        "name:en": "Ain Zaghouane",
        "name:fr": "Aïn Zaghouane",
        "public_transport": "stop_position"
      },
      "geometry": {
        "type": "Point",
        "coordinates": [
          10.2828701,
          36.8638607
        ]
      },
      "id": "node/10295303668"
    },
    {
      "type": "Feature",
      "properties": {
        "@id": "node/10295304190",
        "bus": "yes",
        "highway": "bus_stop",
        "name": "الزويدية",
        "name:ar": "الزويدية",
        "name:fr": "EZOIDIA",
        "public_transport": "stop_position"
      },
      "geometry": {
        "type": "Point",
        "coordinates": [
          10.2882347,
          36.867325
        ]
      },
      "id": "node/10295304190"
    },
    {
      "type": "Feature",
      "properties": {
        "@id": "node/10295304191",
        "bus": "yes",
        "highway": "bus_stop",
        "name": "نهج العراق",
        "name:ar": "نهج العراق",
        "name:fr": "RUE IRAQ",
        "public_transport": "stop_position"
      },
      "geometry": {
        "type": "Point",
        "coordinates": [
          10.286475,
          36.8681696
        ]
      },
      "id": "node/10295304191"
    },
    {
      "type": "Feature",
      "properties": {
        "@id": "node/10295304189",
        "bus": "yes",
        "highway": "bus_stop",
        "name": "منجي سليم",
        "name:ar": "منجي سليم",
        "name:fr": "Mongi Slim",
        "public_transport": "stop_position"
      },
      "geometry": {
        "type": "Point",
        "coordinates": [
          10.2901204,
          36.866126
        ]
      },
      "id": "node/10295304189"
    },
    {
      "type": "Feature",
      "properties": {
        "@id": "node/10295303687",
        "bus": "yes",
        "highway": "bus_stop",
        "name": "كارفور تونس",
        "name:ar": "كارفور تونس",
        "name:fr": "CARREFOUR TUNIS",
        "public_transport": "stop_position"
      },
      "geometry": {
        "type": "Point",
        "coordinates": [
          10.3002387,
          36.8645764
        ]
      },
      "id": "node/10295303687"
    },
    {
      "type": "Feature",
      "properties": {
        "@id": "node/10295303666",
        "bus": "yes",
        "highway": "bus_stop",
        "name": "1 البحر الازرق",
        "name:ar": "1 البحر الازرق",
        "name:fr": "BHAR LAZREG 1",
        "public_transport": "stop_position"
      },
      "geometry": {
        "type": "Point",
        "coordinates": [
          10.2935663,
          36.8711719
        ]
      },
      "id": "node/10295303666"
    },
    {
      "type": "Feature",
      "properties": {
        "@id": "node/10295304183",
        "bus": "yes",
        "highway": "bus_stop",
        "name": "يسمينة 1",
        "name:ar": "يسمينة 1",
        "name:fr": "YASSMINA 1",
        "public_transport": "stop_position"
      },
      "geometry": {
        "type": "Point",
        "coordinates": [
          10.3128782,
          36.8490591
        ]
      },
      "id": "node/10295304183"
    },
    {
      "type": "Feature",
      "properties": {
        "@id": "node/10295304187",
        "bus": "yes",
        "highway": "bus_stop",
        "name": "حي محمد علي",
        "name:ar": "حي محمد علي",
        "name:fr": "CITÉ MOHAMED ALI",
        "public_transport": "stop_position"
      },
      "geometry": {
        "type": "Point",
        "coordinates": [
          10.3140644,
          36.854685
        ]
      },
      "id": "node/10295304187"
    },
    {
      "type": "Feature",
      "properties": {
        "@id": "node/10295304186",
        "bus": "yes",
        "highway": "bus_stop",
        "name": "بيرصا 2",
        "name:ar": "بيرصا 2",
        "name:fr": "BYRSA 2",
        "public_transport": "stop_position"
      },
      "geometry": {
        "type": "Point",
        "coordinates": [
          10.3182109,
          36.8490008
        ]
      },
      "id": "node/10295304186"
    },
    {
      "type": "Feature",
      "properties": {
        "@id": "node/5814603909",
        "light_rail": "yes",
        "name": "قرطاج درمش",
        "name:ar": "قرطاج درمش",
        "name:en": "Carthage Dermech",
        "name:fr": "Carthage Dermech",
        "name:zh": "迦太基德美什",
        "public_transport": "station",
        "railway": "station"
      },
      "geometry": {
        "type": "Point",
        "coordinates": [
          10.325696,
          36.8501973
        ]
      },
      "id": "node/5814603909"
    },
    {
      "type": "Feature",
      "properties": {
        "@id": "node/10295303652",
        "bus": "yes",
        "highway": "bus_stop",
        "name": "قرطاج درمش",
        "name:ar": "قرطاج درمش",
        "name:fr": "CARTHAGE DERMECH",
        "public_transport": "stop_position"
      },
      "geometry": {
        "type": "Point",
        "coordinates": [
          10.3270179,
          36.8495019
        ]
      },
      "id": "node/10295303652"
    },
    {
      "type": "Feature",
      "properties": {
        "@id": "node/10295304182",
        "bus": "yes",
        "highway": "bus_stop",
        "name": "قرطاج حنبعل",
        "name:ar": "قرطاج حنبعل",
        "name:fr": "CARTHAGE HANNIBAL",
        "public_transport": "stop_position"
      },
      "geometry": {
        "type": "Point",
        "coordinates": [
          10.3274055,
          36.8536368
        ]
      },
      "id": "node/10295304182"
    },
    {
      "type": "Feature",
      "properties": {
        "@id": "node/10295304180",
        "bus": "yes",
        "highway": "bus_stop",
        "name": "فنيكس قرطاج",
        "name:ar": "فنيكس قرطاج",
        "name:fr": "PHENIX CARTHAGE",
        "public_transport": "stop_position"
      },
      "geometry": {
        "type": "Point",
        "coordinates": [
          10.3267832,
          36.8568904
        ]
      },
      "id": "node/10295304180"
    },
    {
      "type": "Feature",
      "properties": {
        "@id": "node/10295303686",
        "bus": "yes",
        "highway": "bus_stop",
        "name": "سيدي داود",
        "name:ar": "سيدي داود",
        "name:fr": "SIDI DAOUED (N9)",
        "public_transport": "stop_position"
      },
      "geometry": {
        "type": "Point",
        "coordinates": [
          10.3030673,
          36.8660676
        ]
      },
      "id": "node/10295303686"
    },
    {
      "type": "Feature",
      "properties": {
        "@id": "node/10295304188",
        "bus": "yes",
        "highway": "bus_stop",
        "name": "سيدي داود",
        "name:ar": "سيدي داود",
        "name:fr": "SIDI DAOUED",
        "public_transport": "stop_position"
      },
      "geometry": {
        "type": "Point",
        "coordinates": [
          10.3029853,
          36.8628939
        ]
      },
      "id": "node/10295304188"
    },
    {
      "type": "Feature",
      "properties": {
        "@id": "node/6367121540",
        "bus": "yes",
        "highway": "bus_stop",
        "operator": "Transtu",
        "public_transport": "platform"
      },
      "geometry": {
        "type": "Point",
        "coordinates": [
          10.3075185,
          36.8679835
        ]
      },
      "id": "node/6367121540"
    },
    {
      "type": "Feature",
      "properties": {
        "@id": "node/10295303678",
        "bus": "yes",
        "highway": "bus_stop",
        "name": "رولى قمرت",
        "name:ar": "رولى قمرت",
        "name:fr": "RELAIS GAMMARTH",
        "public_transport": "stop_position"
      },
      "geometry": {
        "type": "Point",
        "coordinates": [
          10.3115049,
          36.871807
        ]
      },
      "id": "node/10295303678"
    },
    {
      "type": "Feature",
      "properties": {
        "@id": "node/5814603908",
        "addr:city": "قرطاج",
        "light_rail": "yes",
        "name": "قرطاج حنبعل",
        "name:ar": "قرطاج حنبعل",
        "name:en": "Carthage Hannibal",
        "name:fr": "Carthage Hannibal",
        "name:zh": "迦太基汉尼拔",
        "operator": "شركة النقل بتونس",
        "public_transport": "station",
        "railway": "station",
        "station": "light_rail"
      },
      "geometry": {
        "type": "Point",
        "coordinates": [
          10.3289965,
          36.8535473
        ]
      },
      "id": "node/5814603908"
    },
    {
      "type": "Feature",
      "properties": {
        "@id": "node/10295303651",
        "bus": "yes",
        "highway": "bus_stop",
        "name": "قرطاج حنبعل",
        "name:ar": "قرطاج حنبعل",
        "name:fr": "CARTHAGE HANNIBAL",
        "public_transport": "stop_position"
      },
      "geometry": {
        "type": "Point",
        "coordinates": [
          10.3298512,
          36.8530083
        ]
      },
      "id": "node/10295303651"
    },
    {
      "type": "Feature",
      "properties": {
        "@id": "node/10295304181",
        "bus": "yes",
        "highway": "bus_stop",
        "name": "مسرح قرطاج",
        "name:ar": "مسرح قرطاج",
        "name:fr": "THÉÂTRE DE CARTHAGE",
        "public_transport": "stop_position"
      },
      "geometry": {
        "type": "Point",
        "coordinates": [
          10.3286925,
          36.8560645
        ]
      },
      "id": "node/10295304181"
    },
    {
      "type": "Feature",
      "properties": {
        "@id": "node/10295303650",
        "bus": "yes",
        "highway": "bus_stop",
        "name": "قرطاج الرئاسة",
        "name:ar": "قرطاج الرئاسة",
        "name:fr": "CARTHAGE PRÉSIDENT",
        "public_transport": "stop_position"
      },
      "geometry": {
        "type": "Point",
        "coordinates": [
          10.3351946,
          36.8604611
        ]
      },
      "id": "node/10295303650"
    },
    {
      "type": "Feature",
      "properties": {
        "@id": "node/5814603907",
        "light_rail": "yes",
        "name": "قرطاج الرئاسة",
        "name:ar": "قرطاج الرئاسة",
        "name:en": "Carthage Présidence",
        "name:fr": "Carthage Présidence",
        "name:zh": "迦太基总统府",
        "operator": "TGM",
        "public_transport": "station",
        "railway": "station",
        "station": "light_rail"
      },
      "geometry": {
        "type": "Point",
        "coordinates": [
          10.3350247,
          36.8616645
        ]
      },
      "id": "node/5814603907"
    },
    {
      "type": "Feature",
      "properties": {
        "@id": "node/5814603906",
        "light_rail": "yes",
        "name": "قرطاج أميلكار",
        "name:ar": "قرطاج أميلكار",
        "name:en": "Carthage Amilcar",
        "name:fr": "Carthage Amilcar",
        "name:zh": "迦太基阿米尔卡",
        "operator": "TGM",
        "public_transport": "station",
        "railway": "station",
        "station": "light_rail"
      },
      "geometry": {
        "type": "Point",
        "coordinates": [
          10.3375137,
          36.8666146
        ]
      },
      "id": "node/5814603906"
    },
    {
      "type": "Feature",
      "properties": {
        "@id": "node/10295303656",
        "bus": "yes",
        "highway": "bus_stop",
        "name": "نهاية خط 52/52ب",
        "name:ar": "نهاية خط 52/52ب",
        "name:fr": "Terminus 52/52B",
        "public_transport": "stop_position"
      },
      "geometry": {
        "type": "Point",
        "coordinates": [
          10.3352268,
          36.8608391
        ]
      },
      "id": "node/10295303656"
    },
    {
      "type": "Feature",
      "properties": {
        "@id": "node/10295303659",
        "bus": "yes",
        "highway": "bus_stop",
        "name": "منتزه سيدي بوسعيد",
        "name:ar": "منتزه سيدي بوسعيد",
        "name:fr": "PARC SIDI BOU SAID",
        "public_transport": "platform"
      },
      "geometry": {
        "type": "Point",
        "coordinates": [
          10.3351083,
          36.8731288
        ]
      },
      "id": "node/10295303659"
    },
    {
      "type": "Feature",
      "properties": {
        "@id": "node/5814603905",
        "light_rail": "yes",
        "name": "سيدي بوسعيد",
        "name:ar": "سيدي بوسعيد",
        "name:en": "Sidi Bou Saïd",
        "name:fr": "Sidi Bou Saïd",
        "name:zh": "西迪布塞义德",
        "operator": "TGM",
        "public_transport": "station",
        "railway": "station",
        "station": "light_rail",
        "wheelchair": "yes"
      },
      "geometry": {
        "type": "Point",
        "coordinates": [
          10.342087,
          36.8706146
        ]
      },
      "id": "node/5814603905"
    },
    {
      "type": "Feature",
      "properties": {
        "@id": "node/6641464485",
        "amenity": "bus_station",
        "bus": "yes",
        "public_transport": "station"
      },
      "geometry": {
        "type": "Point",
        "coordinates": [
          10.3464164,
          36.8694306
        ]
      },
      "id": "node/6641464485"
    },
    {
      "type": "Feature",
      "properties": {
        "@id": "node/10295303657",
        "bus": "yes",
        "highway": "bus_stop",
        "name": "مغازة سيدي بوسعيد",
        "name:ar": "مغازة سيدي بوسعيد",
        "name:fr": "M.G. SIDI BOU SAID",
        "public_transport": "stop_position"
      },
      "geometry": {
        "type": "Point",
        "coordinates": [
          10.3429625,
          36.8692949
        ]
      },
      "id": "node/10295303657"
    },
    {
      "type": "Feature",
      "properties": {
        "@id": "node/10295303658",
        "bus": "yes",
        "highway": "bus_stop",
        "name": "سيدي بو سعيد",
        "name:ar": "سيدي بو سعيد",
        "name:fr": "SIDI BOU SAID",
        "public_transport": "stop_position"
      },
      "geometry": {
        "type": "Point",
        "coordinates": [
          10.3430162,
          36.8705051
        ]
      },
      "id": "node/10295303658"
    },
    {
      "type": "Feature",
      "properties": {
        "@id": "node/10295303664",
        "bus": "yes",
        "highway": "bus_stop",
        "name": "نهاية خط 20أ",
        "name:ar": "نهاية خط 20أ",
        "name:fr": "Terminus 20A",
        "public_transport": "stop_position"
      },
      "geometry": {
        "type": "Point",
        "coordinates": [
          10.2871504,
          36.8806125
        ]
      },
      "id": "node/10295303664"
    },
    {
      "type": "Feature",
      "properties": {
        "@id": "node/10295303665",
        "bus": "yes",
        "highway": "bus_stop",
        "name": "مدرسة البحر الازرق",
        "name:ar": "مدرسة البحر الازرق",
        "name:fr": "E.P BHAR LAZREG",
        "public_transport": "stop_position"
      },
      "geometry": {
        "type": "Point",
        "coordinates": [
          10.2906378,
          36.8754736
        ]
      },
      "id": "node/10295303665"
    },
    {
      "type": "Feature",
      "properties": {
        "@id": "node/10295303675",
        "bus": "yes",
        "highway": "bus_stop",
        "name": "حي الخليل",
        "name:ar": "حي الخليل",
        "name:fr": "CITÉ EL KHALILLE",
        "public_transport": "stop_position"
      },
      "geometry": {
        "type": "Point",
        "coordinates": [
          10.3011415,
          36.8865322
        ]
      },
      "id": "node/10295303675"
    },
    {
      "type": "Feature",
      "properties": {
        "@id": "node/10295303663",
        "bus": "yes",
        "highway": "bus_stop",
        "name": "بن محمود",
        "name:ar": "بن محمود",
        "name:fr": "BEN MAHMOUD",
        "public_transport": "stop_position"
      },
      "geometry": {
        "type": "Point",
        "coordinates": [
          10.3010988,
          36.8872753
        ]
      },
      "id": "node/10295303663"
    },
    {
      "type": "Feature",
      "properties": {
        "@id": "node/10295303674",
        "bus": "yes",
        "highway": "bus_stop",
        "name": "حي الحبيب",
        "name:ar": "حي الحبيب",
        "name:fr": "CITÉ EL HABIB",
        "public_transport": "stop_position"
      },
      "geometry": {
        "type": "Point",
        "coordinates": [
          10.2936474,
          36.8974381
        ]
      },
      "id": "node/10295303674"
    },
    {
      "type": "Feature",
      "properties": {
        "@id": "node/10295303677",
        "bus": "yes",
        "highway": "bus_stop",
        "name": "حي طابق",
        "name:ar": "حي طابق",
        "name:fr": "CITÉ TABEK",
        "public_transport": "stop_position"
      },
      "geometry": {
        "type": "Point",
        "coordinates": [
          10.3082219,
          36.8763901
        ]
      },
      "id": "node/10295303677"
    },
    {
      "type": "Feature",
      "properties": {
        "@id": "node/10295303676",
        "bus": "yes",
        "highway": "bus_stop",
        "name": "مطبعة بن محمود",
        "name:ar": "مطبعة بن محمود",
        "name:fr": "IMPRIMERIE BEN MAHMOUD",
        "public_transport": "stop_position"
      },
      "geometry": {
        "type": "Point",
        "coordinates": [
          10.304446,
          36.8816879
        ]
      },
      "id": "node/10295303676"
    },
    {
      "type": "Feature",
      "properties": {
        "@id": "node/10295303662",
        "bus": "yes",
        "highway": "bus_stop",
        "name": "جبل الخاوي",
        "name:ar": "جبل الخاوي",
        "name:fr": "JBEL EL KHAOUI",
        "public_transport": "platform"
      },
      "geometry": {
        "type": "Point",
        "coordinates": [
          10.3112718,
          36.8841963
        ]
      },
      "id": "node/10295303662"
    },
    {
      "type": "Feature",
      "properties": {
        "@id": "node/10295303679",
        "bus": "yes",
        "highway": "bus_stop",
        "name": "نهاية خط حي الرياض",
        "name:ar": "نهاية خط حي الرياض",
        "name:fr": "TEMINUS CITÉ RIADH",
        "public_transport": "stop_position"
      },
      "geometry": {
        "type": "Point",
        "coordinates": [
          10.3142308,
          36.8857539
        ]
      },
      "id": "node/10295303679"
    },
    {
      "type": "Feature",
      "properties": {
        "@id": "node/10295303685",
        "bus": "yes",
        "highway": "bus_stop",
        "name": "ملعب رجاء حيدر",
        "name:ar": "ملعب رجاء حيدر",
        "name:fr": "STADE RAJET HAIDER",
        "public_transport": "stop_position"
      },
      "geometry": {
        "type": "Point",
        "coordinates": [
          10.3209677,
          36.87409
        ]
      },
      "id": "node/10295303685"
    },
    {
      "type": "Feature",
      "properties": {
        "@id": "node/10295303661",
        "bus": "yes",
        "highway": "bus_stop",
        "name": "مرسى المدينة",
        "name:ar": "مرسى المدينة",
        "name:fr": "MARSA VILLE",
        "public_transport": "platform"
      },
      "geometry": {
        "type": "Point",
        "coordinates": [
          10.326805,
          36.8803817
        ]
      },
      "id": "node/10295303661"
    },
    {
      "type": "Feature",
      "properties": {
        "@id": "node/10295303683",
        "bus": "yes",
        "highway": "bus_stop",
        "name": "منتزه السعادة",
        "name:ar": "منتزه السعادة",
        "name:fr": "PARC SAADA",
        "public_transport": "stop_position"
      },
      "geometry": {
        "type": "Point",
        "coordinates": [
          10.3283711,
          36.8785375
        ]
      },
      "id": "node/10295303683"
    },
    {
      "type": "Feature",
      "properties": {
        "@id": "node/10295303684",
        "bus": "yes",
        "highway": "bus_stop",
        "name": "المرسى",
        "name:ar": "المرسى",
        "name:fr": "MARSA",
        "public_transport": "stop_position"
      },
      "geometry": {
        "type": "Point",
        "coordinates": [
          10.3248576,
          36.8757921
        ]
      },
      "id": "node/10295303684"
    },
    {
      "type": "Feature",
      "properties": {
        "@id": "node/10295303681",
        "bus": "yes",
        "highway": "bus_stop",
        "name": "نصر",
        "name:ar": "نصر",
        "name:fr": "NACER",
        "public_transport": "stop_position"
      },
      "geometry": {
        "type": "Point",
        "coordinates": [
          10.3240154,
          36.8845156
        ]
      },
      "id": "node/10295303681"
    },
    {
      "type": "Feature",
      "properties": {
        "@id": "node/10295303682",
        "bus": "yes",
        "highway": "bus_stop",
        "name": "لحواش",
        "name:ar": "لحواش",
        "name:fr": "LAHWECHE",
        "public_transport": "stop_position"
      },
      "geometry": {
        "type": "Point",
        "coordinates": [
          10.3248842,
          36.8820904
        ]
      },
      "id": "node/10295303682"
    },
    {
      "type": "Feature",
      "properties": {
        "@id": "node/10295303649",
        "bus": "yes",
        "highway": "bus_stop",
        "name": "نزل الموفنبيك",
        "name:ar": "نزل الموفنبيك",
        "name:fr": "MOVENPIK HÔTEL",
        "public_transport": "stop_position"
      },
      "geometry": {
        "type": "Point",
        "coordinates": [
          10.3194235,
          36.8932252
        ]
      },
      "id": "node/10295303649"
    },
    {
      "type": "Feature",
      "properties": {
        "@id": "node/7744425885",
        "amenity": "bus_station",
        "bus": "yes",
        "name:en": "Bus station La Marsa",
        "public_transport": "station"
      },
      "geometry": {
        "type": "Point",
        "coordinates": [
          10.3233683,
          36.8880062
        ]
      },
      "id": "node/7744425885"
    },
    {
      "type": "Feature",
      "properties": {
        "@id": "node/10295303680",
        "bus": "yes",
        "highway": "bus_stop",
        "name": "سيدي عبد العزيز",
        "name:ar": "سيدي عبد العزيز",
        "name:fr": "SIDI ABD AZIZ",
        "public_transport": "stop_position"
      },
      "geometry": {
        "type": "Point",
        "coordinates": [
          10.3227065,
          36.8875448
        ]
      },
      "id": "node/10295303680"
    },
    {
      "type": "Feature",
      "properties": {
        "@id": "node/10295303673",
        "bus": "yes",
        "highway": "bus_stop",
        "name": "مركز التكوين بقمرت",
        "name:ar": "مركز التكوين بقمرت",
        "name:fr": "CENTRE DE FORMATION GAMMARTH",
        "public_transport": "stop_position"
      },
      "geometry": {
        "type": "Point",
        "coordinates": [
          10.2934383,
          36.9004737
        ]
      },
      "id": "node/10295303673"
    },
    {
      "type": "Feature",
      "properties": {
        "@id": "node/10295303670",
        "bus": "yes",
        "highway": "bus_stop",
        "name": "نهاية خط 20 ب",
        "name:ar": "نهاية خط 20 ب",
        "name:fr": "Terminus 20B",
        "public_transport": "stop_position"
      },
      "geometry": {
        "type": "Point",
        "coordinates": [
          10.301458,
          36.9057988
        ]
      },
      "id": "node/10295303670"
    },
    {
      "type": "Feature",
      "properties": {
        "@id": "node/10295303671",
        "bus": "yes",
        "highway": "bus_stop",
        "name": "مدرسة قمرت",
        "name:ar": "مدرسة قمرت",
        "name:fr": "E.P GAMMARTH",
        "public_transport": "stop_position"
      },
      "geometry": {
        "type": "Point",
        "coordinates": [
          10.2998594,
          36.9051811
        ]
      },
      "id": "node/10295303671"
    },
    {
      "type": "Feature",
      "properties": {
        "@id": "node/10295303672",
        "bus": "yes",
        "highway": "bus_stop",
        "name": "جامع قمرت",
        "name:ar": "جامع قمرت",
        "name:fr": "MOSQUÉE GAMMARTH",
        "public_transport": "stop_position"
      },
      "geometry": {
        "type": "Point",
        "coordinates": [
          10.2980299,
          36.9044853
        ]
      },
      "id": "node/10295303672"
    },
    {
      "type": "Feature",
      "properties": {
        "@id": "node/10295303647",
        "bus": "yes",
        "highway": "bus_stop",
        "name": "نزل المرادي",
        "name:ar": "نزل المرادي",
        "name:fr": "HÔTEL EL MOURADI",
        "public_transport": "stop_position"
      },
      "geometry": {
        "type": "Point",
        "coordinates": [
          10.2865067,
          36.9209881
        ]
      },
      "id": "node/10295303647"
    },
    {
      "type": "Feature",
      "properties": {
        "@id": "node/10295303646",
        "bus": "yes",
        "highway": "bus_stop",
        "name": "قرطاج طلاسو",
        "name:ar": "قرطاج طلاسو",
        "name:fr": "CARTHAGE THALASSO",
        "public_transport": "stop_position"
      },
      "geometry": {
        "type": "Point",
        "coordinates": [
          10.2963987,
          36.9185864
        ]
      },
      "id": "node/10295303646"
    },
    {
      "type": "Feature",
      "properties": {
        "@id": "node/10295303648",
        "bus": "yes",
        "highway": "bus_stop",
        "name": "البلاس",
        "name:ar": "البلاس",
        "name:fr": "PALACE",
        "public_transport": "stop_position"
      },
      "geometry": {
        "type": "Point",
        "coordinates": [
          10.3147562,
          36.9145309
        ]
      },
      "id": "node/10295303648"
    },
    {
      "type": "Feature",
      "properties": {
        "@id": "node/6371914673",
        "bench": "yes",
        "bin": "no",
        "bus": "yes",
        "highway": "bus_stop",
        "lit": "no",
        "public_transport": "platform",
        "shelter": "yes"
      },
      "geometry": {
        "type": "Point",
        "coordinates": [
          10.3285065,
          36.8783528
        ]
      },
      "id": "node/6371914673"
    },
    {
      "type": "Feature",
      "properties": {
        "@id": "node/10295303660",
        "bus": "yes",
        "highway": "bus_stop",
        "name": "قصر السعادة",
        "name:ar": "قصر السعادة",
        "name:fr": "PALAIS SAADA",
        "public_transport": "stop_position"
      },
      "geometry": {
        "type": "Point",
        "coordinates": [
          10.3290472,
          36.8771996
        ]
      },
      "id": "node/10295303660"
    },
    {
      "type": "Feature",
      "properties": {
        "@id": "node/5814603903",
        "addr:city": "سيدي الظريف",
        "light_rail": "yes",
        "name": "الكورنيش",
        "name:ar": "الكورنيش",
        "name:en": "La Corniche",
        "name:fr": "La Corniche",
        "name:zh": "海滨大道",
        "public_transport": "station",
        "railway": "station",
        "station": "light_rail",
        "wheelchair": "yes"
      },
      "geometry": {
        "type": "Point",
        "coordinates": [
          10.3393039,
          36.8797016
        ]
      },
      "id": "node/5814603903"
    },
    {
      "type": "Feature",
      "properties": {
        "@id": "node/5814603904",
        "light_rail": "yes",
        "name": "سيدي الظريف",
        "name:ar": "سيدي الظريف",
        "name:en": "Sidi Dhrif",
        "name:fr": "Sidi Dhrif",
        "name:zh": "西迪德里夫",
        "operator": "TGM",
        "public_transport": "station",
        "railway": "station",
        "station": "light_rail"
      },
      "geometry": {
        "type": "Point",
        "coordinates": [
          10.3397454,
          36.8757592
        ]
      },
      "id": "node/5814603904"
    },
    {
      "type": "Feature",
      "properties": {
        "@id": "node/5814603918",
        "light_rail": "yes",
        "name": "شاطئ المرسى",
        "name:ar": "شاطئ المرسى",
        "name:en": "La Marsa Plage",
        "name:fr": "La Marsa Plage",
        "name:zh": "马尔萨海滩",
        "public_transport": "stop_position",
        "railway": "stop"
      },
      "geometry": {
        "type": "Point",
        "coordinates": [
          10.3336792,
          36.882852
        ]
      },
      "id": "node/5814603918"
    },
    {
      "type": "Feature",
      "properties": {
        "@id": "node/5814603919",
        "addr:city": "المرسى",
        "light_rail": "yes",
        "name": "شاطئ المرسى",
        "name:ar": "شاطئ المرسى",
        "name:en": "La Marsa Plage",
        "name:fr": "La Marsa Plage",
        "name:zh": "马尔萨海滩",
        "operator": "خط تونس-حلق الوادي-المرسى",
        "public_transport": "station",
        "railway": "station",
        "station": "light_rail"
      },
      "geometry": {
        "type": "Point",
        "coordinates": [
          10.3336536,
          36.8828612
        ]
      },
      "id": "node/5814603919"
    },
    {
      "type": "Feature",
      "properties": {
        "@id": "node/10295304676",
        "bus": "yes",
        "highway": "bus_stop",
        "name": "برج يوسف 1",
        "name:ar": "برج يوسف 1",
        "name:fr": "Borj YOUSSEF 1",
        "public_transport": "stop_position"
      },
      "geometry": {
        "type": "Point",
        "coordinates": [
          10.0900831,
          36.9385697
        ]
      },
      "id": "node/10295304676"
    },
    {
      "type": "Feature",
      "properties": {
        "@id": "node/10295305556",
        "bus": "yes",
        "highway": "bus_stop",
        "name": "برج يوسف",
        "name:ar": "برج يوسف",
        "name:fr": "Borj YOUSSEF",
        "public_transport": "stop_position"
      },
      "geometry": {
        "type": "Point",
        "coordinates": [
          10.088581,
          36.9440906
        ]
      },
      "id": "node/10295305556"
    },
    {
      "type": "Feature",
      "properties": {
        "@id": "node/10295304204",
        "bus": "yes",
        "highway": "bus_stop",
        "name": "حي 26/26",
        "name:ar": "حي 26/26",
        "name:fr": "CITÉ 26/26",
        "public_transport": "stop_position"
      },
      "geometry": {
        "type": "Point",
        "coordinates": [
          10.1404195,
          36.9278899
        ]
      },
      "id": "node/10295304204"
    },
    {
      "type": "Feature",
      "properties": {
        "@id": "node/10295304205",
        "bus": "yes",
        "highway": "bus_stop",
        "name": "جامع برج الطويل",
        "name:ar": "جامع برج الطويل",
        "name:fr": "MOSQUÉE BORJE TOUILE",
        "public_transport": "stop_position"
      },
      "geometry": {
        "type": "Point",
        "coordinates": [
          10.1415052,
          36.9308188
        ]
      },
      "id": "node/10295304205"
    },
    {
      "type": "Feature",
      "properties": {
        "@id": "node/10295304206",
        "bus": "yes",
        "highway": "bus_stop",
        "name": "الجلام",
        "name:ar": "الجلام",
        "name:fr": "EJLAME",
        "public_transport": "stop_position"
      },
      "geometry": {
        "type": "Point",
        "coordinates": [
          10.1432551,
          36.9316474
        ]
      },
      "id": "node/10295304206"
    },
    {
      "type": "Feature",
      "properties": {
        "@id": "node/10295304207",
        "bus": "yes",
        "highway": "bus_stop",
        "name": "المدرسة الوطنية لسجون",
        "name:ar": "المدرسة الوطنية لسجون",
        "name:fr": "ECOLE NATIONALE des PRISONS",
        "public_transport": "stop_position"
      },
      "geometry": {
        "type": "Point",
        "coordinates": [
          10.1452518,
          36.9341653
        ]
      },
      "id": "node/10295304207"
    },
    {
      "type": "Feature",
      "properties": {
        "@id": "node/10295304208",
        "bus": "yes",
        "highway": "bus_stop",
        "name": "ملعب السايب",
        "name:ar": "ملعب السايب",
        "name:fr": "STADE ESSIEBE",
        "public_transport": "stop_position"
      },
      "geometry": {
        "type": "Point",
        "coordinates": [
          10.1582208,
          36.9386485
        ]
      },
      "id": "node/10295304208"
    },
    {
      "type": "Feature",
      "properties": {
        "@id": "node/10295304209",
        "bus": "yes",
        "highway": "bus_stop",
        "name": "حي شاكر رواد",
        "name:ar": "حي شاكر رواد",
        "name:fr": "CITÉ CHAKER RAOUED",
        "public_transport": "stop_position"
      },
      "geometry": {
        "type": "Point",
        "coordinates": [
          10.1696777,
          36.9427183
        ]
      },
      "id": "node/10295304209"
    },
    {
      "type": "Feature",
      "properties": {
        "@id": "node/10295304223",
        "bus": "yes",
        "highway": "bus_stop",
        "name": "عيشوشة",
        "name:ar": "عيشوشة",
        "name:fr": "AICHOUCHA",
        "public_transport": "stop_position"
      },
      "geometry": {
        "type": "Point",
        "coordinates": [
          10.1794572,
          36.9368221
        ]
      },
      "id": "node/10295304223"
    },
    {
      "type": "Feature",
      "properties": {
        "@id": "node/10295304210",
        "bus": "yes",
        "highway": "bus_stop",
        "name": "جامع حي شاكر رواد",
        "name:ar": "جامع حي شاكر رواد",
        "name:fr": "MOSQUÉE CITÉ CHAKER RAOUED",
        "public_transport": "stop_position"
      },
      "geometry": {
        "type": "Point",
        "coordinates": [
          10.1734852,
          36.9440904
        ]
      },
      "id": "node/10295304210"
    },
    {
      "type": "Feature",
      "properties": {
        "@id": "node/10295304211",
        "bus": "yes",
        "highway": "bus_stop",
        "name": "محطة سيدي عمر",
        "name:ar": "محطة سيدي عمر",
        "name:fr": "Arrêt SIDI AMOR",
        "public_transport": "stop_position"
      },
      "geometry": {
        "type": "Point",
        "coordinates": [
          10.176518,
          36.9421925
        ]
      },
      "id": "node/10295304211"
    },
    {
      "type": "Feature",
      "properties": {
        "@id": "node/10295304222",
        "bus": "yes",
        "highway": "bus_stop",
        "name": "سيدي عمر",
        "name:ar": "سيدي عمر",
        "name:fr": "SIDI AMOR",
        "public_transport": "stop_position"
      },
      "geometry": {
        "type": "Point",
        "coordinates": [
          10.1785977,
          36.9397952
        ]
      },
      "id": "node/10295304222"
    },
    {
      "type": "Feature",
      "properties": {
        "@id": "node/10295303643",
        "bus": "yes",
        "highway": "bus_stop",
        "name": "دار نوار",
        "name:ar": "دار نوار",
        "name:fr": "DAR NAOUAR",
        "public_transport": "stop_position"
      },
      "geometry": {
        "type": "Point",
        "coordinates": [
          10.2569707,
          36.9343093
        ]
      },
      "id": "node/10295303643"
    },
    {
      "type": "Feature",
      "properties": {
        "@id": "node/10295303644",
        "bus": "yes",
        "highway": "bus_stop",
        "name": "داراسماعيل",
        "name:ar": "داراسماعيل",
        "name:fr": "DAR ISMAIEL",
        "public_transport": "stop_position"
      },
      "geometry": {
        "type": "Point",
        "coordinates": [
          10.261294,
          36.9335614
        ]
      },
      "id": "node/10295303644"
    },
    {
      "type": "Feature",
      "properties": {
        "@id": "node/10295303642",
        "bus": "yes",
        "highway": "bus_stop",
        "name": "نزل فوبيس",
        "name:ar": "نزل فوبيس",
        "name:fr": "PHEBUS HÔTEL",
        "public_transport": "stop_position"
      },
      "geometry": {
        "type": "Point",
        "coordinates": [
          10.2505222,
          36.9399931
        ]
      },
      "id": "node/10295303642"
    }
  ]
}